claim_id,section,claim,status,finding,evidence
H1,5.1,File name may not match content; identify content by vintage labels,confirmed,current file is named 'Spring_2026' and its latest vintage is March 2026; the obr.uk download slug still reads 'historical-official-forecasts-database-march-2025',raw/obr/Historical_official_forecasts_database_Spring_2026.xlsx; obr.uk/data/ link
H2,5.1,"Layout: title row, unit row, blank row, header 'Back to contents', vintage rows, blank row, 'Outturn data*', footnote",partly,"107 of 114 series sheets follow the layout exactly; different: Scotland, HSC, Taxlit, R&D, SUME, Outputgap, CC","raw/obr/Historical_official_forecasts_database_Spring_2026.xlsx, all unsuffixed sheets"
H3,5.1,"About 33 OBR vintages, June 2010 to March 2026",confirmed,"33 regular vintage rows on the VAT sheet, June 2010 to March 2026","raw/obr/Historical_official_forecasts_database_Spring_2026.xlsx, sheet VAT, col A"
H4,5.1,PSNB from April 1970; current receipts and TME from March 1990,confirmed,"first vintage rows: {'£PSNB': 'April 1970', '£PSCR': 'March 1990', '£TME': 'March 1990'}","raw/obr/Historical_official_forecasts_database_Spring_2026.xlsx, sheets £PSNB, £PSCR, £TME"
H5,5.1,"About 30 receipts components, about 30 spending lines, about 40 economy series",confirmed,"32 receipts sheets, 28 spending sheets, 41 economy sheets (sheet order between the section header sheets)","raw/obr/Historical_official_forecasts_database_Spring_2026.xlsx, sheet order"
H6,5.1,Component sheets start in June 2010,confirmed,"all 32 receipts sheets have rows from {'June 2010'}; sheets whose first non-empty vintage is later (component introduced later): {'CCL': 'March 2011', 'Licence': 'November 2010', 'ETS': 'March 2011', 'EGL': 'November 2022', 'CBAM': 'March 2024', 'Vapes': 'March 2024', 'Scotland': 'July 2015', 'HSC': 'October 2021'}","raw/obr/Historical_official_forecasts_database_Spring_2026.xlsx, receipts sheets, first vintage row with a value"
H7,5.1,' (2)' sheets are chart-data copies starting in 2008-09,confirmed,"11 sheets; first target period: Counter({'2008-09': 10, '2008': 1})","raw/obr/Historical_official_forecasts_database_Spring_2026.xlsx, '(2)' sheets header row"
H8,5.1 / D14,"Memo rows: restated March 2019, supplementary March 2020",partly,"memo rows by label (sheet count): {'March 2019 (restated)': 16, 'March 2020 (supplementary)': 14, 'March 2024 (restated)': 1}; the plan does not mention the restated March 2024 memo","raw/obr/Historical_official_forecasts_database_Spring_2026.xlsx, col A of series sheets"
H9,5.1,Contents: forecasts reflect definitions and classifications at the time,confirmed,text found,"raw/obr/Historical_official_forecasts_database_Spring_2026.xlsx, sheet Contents"
H10,5.1,£PSCR warns that latest outturn may differ due to classification changes,confirmed,latest outturn may differ substantially from historical forecasts due to classification changes since those forecasts were produced,"raw/obr/Historical_official_forecasts_database_Spring_2026.xlsx, sheet £PSCR"
H11,5.1,(not in plan) vintage labels are consistent,discrepancy,"£PSNB: raw 'July 1996' read as July 1997; PSNB: raw 'July 1996' read as July 1997; £PSCR: raw 'July 1996' read as July 1997; PSCR: raw 'July 1996' read as July 1997; £TME: raw 'July 1996' read as July 1997; TME: raw 'July 1996' read as July 1997. Labels also carry footnote markers and typos ('December-20131', 'March -20141', 'March2026', 'November 2022**')","raw/obr/Historical_official_forecasts_database_Spring_2026.xlsx, col A"
H12,5.1,Outturn row holds only the latest outturn,confirmed,footnote reads '*as available at last forecast',"raw/obr/Historical_official_forecasts_database_Spring_2026.xlsx, footnote row under 'Outturn data*'"
F1,5.2,"Sheets: Revisions (Per cent of GDP), Revisions (£ billion), Classifications and one-offs",confirmed,"sheets: ['Contents', 'Revisions (Per cent of GDP)', 'Revisions (£ billion)', 'Classifications and one-offs']",raw/obr/Fiscal_forecast_revisions_database_March_2026.xlsx
F2,5.2,One block per vintage from November 2010,confirmed,"33 blocks, November 2010 to March 2026","raw/obr/Fiscal_forecast_revisions_database_March_2026.xlsx, sheet Revisions (£ billion), col A"
F3,5.2,"Block rows: total; Policy (receipts, spending); Classifications and one-offs; Underlying (receipts, debt interest, non-interest spending)",confirmed,"rows of first block: ['November 2010', 'of which:', 'Policy', 'of which: receipts', 'of which: spending', 'Classifications and one-offs', 'Underlying', 'of which: receipts', 'of which: debt interest', 'of which: non-interest spending', None, 'March 2011']","raw/obr/Fiscal_forecast_revisions_database_March_2026.xlsx, rows 3-12"
F4,4.2,Revisions are to PSNB; receipts upgrades appear negative,confirmed,"note 4: 'A positive number means a deterioration in PSNB, i.e. a larger deficit or higher expenditure or lower receipts'","raw/obr/Fiscal_forecast_revisions_database_March_2026.xlsx, sheet Contents, note 4"
F5,5.2,PMD notes: full decomposition covering all government decisions since March 2016,discrepancy,FRD Contents says indirect effects of Government decisions are identified explicitly since March 2015 and not estimated for earlier forecasts; PMD Notes say non-scorecard measures included since 2015. No 'March 2016' statement found; the FRD cites Annex B of the March 2016 EFO for methodology,raw/obr/Fiscal_forecast_revisions_database_March_2026.xlsx Contents; raw/obr/Policy_measures_database_March_2026.xlsx Notes
P1,5.3,"Sheets: Tax Measures, Tax Summary, Spending Measures, Spending Summary, Borrowing Summary",confirmed,"sheets: ['Notes', 'Tax Measures', 'Tax Summary', 'Spending Measures', 'Spending Summary', 'Borrowing Summary']",raw/obr/Policy_measures_database_March_2026.xlsx
P2,5.3,"Tax Measures: about 2,600 rows since 1970; columns Event, Measure description, Tax head, then 1970-71 to 2030-31",confirmed,2593 measure rows; year columns 1970-71 to 2030-31,"raw/obr/Policy_measures_database_March_2026.xlsx, sheet Tax Measures, row 3"
P3,5.3,"Values in £ million, positive = gain to the Exchequer",confirmed,0 year cells stored as text; sign check: 'Budget 1970 / Increase of allowance / Income tax' 1970-71 = -139.0 (a tax cut is negative),"raw/obr/Policy_measures_database_March_2026.xlsx, sheet Tax Measures, row 4"
P4,5.3,About 85 events,partly,85 distinct event labels in Tax and Spending Measures; 33 from 'Budget 2010 #2' onward in Tax Measures,"raw/obr/Policy_measures_database_March_2026.xlsx, col Event"
P5,5.3,"About 62 raw tax-head labels, inconsistent in case",confirmed,"62 raw labels, 57 after case-folding; case variants: ['Business Rates', 'Business rates', 'Council Tax', 'Council tax', 'Fuel Duty', 'Fuel duty', 'Income tax', 'Soft drinks Levy', 'Soft drinks levy', 'income tax']","raw/obr/Policy_measures_database_March_2026.xlsx, col Tax head"
P6,5.3,Spending Measures start June 2010,confirmed,first event: Budget 2010 #2,"raw/obr/Policy_measures_database_March_2026.xlsx, sheet Spending Measures"
P7,5.3,Only the original costing is recorded,confirmed,text found in Notes,"raw/obr/Policy_measures_database_March_2026.xlsx, sheet Notes"
P8,5.3,Costings beyond the scorecard extended with nominal GDP growth,confirmed,text found in Notes,"raw/obr/Policy_measures_database_March_2026.xlsx, sheet Notes"
P9,5.3,Only direct effects are included,confirmed,text found in Notes,"raw/obr/Policy_measures_database_March_2026.xlsx, sheet Notes"
P10,5.3,Values in £ million,confirmed,text found in Notes,"raw/obr/Policy_measures_database_March_2026.xlsx, sheet Notes"
P11,5.3,Disaggregation by tax from the June 2010 Budget,confirmed,text found in Notes,"raw/obr/Policy_measures_database_March_2026.xlsx, sheet Notes"
P12,5.3,(not in plan) how extrapolated values are marked,confirmed,the Notes 'Shading key' marks extrapolated costings by cell shading only; E2 must read cell fills to set `extrapolated`,"raw/obr/Policy_measures_database_March_2026.xlsx, sheet Notes, rows 10-14"
C1,5.7,baselines.csv columns,confirmed,"columns: ['component', 'category', 'subcategory', 'baseline_date', 'Spring_flag', 'Winter_flag', 'projected_fiscal_year', 'projected_year_number', 'value']",raw/cbo/eval-projections-682559c/input_data/baselines.csv
C2,5.7,"117 baseline dates, 1982-02 to 2026-02",confirmed,"117 dates, 1982-02-01 to 2026-02-01",baselines.csv baseline_date
C3,5.7,"Revenue: 7 categories plus total, each with about 108 vintages",confirmed,"categories ['Corporate Income Taxes', 'Customs Duties', 'Estate and Gift Taxes', 'Excise Taxes', 'Individual Income Taxes', 'Miscellaneous Receipts', 'Payroll Taxes', 'Total']; vintages per category {'Corporate Income Taxes': 108, 'Customs Duties': 108, 'Estate and Gift Taxes': 108, 'Excise Taxes': 108, 'Individual Income Taxes': 108, 'Miscellaneous Receipts': 108, 'Payroll Taxes': 108, 'Total': 111}",baselines.csv component=revenue
C4,5.7,"Outlays: discretionary (defense, nondefense), mandatory (SS, Medicare, Medicaid, other, Fannie/Freddie), net interest",confirmed,"Discretionary: ['Defense Discretionary', 'Nondefense Discretionary', 'Total Discretionary']; Mandatory: ['Fannie Freddie', 'Medicaid', 'Medicare', 'Other Mandatory', 'Social Security', 'Total Mandatory']; Net Interest: ['Net Interest']; Total: ['Total']",baselines.csv component=outlay
C5,5.7,projected_year_number runs from -1 to 11; meaning of -1 and 0 to verify,confirmed,"values -1..11; projected_fiscal_year = (fiscal year in progress at baseline_date) + projected_year_number - 1 holds for 100.0% of rows, so 1 = the fiscal year in progress, 0 = the previous fiscal year, -1 = two years back",baselines.csv
C6,5.7,About 120 change dates; about 105 per revenue category,confirmed,"120 change dates (1983-02-01 to 2026-02-01); per revenue category {'Corporate Income Taxes': 105, 'Customs Duties': 105, 'Estate and Gift Taxes': 105, 'Excise Taxes': 105, 'Individual Income Taxes': 106, 'Miscellaneous Receipts': 105, 'Payroll Taxes': 105, 'Total': 106}",baseline_changes.csv
C7,5.7,"baseline_changes carry Legislative, Economic and Technical changes by category",discrepancy,"README: 'For revenues, only the legislative changes are shown.' Economic/Technical revenue rows exist for 4 change dates (2024-02-01 to 2026-02-01) with non-zero values {'Economic': 328, 'Technical': 328}. Revenue attribution is therefore legislative-only before 2024-02-01, and full (legislative/economic/technical) only for the most recent change dates",raw/cbo/eval-projections-682559c/README.md; baseline_changes.csv component=revenue
C8,5.7,Change dates differ from baseline dates; which previous baseline each is measured against,deferred,"change dates not among baseline dates: ['2017-11-01', '2018-11-01', '2019-11-01', '2020-12-01', '2021-12-01', '2022-12-01', '2023-12-01', '2024-12-01', '2025-12-01']; baseline dates without changes: ['1982-02-01', '1982-09-01', '1983-08-01', '1987-02-01', '1988-03-01', '2023-05-01']. README: changes 'recorded ... after the last budget and economic outlook report of the year' are included. Relation tested in E3",baseline_changes.csv vs baselines.csv
C9,5.7,Some baselines have neither season flag (e.g. 2020-09),confirmed,"36 baselines with neither flag, e.g. ['2012-08-01', '2014-08-01', '2015-08-01', '2016-08-01', '2019-08-01', '2020-09-01']; these are the summer/autumn updates (see vintage_calendar.csv for the matched publications)",baselines.csv
C10,5.7,baseline_date is month-level with day 01,confirmed,all baseline dates end in '-01'; README states they indicate only year and month,baselines.csv; README
C11,5.7,actuals.csv covers 1982-2025,confirmed,"fiscal years 1982 to 2025; columns ['component', 'category', 'subcategory', 'fiscal_year', 'actual_value']",actuals.csv
C12,5.7,output_data/ holds CBO's computed errors and summary statistics,confirmed,"['debt_actuals_pct_GDP.csv', 'debt_projection_errors.csv', 'debt_projection_errors_summary_stats.csv', 'deficit_actuals_pct_GDP.csv', 'deficit_projection_errors.csv', 'deficit_projection_errors_summary_stats.csv', 'outlay_actuals_pct_GDP.csv', 'outlay_projection_errors.csv', 'outlay_projection_errors_summary_stats.csv', 'revenue_actuals_pct_GDP.csv', 'revenue_projection_errors.csv', 'revenue_projection_errors_summary_stats.csv']",raw/cbo/eval-projections-682559c/output_data
