look_closely,label,section,group_heading_above,table,n_rows,status_now,keyword_answer,jev_first,jev_p1,second_answer,second_reasoning,proposed,rule,your_answer,comment,key,claude_flag
yes,Effect from Tax-Free Childcare,(by other category),(none),"Key changes to the income tax and NICs forecast since December (March 2014, T4.8)",6,pending,modelling_other,modelling_other,0.540,policy,"The label describes the effect of Tax-Free Childcare, which is a government policy measure affecting the tax forecast. It is therefore classified as policy rather than an economic determinant or modelling change.",modelling_other,"A4: announced at Budget 2013, before this forecast; the table's own policy row is 'Budget measures'",modelling_other,,tax_drivers|(by other category)|effect from tax-free childcare,
yes,Financial corporations,(none),(none),"Key changes to Onshore Corporation Tax since March Forecast (November 2011, T4.13)",5,pending,modelling_other,by_tax_head,0.500,by_tax_head,"“Financial corporations” identifies a component of onshore corporation tax by taxpayer sector, rather than describing an economic, policy, outturn, or modelling cause of the forecast change. It is therefore best treated as a tax-related split rather than a causal factor.",by_tax_head,"A9: as 'Life insurance' (same table, same split)",by_tax_head,,tax_drivers||financial corporations,"sector split, not tax split; by_tax_head if 2.3 item 7 is widened"
yes,Financial sector profits and receipts,(none),(none),"Key changes to Onshore Corporation Tax since March Forecast (November 2011, T4.13)",5,pending,economic_determinants,economic_determinants,0.740,economic_determinants,"The row identifies changes associated with financial-sector profits, which are part of the corporation tax base and therefore an economic determinant. The word “receipts” here describes the tax forecast component rather than new actual outturn data.",calibration_to_outturn,"A3 read literally: the label mentions receipts (data beats modelling and economy, A3 before A5)",calibration_to_outturn,,tax_drivers||financial sector profits and receipts,"needs rule: bare ""receipts"" is not covered by A3; labelled calibration_to_outturn provisionally"
yes,Forecast changes to self-assessed income,(none),(none),"SA income tax: changes since October (March 2025, T4.4)",6,pending,modelling_other,underlying_unsplit,0.420,underlying_unsplit,"This row is a subtotal for the overall forecast change in self-assessed income, with separate rows below identifying specific causes such as carried interest, outturn calibration, and government decisions. It is therefore not itself a distinct causal factor and is best treated as an unsplit aggregate change.",economic_determinants,"2.3 item 2: the change in the forecast of self-assessed income (the tax base); not underlying_unsplit, because other non-policy rows sit beside it",economic_determinants,,tax_drivers||forecast changes to self-assessed income,economic_determinants unless row is a subtotal of the rows beside it
yes,Gross operating surplus,(none),Other assumptions,"Sources of change to the receipts forecast since March (November 2017, T4.8)",11,pending,modelling_other,modelling_other,0.680,economic_determinants,"Gross operating surplus is an economic measure of firms’ income and therefore affects the tax base, particularly corporation tax. Although it appears under “Other assumptions,” the label describes an economic determinant rather than a modelling-only adjustment.",modelling_other,"A9: public sector GOS is a receipts line (listed under 'Other assumptions' beside receipts items), named without a cause",modelling_other,,receipts_sources||gross operating surplus,GOS not in 2.3 item 2; economic_determinants if treated as a tax base
yes,Gross operating surplus,Underlying OBR forecast changes,Other assumptions,"Sources of change to the receipts forecast since November (March 2017, T4.8)",11,pending,modelling_other,modelling_other,0.600,economic_determinants,"Gross operating surplus is an economic measure closely related to company profits and therefore changes the tax base. Although it appears under “Other assumptions,” the label identifies an economic determinant rather than a policy change, outturn adjustment, or purely modelling change.",modelling_other,"A9: public sector GOS is a receipts line (listed under 'Other assumptions' beside receipts items), named without a cause",modelling_other,,receipts_sources|underlying obr forecast changes|gross operating surplus,GOS not in 2.3 item 2; economic_determinants if treated as a tax base
yes,Gross operating surplus,Underlying forecast changes,Other assumptions,"Sources of change to the receipts forecast since November (March 2018, T4.8)",6,pending,modelling_other,economic_determinants,0.620,modelling_other,"The row appears under the “Other assumptions” subtotal within underlying forecast changes, rather than under the economic-determinants rows. It therefore represents an assumption or modelling adjustment, not a government policy, outturn revision, or standalone economic forecast determinant.",modelling_other,"A9: public sector GOS is a receipts line (listed under 'Other assumptions' beside receipts items), named without a cause",modelling_other,,receipts_sources|underlying forecast changes|gross operating surplus,GOS not in 2.3 item 2; economic_determinants if treated as a tax base
yes,High income child benefit charge,(by other category),(none),"Key changes to income tax and NICs receipts since March (December 2012, T4.10)",5,pending,modelling_other,by_tax_head,0.680,policy,"The high income child benefit charge is a named government tax measure affecting receipts, so it is classified as a policy effect.",modelling_other,"A4: announced at Budget 2012, before this forecast; the table's own policy row is 'Autumn Statement measures'",modelling_other,,tax_drivers|(by other category)|high income child benefit charge,
yes,ICC profits and receipts,(none),(none),"Key changes to Onshore Corporation Tax since March Forecast (November 2011, T4.13)",5,pending,economic_determinants,economic_determinants,0.710,economic_determinants,"The row describes changes in industrial and commercial corporations’ profits and associated receipts, which affect the corporation tax base. It does not mention new outturn data or a policy decision, so it is an economic determinant.",calibration_to_outturn,"A3 read literally: the label mentions receipts (data beats modelling and economy, A3 before A5)",calibration_to_outturn,,tax_drivers||icc profits and receipts,"needs rule: bare ""receipts"" is not covered by A3; labelled calibration_to_outturn provisionally"
yes,Income tax repayments,(by other category),(none),"Key changes to income tax and NICs receipts since March (December 2012, T4.10)",5,pending,modelling_other,calibration_to_outturn,0.360,classification_one_offs,"Income tax repayments are a repayment item affecting receipts, distinct from the general latest receipts data. This fits the classification for one-off repayments.",modelling_other,A9: a receipts stream named without a cause,modelling_other,,tax_drivers|(by other category)|income tax repayments,
yes,Industrial and commercial corporations (ICC),(none),(none),"Key changes to Onshore Corporation Tax since March Forecast (November 2011, T4.13)",5,pending,modelling_other,by_tax_head,0.750,economic_determinants,"The row identifies industrial and commercial corporations, a sectoral component of the onshore corporation tax forecast rather than a government policy, outturn update, or accounting adjustment. It therefore represents changes in the economic tax base associated with this sector.",by_tax_head,"A9: as 'Life insurance' (same table, same split)",by_tax_head,,tax_drivers||industrial and commercial corporations (icc),"sector split, not tax split; by_tax_head if 2.3 item 7 is widened"
yes,Interest and dividend receipts,(none),(none),"Breakdown of changes to the underlying receipts forecast since March (December 2013, T4.7)",5,pending,modelling_other,economic_determinants,0.430,modelling_other,"The row is not a government policy decision or an economic forecast determinant such as interest rates or dividend income. It describes a modelling or judgement adjustment to receipts associated with interest and dividends, without identifying new outturn data, so it belongs under modelling and other changes.",calibration_to_outturn,"A3 read literally: the label mentions receipts (data beats modelling and economy, A3 before A5)",calibration_to_outturn,,receipts_sources||interest and dividend receipts,"needs rule: bare ""receipts"" is not covered by A3; labelled calibration_to_outturn provisionally"
yes,Life insurance,(none),(none),"Key changes to Onshore Corporation Tax since March Forecast (November 2011, T4.13)",5,pending,modelling_other,by_tax_head,0.690,modelling_other,"“Life insurance” is a sectoral component of the corporation tax forecast change, not an announced policy, economic determinant, or new receipts outturn. It does not represent a tax-head split or the whole underlying change, so it is best treated as a modelling or other residual change.",by_tax_head,"A9: ICC, financial corporations and life insurance sum to the change (a split by taxpayer sector); the cause rows below split it again",by_tax_head,,tax_drivers||life insurance,"sector split, not tax split; by_tax_head if 2.3 item 7 is widened"
yes,Life sector receipts,Underlying OBR forecast changes,(none),"Key changes to the onshore corporation tax forecast since March (November 2016, T4.13)",5,pending,modelling_other,modelling_other,0.560,modelling_other,"“Life sector receipts” is a component of the underlying forecast changes, but it does not identify a change in an economic determinant or new outturn data. It therefore represents a modelling or other forecast adjustment.",calibration_to_outturn,"A3 read literally: the label mentions receipts (data beats modelling and economy, A3 before A5)",calibration_to_outturn,,tax_drivers|underlying obr forecast changes|life sector receipts,"needs rule: bare ""receipts"" is not covered by A3; labelled calibration_to_outturn provisionally"
yes,Lower PAYE and NIC for given level of wages and salaries and bonuses,(none),(none),"Key changes to income tax and NICs since November forecast (March 2011, T4.9)",6,pending,economic_determinants,economic_determinants,0.450,modelling_other,"The row describes a lower tax yield for an unchanged level of wages, salaries and bonuses. This is a modelling or effective-tax-rate change rather than a change in the underlying economic determinants or new receipts outturn, so it falls under modelling_other.",modelling_other,A6: lower yield for a given tax base is an effective-rate change,modelling_other,,tax_drivers||lower paye and nic for given level of wages and salaries and bonuses,
yes,Lower PAYE/NIC receipts for given level of wages and salaries,(none),(none),"Key changes to IT and NICs since June forecast (November 2010, T4.8)",6,pending,economic_determinants,modelling_other,0.690,modelling_other,"The row describes lower PAYE/NIC receipts despite the wages and salaries base being unchanged. This is an effective-rate or modelling effect rather than a change in wages, an outturn update, or a new policy measure.",modelling_other,A6: lower yield for a given tax base is an effective-rate change,modelling_other,,tax_drivers||lower paye/nic receipts for given level of wages and salaries,
yes,Other IT receipts,(by other category),(none),"Key changes to the income tax and NICs forecast since March (July 2015, T4.8)",5,pending,modelling_other,modelling_other,0.460,calibration_to_outturn,“Other IT receipts” is listed alongside explicit outturn PAYE/NICs and outturn self-assessment receipts under the non-policy changes. It therefore represents new information from actual receipts data rather than an economic forecast change or a policy measure.,calibration_to_outturn,"A3 read literally: the label mentions receipts (data beats modelling and economy, A3 before A5)",calibration_to_outturn,,tax_drivers|(by other category)|other it receipts,"needs rule: bare ""receipts"" is not covered by A3; labelled calibration_to_outturn provisionally"
yes,Pillar 2 changes,(none),(none),"Onshore corporation tax: changes since November (March 2026, T3.6)",6,pending,modelling_other,modelling_other,0.600,policy,"“Pillar 2 changes” refers to changes in the government’s corporation tax policy framework, namely the Pillar 2 minimum-tax rules. It is therefore a policy-driven change rather than an economic determinant, outturn calibration, or generic modelling adjustment.",modelling_other,A4: Pillar 2 was legislated at earlier events; the table has no government-decisions row for it,modelling_other,,tax_drivers||pillar 2 changes,holds only if table has no government-decisions row
yes,Public sector gross operating surplus,(none),(none),"Breakdown of changes to the underlying receipts forecast since March (December 2013, T4.7)",5,pending,modelling_other,modelling_other,0.620,economic_determinants,"Public sector gross operating surplus is an economic variable affecting the tax base, rather than a policy measure, outturn adjustment, or accounting classification. It therefore represents a change in the economic determinants underlying the receipts forecast.",modelling_other,"A9: public sector GOS is a receipts line, named without a cause",modelling_other,,receipts_sources||public sector gross operating surplus,GOS not in 2.3 item 2; economic_determinants if treated as a tax base
yes,Repayments,(none),(none),"Key changes to onshore Corporation Tax revenues since November forecast (March 2012, T4.12)",6,pending,modelling_other,classification_one_offs,0.680,calibration_to_outturn,"The row concerns changes in corporation tax repayments, which are part of observed receipts and refund data rather than a government policy decision or an economic determinant. It therefore reflects calibration of the forecast to new outturn information.",modelling_other,A9: a receipts stream named without a cause,modelling_other,,tax_drivers||repayments,
yes,Revised 2010 SA forecast (IT and NIC),(none),(none),"Key changes to income tax and NICs since November forecast (March 2011, T4.9)",6,pending,modelling_other,by_tax_head,0.370,calibration_to_outturn,"The row records a revision to the 2010 self-assessment forecast, which reflects updated information about realised self-assessment liabilities or receipts rather than a new policy or economic determinant. It is therefore best classified as calibration to outturn.",modelling_other,"2.3 item 5: a revised forecast, not stated to come from outturn",modelling_other,,tax_drivers||revised 2010 sa forecast (it and nic),calibration_to_outturn if it means Jan 2011 SA receipts
yes,SA receipts,Underlying OBR forecast changes,(none),"Sources of changes to the receipts forecast since December (March 2015, T4.7)",6,pending,modelling_other,by_tax_head,0.370,modelling_other,"“SA receipts” appears under the “IT and NICs receipts and modelling” subtotal within underlying OBR forecast changes. It does not identify a government policy, economic determinant, or new outturn data, so it represents receipts modelling or judgement.",calibration_to_outturn,"A3 read literally: the label mentions receipts (data beats modelling and economy, A3 before A5)",calibration_to_outturn,,receipts_sources|underlying obr forecast changes|sa receipts,"needs rule: bare ""receipts"" is not covered by A3; labelled calibration_to_outturn provisionally"
yes,VAT receipts,Underlying OBR forecast changes,Other assumptions,"Sources of changes to the receipts forecast since March (July 2015, T4.7)",11,pending,modelling_other,by_tax_head,0.660,modelling_other,"The row is under “Other assumptions” and refers to VAT receipts without identifying new actual receipts data or an economic determinant. It therefore represents a modelling or judgement change rather than policy, outturn calibration, or a tax-head split.",calibration_to_outturn,"A3 read literally: the label mentions receipts (data beats modelling and economy, A3 before A5)",calibration_to_outturn,,receipts_sources|underlying obr forecast changes|vat receipts,"needs rule: bare ""receipts"" is not covered by A3; labelled calibration_to_outturn provisionally"
,2023-24 liabilities data,(none),(none),"Capital gains tax: changes since October (March 2025, T4.5)",6,pending,modelling_other,calibration_to_outturn,0.890,calibration_to_outturn,"The row refers to liabilities data for 2023-24, which is new information about actual tax liabilities received since the previous forecast. This is an outturn or receipts-data adjustment rather than an economic forecast change or policy decision.",calibration_to_outturn,"majority of keyword, Jev and second model; consistent with the codebook",calibration_to_outturn,,tax_drivers||2023-24 liabilities data,
,Average hours revision,(none),(none),"Sources of change to the receipts forecast since March (November 2017, T4.8)",5,pending,modelling_other,economic_determinants,1.000,economic_determinants,"“Average hours revision” is a change to the forecast for hours worked, which affects the tax base through earnings and employment-related income. It appears under the subtotal for economic determinants and is not a policy or outturn adjustment.",economic_determinants,"majority of keyword, Jev and second model; consistent with the codebook",economic_determinants,,receipts_sources||average hours revision,
,Business rates receipts and modelling,Underlying forecast changes,Other assumptions,"Sources of change to the receipts forecast since October (March 2019, T4.5)",6,pending,modelling_other,modelling_other,0.730,calibration_to_outturn,"The row is under underlying forecast changes and refers to business rates receipts together with modelling. This indicates updated information on actual receipts combined with associated modelling, rather than a policy decision or an economic determinant.",calibration_to_outturn,"A3; Teo 29 Sep 2026: '<tax> receipts and modelling' and 'other modelling and receipts' are calibration, mixed",calibration_to_outturn,,receipts_sources|underlying forecast changes|business rates receipts and modelling,
,CGT receipts and modelling,Underlying OBR forecast changes,(none),"Sources of changes to the receipts forecast since December (March 2015, T4.7)",6,pending,modelling_other,by_tax_head,0.670,calibration_to_outturn,"The row describes changes to CGT receipts alongside modelling, rather than an economic determinant or a new government policy. Because it explicitly refers to receipts together with modelling, it is best classified as calibration to outturn.",calibration_to_outturn,"A3; Teo 29 Sep 2026: '<tax> receipts and modelling' and 'other modelling and receipts' are calibration, mixed",calibration_to_outturn,,receipts_sources|underlying obr forecast changes|cgt receipts and modelling,
,Capacity markets,Underlying forecast changes,Other assumptions,"Sources of change to the receipts forecast since March 2019 (March 2020, T3.5)",5,pending,economic_determinants,modelling_other,0.760,modelling_other,"“Capacity markets” appears under “Underlying forecast changes” and the “Other assumptions” subtotal, not under the effect of government decisions or economic determinants. It is therefore an additional modelling or assumption-related factor rather than a separately identified policy, outturn, or one-off classification.",modelling_other,"majority of keyword, Jev and second model; consistent with the codebook",modelling_other,,receipts_sources|underlying forecast changes|capacity markets,
,Changes to SA income tax rates,(none),Direct effect of Government decisions,"SA income tax: changes since March (November 2025, T4.5)",5,pending,modelling_other,policy,0.970,policy,"The row sits under “Direct effect of Government decisions” and describes changes to self-assessment income tax rates. These are government decisions announced at the fiscal event, so the cause is classified as policy.",policy,"majority of keyword, Jev and second model; consistent with the codebook",policy,,tax_drivers||changes to sa income tax rates,
,Coding out measure,(none),Direct effect of Government decisions,"Non-SA income tax: changes since March (November 2025, T4.3)",10,pending,modelling_other,policy,0.540,policy,"The row sits under the subtotal “Direct effect of Government decisions” and describes a specific measure. It therefore represents the impact of a government decision announced at the fiscal event, rather than an economic, outturn, or modelling change.",policy,"majority of keyword, Jev and second model; consistent with the codebook",policy,,tax_drivers||coding out measure,
,Corporation Tax,(none),Pre-measures ETR,"Receipts forecast: changes since March 2020 and October 2021 (March 2022, T3.3)",7,pending,modelling_other,by_tax_head,0.700,modelling_other,"The row is a tax-specific component under the “Pre-measures ETR” heading, which represents modelling of effective tax rates rather than an economic determinant, outturn, or policy decision. Therefore it is classified as modelling other.",modelling_other,"majority of keyword, Jev and second model; consistent with the codebook",modelling_other,,receipts_sources||corporation tax,
,Corporation tax receipts and modelling,(none),Other assumptions,"Sources of change to the receipts forecast since March (November 2017, T4.8)",16,pending,modelling_other,by_tax_head,0.570,calibration_to_outturn,"The row is under “Other assumptions” and combines corporation tax receipts with modelling. The taxonomy explicitly treats labels mentioning receipts together with modelling as calibration to outturn, rather than as a pure modelling change.",calibration_to_outturn,"A3; Teo 29 Sep 2026: '<tax> receipts and modelling' and 'other modelling and receipts' are calibration, mixed",calibration_to_outturn,,receipts_sources||corporation tax receipts and modelling,
,Corporation tax receipts and modelling,Underlying forecast changes,Other assumptions,"Sources of change to the receipts forecast since October (March 2019, T4.5)",17,pending,modelling_other,modelling_other,0.700,calibration_to_outturn,"The row is under “Other assumptions” within underlying forecast changes, but it specifically refers to corporation tax receipts alongside modelling. Under the taxonomy, labels mentioning receipts together with modelling are classified as calibration to outturn rather than as a generic modelling residual.",calibration_to_outturn,"A3; Teo 29 Sep 2026: '<tax> receipts and modelling' and 'other modelling and receipts' are calibration, mixed",calibration_to_outturn,,receipts_sources|underlying forecast changes|corporation tax receipts and modelling,
,Council tax,(none),(none),"Breakdown of changes to the underlying receipts forecast since March (December 2013, T4.7)",5,pending,modelling_other,by_tax_head,0.780,modelling_other,"“Council tax” is listed as an individual modelling or judgement item in the breakdown, not as a government decision, economic determinant, or new receipts outturn. It is therefore best classified as a modelling-related residual cause.",modelling_other,"majority of keyword, Jev and second model; consistent with the codebook",modelling_other,,receipts_sources||council tax,
,Dividend income,(none),(none),"Breakdown of changes to the underlying receipts forecast since March (December 2013, T4.7)",5,pending,modelling_other,economic_determinants,0.850,economic_determinants,"Dividend income is an economic variable affecting the tax base and is listed alongside wages, company profits, consumer expenditure and other economic determinants. It is not a government policy measure, outturn adjustment, or modelling-only item.",economic_determinants,"majority of keyword, Jev and second model; consistent with the codebook",economic_determinants,,receipts_sources||dividend income,
,Dividend income,Underlying forecast changes,(none),"Key changes to the SA income tax forecast since March 2019 (March 2020, T3.7)",17,pending,modelling_other,economic_determinants,0.870,economic_determinants,"Dividend income is a component of the income-tax base and appears under the underlying forecast changes heading, not under policy or outturn changes. The row therefore represents an economic change affecting the tax base.",economic_determinants,"majority of keyword, Jev and second model; consistent with the codebook",economic_determinants,,tax_drivers|underlying forecast changes|dividend income,
,Dividend income,Underlying forecast changes since March 2020,(none),"SA income tax: changes since March 2020 (March 2021, T3.8)",5,pending,modelling_other,economic_determinants,0.600,economic_determinants,"Dividend income is an economic variable that affects the tax base, and the row appears under underlying forecast changes rather than government policy or outturn data. It therefore describes a change in the economic forecast affecting receipts.",economic_determinants,"majority of keyword, Jev and second model; consistent with the codebook",economic_determinants,,tax_drivers|underlying forecast changes since march 2020|dividend income,
,Dividend income,(none),(none),"Key changes to Income Tax and NICs since March Forecast (November 2011, T4.11)",5,pending,modelling_other,economic_determinants,0.530,economic_determinants,"Dividend income is an economic variable that affects the tax base for income tax and NICs. It is not a government policy decision, outturn adjustment, or modelling classification.",economic_determinants,"majority of keyword, Jev and second model; consistent with the codebook",economic_determinants,,tax_drivers||dividend income,
,Dividend income,(by economic determinant),(none),"Key changes to the SA income tax forecast since March (November 2017, T4.11)",5,pending,modelling_other,economic_determinants,0.960,economic_determinants,"The row is under the section “by economic determinant” and identifies dividend income, an economic component of the income tax base. It therefore describes a change in the economic forecast rather than a policy measure, outturn calibration, or modelling adjustment.",economic_determinants,"majority of keyword, Jev and second model; consistent with the codebook",economic_determinants,,tax_drivers|(by economic determinant)|dividend income,
,Dividend income,Underlying OBR forecast changes,(none),"Key changes to the SA income tax forecast since March (October 2018, T4.11)",5,pending,modelling_other,economic_determinants,0.610,economic_determinants,"Dividend income is a component of the income tax base, so a forecast change attributed to it reflects a change in the OBR's economic forecast rather than a policy measure or receipt outturn. It is therefore an economic determinant.",economic_determinants,"majority of keyword, Jev and second model; consistent with the codebook",economic_determinants,,tax_drivers|underlying obr forecast changes|dividend income,
,Environmental taxes and levies,(none),(none),"Changes to the receipts forecast since December (March 2014, T4.7)",6,pending,modelling_other,by_tax_head,0.830,modelling_other,"The row is not presented as an economic determinant, outturn data, a classification change, or a new government policy measure. It is a residual modelling or judgement item concerning environmental tax and levy receipts, so it belongs under modelling and other changes.",modelling_other,"majority of keyword, Jev and second model; consistent with the codebook",modelling_other,,receipts_sources||environmental taxes and levies,
,Exchange rates,Underlying OBR forecast changes,Market-derived assumptions,"Sources of change to the receipts forecast since November (March 2017, T4.8)",11,pending,modelling_other,economic_determinants,1.000,economic_determinants,"The row attributes the forecast change to exchange rates, which are a market-derived economic assumption that affects the tax base. It is therefore an economic determinant rather than a policy change or modelling adjustment.",economic_determinants,"majority of keyword, Jev and second model; consistent with the codebook",economic_determinants,,receipts_sources|underlying obr forecast changes|exchange rates,
,Exchange rates,Underlying forecast changes,Market-derived assumptions,"Sources of change to the receipts forecast since March 2019 (March 2020, T3.5)",22,pending,modelling_other,economic_determinants,1.000,economic_determinants,"The row identifies a change in exchange-rate assumptions, which affects the tax base through the OBR's economic forecast. It is therefore an economic determinant rather than a policy change, outturn calibration, or modelling residual.",economic_determinants,"majority of keyword, Jev and second model; consistent with the codebook",economic_determinants,,receipts_sources|underlying forecast changes|exchange rates,
,Excise duty receipts and modelling,Underlying OBR forecast changes,Other assumptions,"Sources of change to the receipts forecast since November (March 2017, T4.8)",6,pending,modelling_other,modelling_other,0.630,modelling_other,"The row is under “Other assumptions” and refers to excise duty receipts and modelling, without identifying a new economic determinant, policy decision, or specific outturn data. It therefore represents modelling or other judgement rather than a distinct causal category.",calibration_to_outturn,"A3; Teo 29 Sep 2026: '<tax> receipts and modelling' and 'other modelling and receipts' are calibration, mixed",calibration_to_outturn,,receipts_sources|underlying obr forecast changes|excise duty receipts and modelling,
,Excise receipts and modelling,Underlying forecast changes,Other assumptions,"Sources of change to the receipts forecast since October (March 2019, T4.5)",11,pending,modelling_other,modelling_other,0.630,modelling_other,"The row is under “Other assumptions” within underlying forecast changes and refers to receipts and modelling, without identifying a new economic determinant or government policy. This is therefore a modelling or other judgement-based change rather than calibration to outturn.",calibration_to_outturn,"A3; Teo 29 Sep 2026: '<tax> receipts and modelling' and 'other modelling and receipts' are calibration, mixed",calibration_to_outturn,,receipts_sources|underlying forecast changes|excise receipts and modelling,
,Expenditure,(none),North Sea,"Changes to the receipts forecast since December (March 2014, T4.7)",6,pending,modelling_other,economic_determinants,0.760,economic_determinants,"“Expenditure” is a component of the North Sea subtotal, alongside production and oil and gas prices. It therefore describes a change in an economic determinant affecting the tax base, rather than a policy decision, outturn data, or modelling adjustment.",economic_determinants,"majority of keyword, Jev and second model; consistent with the codebook",economic_determinants,,receipts_sources||expenditure,
,Expenditure,Underlying OBR forecast changes,(none),"Sources of changes to the receipts forecast since December (March 2015, T4.7)",6,pending,modelling_other,economic_determinants,0.800,economic_determinants,"“Expenditure” is listed as a component of the underlying OBR forecast changes, alongside economic tax-base drivers such as earnings, profits, consumption and investment. It represents a change in the economic forecast affecting the tax base, not a policy decision or outturn adjustment.",economic_determinants,"majority of keyword, Jev and second model; consistent with the codebook",economic_determinants,,receipts_sources|underlying obr forecast changes|expenditure,
,Extension of threshold freezes,(none),Direct effect of Government decisions,"Non-SA income tax: changes since March (November 2025, T4.3)",5,pending,modelling_other,policy,0.860,policy,"The row is under the subtotal “Direct effect of Government decisions” and describes an extension of threshold freezes, which is a government decision announced at the fiscal event. Therefore it is classified as a policy effect.",policy,"majority of keyword, Jev and second model; consistent with the codebook",policy,,tax_drivers||extension of threshold freezes,
,FCA fines,Underlying OBR forecast changes,Other assumptions,"Sources of changes to the receipts forecast since March (July 2015, T4.7)",5,pending,modelling_other,classification_one_offs,0.960,classification_one_offs,"“FCA fines” are a one-off receipt item rather than a change in economic determinants, policy, or routine modelling. Fines are explicitly covered as one-off items in the classification guidance.",classification_one_offs,"majority of keyword, Jev and second model; consistent with the codebook",classification_one_offs,,receipts_sources|underlying obr forecast changes|fca fines,
,Fees and fines judgements,Underlying forecast changes,Other assumptions,"Sources of change to the receipts forecast since March 2019 (March 2020, T3.5)",5,pending,modelling_other,classification_one_offs,0.960,classification_one_offs,"The row concerns fees and fines, which are one-off or exceptional receipts rather than changes to the economic tax base or government policy. The reference to judgements does not outweigh the explicit fees-and-fines classification, so this belongs under classification and one-off items.",classification_one_offs,"majority of keyword, Jev and second model; consistent with the codebook",classification_one_offs,,receipts_sources|underlying forecast changes|fees and fines judgements,
,Financial sector losses profile,(none),(none),"Key changes to the onshore corporation tax forecast since March (December 2014, T4.12)",5,pending,modelling_other,economic_determinants,0.680,modelling_other,"The row describes a change in the projected pattern of financial-sector tax losses, rather than a new government measure or a change in an economy-wide determinant. It is therefore a modelling or forecasting treatment of the corporation tax base.",modelling_other,"majority of keyword, Jev and second model; consistent with the codebook",modelling_other,,tax_drivers||financial sector losses profile,
,First time buyer's relief,Underlying forecast changes,(none),"Key changes to the property transactions taxes forecast since November (March 2018, T4.14)",6,pending,modelling_other,policy,0.330,modelling_other,"The row concerns a previously announced tax relief, not a new government decision at this fiscal event. Its inclusion under underlying forecast changes indicates a revised costing or modelling of the earlier measure, so it is classified as modelling_other.",modelling_other,"majority of keyword, Jev and second model; consistent with the codebook",modelling_other,,tax_drivers|underlying forecast changes|first time buyer's relief,
,Government element of the VAT base,(none),(none),"Key changes to VAT since June forecast (November 2010, T4.9)",6,pending,modelling_other,modelling_other,0.500,economic_determinants,"The government element of the VAT base refers to a change in the underlying VAT base, likely linked to government consumption or spending assumptions. This is an economic determinant rather than a newly announced policy measure or receipts outturn.",economic_determinants,2.3 item 2: government consumption,economic_determinants,,tax_drivers||government element of the vat base,
,Household and government consumption,(none),(none),"VAT: changes since November (March 2026, T3.5)",6,pending,economic_determinants,by_tax_head,0.510,economic_determinants,"Household and government consumption is an economic variable that affects the VAT base and therefore changes forecast receipts. It is not a policy measure, outturn calibration, or modelling residual.",economic_determinants,"majority of keyword, Jev and second model; consistent with the codebook",economic_determinants,,tax_drivers||household and government consumption,
,IT and NICs receipts and modelling,(none),Other assumptions,"Sources of change to the receipts forecast since March (November 2017, T4.8)",16,pending,modelling_other,modelling_other,0.610,calibration_to_outturn,"The row is under “Other assumptions” and refers to income tax and NICs receipts alongside modelling. The taxonomy specifically treats labels mentioning receipts together with modelling as calibration to outturn, rather than as a policy or economic-determinant change.",calibration_to_outturn,"A3; Teo 29 Sep 2026: '<tax> receipts and modelling' and 'other modelling and receipts' are calibration, mixed",calibration_to_outturn,,receipts_sources||it and nics receipts and modelling,
,IT and NICs receipts and modelling,Underlying OBR forecast changes,Other assumptions,"Sources of change to the receipts forecast since November (March 2017, T4.8)",34,pending,modelling_other,modelling_other,0.740,calibration_to_outturn,"The row is under “Other assumptions” and attributes the change to IT and NICs receipts and modelling. Because it explicitly refers to receipts alongside modelling, it is best classified as calibration to outturn rather than an economic determinant or policy change.",calibration_to_outturn,"A3; Teo 29 Sep 2026: '<tax> receipts and modelling' and 'other modelling and receipts' are calibration, mixed",calibration_to_outturn,,receipts_sources|underlying obr forecast changes|it and nics receipts and modelling,
,Impact of receipts data,(none),(none),"Key changes to corporation tax since June forecast (November 2010, T4.10)",6,pending,modelling_other,calibration_to_outturn,0.970,calibration_to_outturn,"The label explicitly attributes the change to receipts data, meaning new information on actual tax receipts since the previous forecast. This is calibration to outturn rather than an economic determinant or policy change.",calibration_to_outturn,"majority of keyword, Jev and second model; consistent with the codebook",calibration_to_outturn,,tax_drivers||impact of receipts data,
,Inclusion of carried interest receipts,(none),(none),"SA income tax: changes since October (March 2025, T4.4)",6,pending,modelling_other,classification_one_offs,0.770,classification_one_offs,"The row describes adding carried interest receipts into the forecast, which is a change in what receipts are included rather than an economic forecast movement or a new government policy. This fits a classification or accounting-treatment change.",classification_one_offs,2.3 item 4: a new item brought into the receipts measure,classification_one_offs,,tax_drivers||inclusion of carried interest receipts,
,Industrial and commercial losses assumption,(none),(none),"Key changes to onshore corporation tax receipts since March (December 2012, T4.12)",5,pending,modelling_other,economic_determinants,0.560,modelling_other,"The row describes an assumption about how industrial and commercial losses are modelled, rather than a change in the underlying economic forecast or new receipts outturn. It is therefore a modelling change or judgement.",modelling_other,"majority of keyword, Jev and second model; consistent with the codebook",modelling_other,,tax_drivers||industrial and commercial losses assumption,
,Interest and dividend receipts and modelling,Underlying OBR forecast changes,Other assumptions,"Sources of changes to the receipts forecast since March (July 2015, T4.7)",11,pending,modelling_other,modelling_other,0.630,modelling_other,"The row is under “Other assumptions” and refers to receipts and modelling rather than a specific economic determinant such as interest rates or dividend income. This describes modelling or forecaster judgement, not policy, outturn data, or a classification change.",calibration_to_outturn,"A3; Teo 29 Sep 2026: '<tax> receipts and modelling' and 'other modelling and receipts' are calibration, mixed",calibration_to_outturn,,receipts_sources|underlying obr forecast changes|interest and dividend receipts and modelling,
,Interest and dividend receipts and modelling,(none),(none),"Changes to the receipts forecast since December (March 2014, T4.7)",6,pending,modelling_other,by_tax_head,0.600,modelling_other,"The row describes receipts and modelling without identifying a new economic determinant, policy decision, or actual outturn data. It therefore represents modelling or judgement changes to the forecast.",calibration_to_outturn,"A3; Teo 29 Sep 2026: '<tax> receipts and modelling' and 'other modelling and receipts' are calibration, mixed",calibration_to_outturn,,receipts_sources||interest and dividend receipts and modelling,
,January and February CGT shortfall,Underlying forecast changes,Other assumptions,"Sources of change to the receipts forecast since November (March 2018, T4.8)",6,pending,modelling_other,calibration_to_outturn,0.920,calibration_to_outturn,"The label describes a shortfall in CGT receipts during January and February, which is new information about actual receipts since the previous forecast. This is calibration to outturn rather than an economic determinant or policy change.",calibration_to_outturn,"majority of keyword, Jev and second model; consistent with the codebook",calibration_to_outturn,,receipts_sources|underlying forecast changes|january and february cgt shortfall,
,January and February receipts SA IT surplus,Underlying forecast changes,Other assumptions,"Sources of change to the receipts forecast since October (March 2019, T4.5)",12,pending,modelling_other,calibration_to_outturn,0.880,calibration_to_outturn,"The label describes a surplus in January and February self-assessed income tax receipts, which is new information on actual receipts since the previous forecast. It is therefore a calibration to outturn rather than an economic determinant or policy change.",calibration_to_outturn,"majority of keyword, Jev and second model; consistent with the codebook",calibration_to_outturn,,receipts_sources|underlying forecast changes|january and february receipts sa it surplus,
,January and February receipts surplus,Underlying forecast changes,(none),"Key changes to the SA income tax forecast since November (March 2018, T4.10)",6,pending,modelling_other,calibration_to_outturn,0.970,calibration_to_outturn,"The label describes a surplus in actual January and February receipts relative to the previous forecast. This is new receipts outturn information, so it is a calibration to outturn rather than an economic determinant or modelling change.",calibration_to_outturn,"majority of keyword, Jev and second model; consistent with the codebook",calibration_to_outturn,,tax_drivers|underlying forecast changes|january and february receipts surplus,
,Key tax bases,Underlying forecast changes since March 2020,(none),"Sources of difference to the receipts forecast since March 2020 (March 2021, T3.3)",5,pending,modelling_other,economic_determinants,0.800,economic_determinants,"“Key tax bases” describes changes in the economic bases underlying tax receipts, such as earnings, employment, profits, and consumer spending. This is explicitly an economic-determinant cause rather than a policy change or outturn adjustment.",economic_determinants,"majority of keyword, Jev and second model; consistent with the codebook",economic_determinants,,receipts_sources|underlying forecast changes since march 2020|key tax bases,
,Latest PAYE and NIC1 receipts data,(by other category),(none),"Key changes to income tax and NICs receipts since December (March 2013, T4.10)",6,pending,modelling_other,calibration_to_outturn,0.860,calibration_to_outturn,"The row refers to the latest PAYE and NIC1 receipts data, meaning newly observed actual receipts since the previous forecast. This is calibration to outturn rather than an economic determinant or policy change.",calibration_to_outturn,"majority of keyword, Jev and second model; consistent with the codebook",calibration_to_outturn,,tax_drivers|(by other category)|latest paye and nic1 receipts data,
,Latest SA income tax receipts data,(by other category),(none),"Key changes to income tax and NICs receipts since December (March 2013, T4.10)",6,pending,modelling_other,calibration_to_outturn,0.630,calibration_to_outturn,"The label explicitly refers to the latest self-assessment income tax receipts data, which is new outturn information rather than an economic forecast change or policy decision. It therefore represents calibration to actual receipts received since the previous forecast.",calibration_to_outturn,"majority of keyword, Jev and second model; consistent with the codebook",calibration_to_outturn,,tax_drivers|(by other category)|latest sa income tax receipts data,
,Latest receipts,(none),(none),"Key changes to the VAT forecast since December (March 2015, T4.9)",22,pending,modelling_other,calibration_to_outturn,0.930,calibration_to_outturn,"The label 'Latest receipts' refers to newly available actual receipts data since the previous forecast. This is calibration of the forecast to outturn, not an economic determinant or policy change.",calibration_to_outturn,"majority of keyword, Jev and second model; consistent with the codebook",calibration_to_outturn,,tax_drivers||latest receipts,
,Latest receipts,Underlying OBR forecast changes,(none),"Key changes to the VAT forecast since March (July 2015, T4.9)",5,pending,modelling_other,calibration_to_outturn,0.900,calibration_to_outturn,"The label “Latest receipts” refers to newly available actual receipts data since the previous forecast. This is calibration of the forecast to outturn, not an economic determinant or policy change.",calibration_to_outturn,"majority of keyword, Jev and second model; consistent with the codebook",calibration_to_outturn,,tax_drivers|underlying obr forecast changes|latest receipts,
,Latest receipts data,(by other category),(none),"Key changes to the income tax and NICs forecast since December (March 2014, T4.8)",16,pending,modelling_other,calibration_to_outturn,0.990,calibration_to_outturn,"The row explicitly refers to the latest receipts data, meaning new information on actual tax receipts since the previous forecast. This is a calibration to outturn rather than an economic determinant or policy change.",calibration_to_outturn,"majority of keyword, Jev and second model; consistent with the codebook",calibration_to_outturn,,tax_drivers|(by other category)|latest receipts data,
,Latest receipts data,(none),(none),"Key changes to the onshore corporation tax forecast since December (March 2015, T4.10)",17,pending,modelling_other,calibration_to_outturn,0.990,calibration_to_outturn,"The label explicitly refers to the latest receipts data, meaning new information on actual tax receipts or outturn since the previous forecast. This is a calibration to observed receipts rather than an economic forecast change or policy measure.",calibration_to_outturn,"majority of keyword, Jev and second model; consistent with the codebook",calibration_to_outturn,,tax_drivers||latest receipts data,
,Latest receipts data,Underlying OBR forecast changes,(none),"Key changes to the onshore corporation tax forecast since November (March 2016, T4.12)",17,pending,modelling_other,calibration_to_outturn,0.950,calibration_to_outturn,"The label explicitly refers to the latest receipts data, meaning new information on actual tax receipts received since the previous forecast. This is a calibration to outturn rather than an economic determinant or modelling change.",calibration_to_outturn,"majority of keyword, Jev and second model; consistent with the codebook",calibration_to_outturn,,tax_drivers|underlying obr forecast changes|latest receipts data,
,Latest receipts data and modelling changes,(none),(none),"Key changes to the stamp duty land tax forecast since March (December 2013, T4.13)",5,pending,modelling_other,calibration_to_outturn,0.960,calibration_to_outturn,"The row explicitly cites the latest receipts data, meaning new actual outturn information since the previous forecast. Although it also mentions modelling changes, the taxonomy specifically includes labels combining receipts data with modelling under calibration to outturn.",calibration_to_outturn,"majority of keyword, Jev and second model; consistent with the codebook",calibration_to_outturn,,tax_drivers||latest receipts data and modelling changes,
,Litigation,(none),(none),"Key changes to VAT since March Forecast (November 2011, T4.12)",5,pending,modelling_other,classification_one_offs,0.980,classification_one_offs,"The row identifies litigation as a specific one-off item affecting VAT receipts. Litigation is explicitly included under classification or accounting changes and one-off items, rather than economic determinants or policy decisions.",classification_one_offs,"majority of keyword, Jev and second model; consistent with the codebook",classification_one_offs,,tax_drivers||litigation,
,Litigation cases,(none),(none),"Key changes to VAT since June forecast (November 2010, T4.9)",6,pending,modelling_other,classification_one_offs,1.000,classification_one_offs,"The label refers to litigation-related effects on VAT receipts, which are treated as one-off items rather than economic determinants or policy decisions. The taxonomy explicitly includes litigation under classification or accounting changes and one-off items.",classification_one_offs,"majority of keyword, Jev and second model; consistent with the codebook",classification_one_offs,,tax_drivers||litigation cases,
,Litigation estimates,(none),(none),"Key changes to VAT since November forecast (March 2011, T4.10)",6,pending,modelling_other,classification_one_offs,0.970,classification_one_offs,"The label refers to changes in estimates associated with litigation, which are treated as a one-off item rather than an economic determinant, policy decision, or receipts outturn. Therefore it belongs to the classification and one-offs category.",classification_one_offs,"majority of keyword, Jev and second model; consistent with the codebook",classification_one_offs,,tax_drivers||litigation estimates,
,Litigation repayment,(none),(none),"Key changes to the onshore corporation tax forecast since March (November 2017, T4.13)",5,pending,modelling_other,classification_one_offs,1.000,classification_one_offs,"The label refers to a repayment arising from litigation, which is a one-off item rather than an economic determinant, policy decision, or routine outturn change. It therefore fits the classification of one-offs.",classification_one_offs,"majority of keyword, Jev and second model; consistent with the codebook",classification_one_offs,,tax_drivers||litigation repayment,
,Lower 10-11 financial sector bonuses,(none),(none),"Key changes to income tax and NICs since November forecast (March 2011, T4.9)",6,pending,modelling_other,economic_determinants,0.800,economic_determinants,"The row describes lower financial sector bonuses in 2010-11, which changes the earnings and income tax/NIC tax base. This is an economic development rather than a government policy, outturn adjustment, or modelling change.",economic_determinants,"majority of keyword, Jev and second model; consistent with the codebook",economic_determinants,,tax_drivers||lower 10-11 financial sector bonuses,
,Lower 2016-17 PAYE and NIC1 receipts,(by other category),(none),"Key changes to the income tax and NICs forecast since March (November 2016, T4.11)",5,pending,modelling_other,modelling_other,0.630,calibration_to_outturn,"The row describes lower receipts in the current 2016-17 year, indicating that newly observed receipt data has reduced the forecast. This is calibration to recent outturn rather than an economic determinant or a policy change.",calibration_to_outturn,2.3 item 3: the codebook's own example,calibration_to_outturn,,tax_drivers|(by other category)|lower 2016-17 paye and nic1 receipts,
,Modelling updates and latest receipts data,(none),(none),"Key changes to the onshore corporation tax forecast since December (March 2014, T4.10)",11,pending,modelling_other,calibration_to_outturn,0.610,calibration_to_outturn,"The label explicitly combines modelling updates with the arrival of latest receipts data. Because receipts data is new outturn information, the taxonomy directs labels mentioning receipts together with modelling to calibration_to_outturn.",calibration_to_outturn,"majority of keyword, Jev and second model; consistent with the codebook",calibration_to_outturn,,tax_drivers||modelling updates and latest receipts data,
,Non classification GOS changes,Underlying OBR forecast changes,(none),"Sources of changes to the receipts forecast since December (March 2015, T4.7)",6,pending,classification_one_offs,classification_one_offs,0.630,modelling_other,"The row is under the underlying OBR forecast changes and explicitly excludes classification changes. It therefore represents a modelling or judgement adjustment to gross operating surplus rather than a policy decision, economic determinant, or receipts outturn change.",modelling_other,negation: GOS changes other than classification,modelling_other,,receipts_sources|underlying obr forecast changes|non classification gos changes,
,Non-SA IT and NICs receipts and modelling,Underlying forecast changes,Other assumptions,"Sources of change to the receipts forecast since October (March 2019, T4.5)",6,pending,modelling_other,modelling_other,0.890,calibration_to_outturn,"The row concerns non-self-assessment income tax and NICs receipts, together with modelling changes, under the underlying forecast changes section. Because it explicitly refers to receipts alongside modelling, it is best classified as calibration to outturn rather than a pure modelling change.",calibration_to_outturn,"A3; Teo 29 Sep 2026: '<tax> receipts and modelling' and 'other modelling and receipts' are calibration, mixed",calibration_to_outturn,,receipts_sources|underlying forecast changes|non-sa it and nics receipts and modelling,
,Non-life receipts and modelling,Underlying OBR forecast changes,(none),"Key changes to the onshore corporation tax forecast since March (November 2016, T4.13)",5,pending,modelling_other,modelling_other,0.520,calibration_to_outturn,"The label refers to non-life receipts alongside modelling, indicating that updated receipts information is being incorporated into the forecast. Under the taxonomy, receipts mentioned together with modelling are classified as calibration to outturn rather than as a general modelling change.",calibration_to_outturn,"A3; Teo 29 Sep 2026: '<tax> receipts and modelling' and 'other modelling and receipts' are calibration, mixed",calibration_to_outturn,,tax_drivers|underlying obr forecast changes|non-life receipts and modelling,
,"Non-savings, non-dividend income",(by economic determinant),(none),"Key changes to the SA income tax forecast since March (November 2017, T4.11)",5,pending,modelling_other,economic_determinants,1.000,economic_determinants,"The row appears under the “by economic determinant” section and identifies non-savings, non-dividend income, which is an income-tax base variable. It therefore represents a change in the economic forecast affecting receipts, rather than a policy, outturn, or modelling adjustment.",economic_determinants,"majority of keyword, Jev and second model; consistent with the codebook",economic_determinants,,"tax_drivers|(by economic determinant)|non-savings, non-dividend income",
,North Sea receipts and modelling,(none),(none),"Changes to the receipts forecast since December (March 2014, T4.7)",6,pending,modelling_other,economic_determinants,0.360,calibration_to_outturn,"The label explicitly refers to North Sea receipts alongside modelling. Because it mentions receipts data together with modelling, it is classified as calibration to outturn rather than as a pure economic-determinants change.",calibration_to_outturn,"A3; Teo 29 Sep 2026: '<tax> receipts and modelling' and 'other modelling and receipts' are calibration, mixed",calibration_to_outturn,,receipts_sources||north sea receipts and modelling,
,North Sea revenues modelling,(none),(none),"Breakdown of changes to the underlying receipts forecast since March (December 2013, T4.7)",5,pending,modelling_other,economic_determinants,0.480,modelling_other,"The label explicitly identifies modelling of North Sea revenues rather than a change in economic determinants such as production or oil and gas prices. It is therefore a modelling or judgement adjustment, not a policy measure or outturn calibration.",modelling_other,"majority of keyword, Jev and second model; consistent with the codebook",modelling_other,,receipts_sources||north sea revenues modelling,
,Other IT and NICs,(none),(none),"Non-SA income tax and NICs: changes since November (March 2026, T3.3)",6,pending,modelling_other,by_tax_head,0.610,by_tax_head,"“Other IT and NICs” identifies a component of income tax and NICs by tax head rather than describing why the forecast changed. It is therefore a tax-head split, not a policy, economic, outturn, or modelling cause.",by_tax_head,"majority of keyword, Jev and second model; consistent with the codebook",by_tax_head,,tax_drivers||other it and nics,"by_tax_head only if table splits by tax, else modelling_other (A8)"
,Other SA determinants,(by economic determinant),(none),"Key changes to income tax and NICs forecast since March (December 2013, T4.9)",5,pending,modelling_other,modelling_other,0.630,economic_determinants,"The row appears under the section “by economic determinant,” and “SA determinants” refers to changes in self-assessment tax-base assumptions. These are economic forecast changes affecting receipts, rather than outturn data or modelling updates.",economic_determinants,A1 + A8 under '(by economic determinant)',economic_determinants,,tax_drivers|(by economic determinant)|other sa determinants,
,Other changes (including determinants),(none),(none),"SA income tax: changes since November (March 2026, T3.4)",6,pending,modelling_other,modelling_other,0.590,economic_determinants,"The label explicitly includes changes in economic determinants, which are changes to the forecast economy that affect the tax base. Although it also says “other changes,” the named determinants component provides the best match to the economic-determinants category.",modelling_other,"A5: determinants combined with other -> modelling_other, mixed",modelling_other,,tax_drivers||other changes (including determinants),
,Other determinants,(by economic determinant),(none),"Key changes to the income tax and NICs forecast since December (March 2014, T4.8)",22,pending,modelling_other,modelling_other,0.650,economic_determinants,The row sits under the “by economic determinant” section and explicitly refers to other determinants affecting the tax base. This describes changes in the economic forecast rather than receipts outturn or modelling.,economic_determinants,A1 + A8 under '(by economic determinant)',economic_determinants,,tax_drivers|(by economic determinant)|other determinants,
,Other economic changes,(none),(none),"Key changes to income tax and NICs since November forecast (March 2011, T4.9)",6,pending,economic_determinants,modelling_other,0.480,economic_determinants,"The label explicitly attributes the change to other economic factors. This is a change in the economic forecast affecting the tax base, rather than a policy decision, outturn data, or a modelling adjustment.",economic_determinants,"majority of keyword, Jev and second model; consistent with the codebook",economic_determinants,,tax_drivers||other economic changes,
,Other expenditure,(none),(none),"Key changes to VAT since March Forecast (November 2011, T4.12)",5,pending,modelling_other,economic_determinants,0.500,economic_determinants,"“Other expenditure” describes a change in an expenditure component of the VAT tax base, rather than a government policy, outturn update, or modelling residual. It is therefore an economic determinant affecting the forecast.",economic_determinants,"majority of keyword, Jev and second model; consistent with the codebook",economic_determinants,,tax_drivers||other expenditure,
,Other income and expenditure bases,Underlying forecast changes since March 2020,(none),"Sources of difference to the receipts forecast since March 2020 (March 2021, T3.3)",5,pending,economic_determinants,modelling_other,0.610,economic_determinants,"The row is under “Key tax bases” within underlying forecast changes and refers to changes in income and expenditure bases that drive the tax base. These are economic forecast determinants rather than policy, outturn data, or modelling judgements.",economic_determinants,"majority of keyword, Jev and second model; consistent with the codebook",economic_determinants,,receipts_sources|underlying forecast changes since march 2020|other income and expenditure bases,
,Other income tax and NIC,(none),(none),"Key changes to Income Tax and NICs since March Forecast (November 2011, T4.11)",5,pending,modelling_other,by_tax_head,0.500,by_tax_head,"The label names a residual tax stream, “Other income tax and NIC,” within a table showing the change split across different Income Tax and NIC tax heads. It is therefore a tax-head component rather than a causal explanation such as an economic determinant or modelling change.",by_tax_head,"majority of keyword, Jev and second model; consistent with the codebook",by_tax_head,,tax_drivers||other income tax and nic,
,Other modelling and outturn data,Underlying forecast changes,(none),"Key changes to the onshore corporation tax forecast since March 2019 (March 2020, T3.9)",5,pending,calibration_to_outturn,modelling_other,0.830,calibration_to_outturn,"The label explicitly refers to outturn data, meaning new information on actual corporation tax receipts, while also mentioning modelling. The taxonomy directs labels combining outturn or receipts with modelling to calibration_to_outturn.",calibration_to_outturn,"majority of keyword, Jev and second model; consistent with the codebook",calibration_to_outturn,,tax_drivers|underlying forecast changes|other modelling and outturn data,
,Other spending,(none),(none),"Key changes to the VAT forecast since December (March 2015, T4.9)",34,pending,economic_determinants,modelling_other,0.850,economic_determinants,"“Other spending” describes a change in spending that affects the VAT tax base, rather than a government policy measure or new receipts outturn. It is therefore an economic change affecting the forecast base.",economic_determinants,"majority of keyword, Jev and second model; consistent with the codebook",economic_determinants,,tax_drivers||other spending,
,Other tax bases,(none),(none),"Receipts forecast: changes since March 2020 and October 2021 (March 2022, T3.3)",23,pending,modelling_other,modelling_other,0.700,economic_determinants,"“Other tax bases” describes changes in the economic bases on which taxes are levied, rather than a policy decision, outturn data, or a modelling adjustment. It belongs with other economic determinant categories such as wages, profits, spending, and property transactions.",economic_determinants,A6: 'tax base' is an economic determinant,economic_determinants,,receipts_sources||other tax bases,
,Outturn and other economic determinants,Underlying forecast changes since March 2020,(none),"VAT: changes since March 2020 (March 2021, T3.9)",5,pending,calibration_to_outturn,economic_determinants,0.490,calibration_to_outturn,"The label explicitly includes “Outturn,” indicating new information from actual VAT receipts since the previous forecast. Although it also mentions economic determinants, the taxonomy assigns combined outturn and other modelling/determinant effects to calibration to outturn when outturn is named.",calibration_to_outturn,"majority of keyword, Jev and second model; consistent with the codebook",calibration_to_outturn,,tax_drivers|underlying forecast changes since march 2020|outturn and other economic determinants,
,PAYE income tax and Class 1 NIC,(none),(none),"Key changes to Income Tax and NICs since March Forecast (November 2011, T4.11)",5,pending,modelling_other,by_tax_head,0.890,by_tax_head,"The label names a specific tax head, PAYE income tax and Class 1 NIC, rather than describing a cause of the forecast change. It is part of the table's split by tax head, alongside self-assessment income tax and other income tax/NIC categories.",by_tax_head,"majority of keyword, Jev and second model; consistent with the codebook",by_tax_head,,tax_drivers||paye income tax and class 1 nic,
,PAYE/NICs/HSC,(none),Pre-measures ETR,"Receipts forecast: changes since March 2020 and October 2021 (March 2022, T3.3)",7,pending,modelling_other,by_tax_head,0.680,modelling_other,"The row sits under the “Pre-measures ETR” group, which represents modelling changes in effective tax rates rather than economic determinants or new receipts outturn. PAYE/NICs/HSC is a tax-specific component of that modelling subtotal, so it belongs to modelling_other.",modelling_other,"majority of keyword, Jev and second model; consistent with the codebook",modelling_other,,receipts_sources||paye/nics/hsc,
,PSNB neutral receipts,By tax head,(none),"Public sector receipts: changes since November 2023 (March 2024, T4.1)",13,pending,by_tax_head,modelling_other,0.740,by_tax_head,"The row appears within the table’s “By tax head” section, which splits the receipts change into individual tax or receipt categories. Although “PSNB neutral” describes the treatment of the receipts, the row is still a component of this tax-head breakdown rather than a causal explanation such as policy or modelling.",by_tax_head,A1 before A10: under 'By tax head' (PSNB-neutral),by_tax_head,,receipts_sources|by tax head|psnb neutral receipts,"set psnb_neutral=true; A1 before A10, confirm A10 does not override section"
,PSNB-neutral receipts,By tax head,(none),"Receipts: changes since the November 2025 forecast (March 2026, T3.2)",26,pending,by_tax_head,modelling_other,0.670,by_tax_head,"The row appears under the “By tax head” section and is one component of the receipts change split by type of receipt. It is therefore not itself a causal explanation such as policy, determinants, or outturn, but a tax-head subtotal/category.",by_tax_head,A1 before A10: under 'By tax head' (PSNB-neutral),by_tax_head,,receipts_sources|by tax head|psnb-neutral receipts,"set psnb_neutral=true; A1 before A10, confirm A10 does not override section"
,Population projection changes,(none),(none),"Sources of change to the receipts forecast since March (November 2017, T4.8)",5,pending,modelling_other,economic_determinants,1.000,economic_determinants,"The row describes a revision to the population projection, which changes the forecast tax base through an economic/demographic assumption. It appears under the subtotal for the total effect of economic determinants, not under policy or outturn data.",economic_determinants,"majority of keyword, Jev and second model; consistent with the codebook",economic_determinants,,receipts_sources||population projection changes,
,Pre-measures tax base,(none),(none),"Non-SA income tax and NICs: changes since March 2023 (November 2023, T4.2)",11,pending,modelling_other,economic_determinants,0.760,economic_determinants,"The row describes a change in the pre-measures tax base, which is the underlying tax base before policy effects. Changes to the tax base are classified as economic determinants rather than policy or outturn calibration.",economic_determinants,"majority of keyword, Jev and second model; consistent with the codebook",economic_determinants,,tax_drivers||pre-measures tax base,
,Productivity revision,(none),(none),"Sources of change to the receipts forecast since March (November 2017, T4.8)",5,pending,modelling_other,economic_determinants,1.000,economic_determinants,"The row is listed under the subtotal “Total effect of economic determinants.” A revision to productivity changes the forecast tax base through the economic outlook, so it is an economic determinant rather than a policy or modelling-only change.",economic_determinants,"majority of keyword, Jev and second model; consistent with the codebook",economic_determinants,,receipts_sources||productivity revision,
,Profits,(none),(none),"Receipts forecast: changes since March 2020 and October 2021 (March 2022, T3.3)",23,pending,economic_determinants,by_tax_head,0.550,economic_determinants,"The row identifies changes in profits, which are an economic determinant affecting the tax base. It is not a policy decision, outturn adjustment, or modelling-only factor.",economic_determinants,"majority of keyword, Jev and second model; consistent with the codebook",economic_determinants,,receipts_sources||profits,
,Provision for tax litigation losses switch,Underlying OBR forecast changes,Other assumptions,"Sources of changes to the receipts forecast since March (July 2015, T4.7)",5,pending,modelling_other,classification_one_offs,0.930,classification_one_offs,"The row concerns a provision related to tax litigation losses, which is a one-off litigation-related adjustment rather than an economic determinant or government policy decision. The taxonomy explicitly places litigation items under classification and one-offs.",classification_one_offs,"majority of keyword, Jev and second model; consistent with the codebook",classification_one_offs,,receipts_sources|underlying obr forecast changes|provision for tax litigation losses switch,
,RBS dividends,Underlying forecast changes,Other assumptions,"Sources of change to the receipts forecast since March 2019 (March 2020, T3.5)",5,pending,modelling_other,classification_one_offs,0.620,classification_one_offs,"RBS dividends are a specific receipt item rather than an economic determinant, policy measure, or new receipts outturn. As a dividend-related one-off assumption, this fits the classification for one-off items.",classification_one_offs,"majority of keyword, Jev and second model; consistent with the codebook",classification_one_offs,,receipts_sources|underlying forecast changes|rbs dividends,
,RPI,(none),(none),"Key changes to fuel duties since November forecast (March 2011, T4.13)",6,pending,modelling_other,economic_determinants,0.790,economic_determinants,"RPI is an inflation measure and therefore an economic determinant affecting the forecast tax base. It is not a government policy, outturn receipt, classification change, or modelling residual.",economic_determinants,"majority of keyword, Jev and second model; consistent with the codebook",economic_determinants,,tax_drivers||rpi,
,Re-profiling motor finance compensation,(none),(none),"Onshore corporation tax: changes since November (March 2026, T3.6)",6,pending,modelling_other,classification_one_offs,0.590,classification_one_offs,"The label refers to changing the timing profile of motor finance compensation, which is a one-off compensation item rather than an economic determinant or new government policy decision. It therefore fits the classification for one-off items and compensation.",classification_one_offs,"majority of keyword, Jev and second model; consistent with the codebook",classification_one_offs,,tax_drivers||re-profiling motor finance compensation,
,Reallocation from North Sea to Onshore CT,(none),(none),"Key changes to the onshore corporation tax forecast since December (March 2014, T4.10)",6,pending,economic_determinants,classification_one_offs,0.700,classification_one_offs,"The label describes moving receipts between the North Sea and onshore corporation tax categories, rather than an economic change, policy measure, or new outturn data. This is a reallocation in the statistical/accounting treatment of receipts, so it fits classification_one_offs.",classification_one_offs,"majority of keyword, Jev and second model; consistent with the codebook",classification_one_offs,,tax_drivers||reallocation from north sea to onshore ct,
,Receipts data,(none),(none),"Key changes to corporation tax since November forecast (March 2011, T4.11)",12,pending,modelling_other,calibration_to_outturn,0.910,calibration_to_outturn,The label 'Receipts data' indicates new information on actual tax receipts since the previous forecast. This is a calibration to outturn rather than an economic forecast change or policy measure.,calibration_to_outturn,"majority of keyword, Jev and second model; consistent with the codebook",calibration_to_outturn,,tax_drivers||receipts data,
,Recostings of previous measures,(by other category),(none),"Key changes to the SA income tax forecast since March (November 2017, T4.11)",10,pending,policy,modelling_other,1.000,modelling_other,"The label refers to recostings of measures announced at earlier fiscal events, not new government decisions. The taxonomy explicitly classifies such recostings as modelling changes rather than policy.",modelling_other,"majority of keyword, Jev and second model; consistent with the codebook",modelling_other,,tax_drivers|(by other category)|recostings of previous measures,
,Recostings of previous measures,(none),(none),"Key changes to the VAT forecast since March (November 2017, T4.12)",5,pending,policy,modelling_other,1.000,modelling_other,"The label describes revised costing estimates for measures announced at earlier fiscal events, rather than a new government decision. The taxonomy explicitly classifies recostings of previous measures as modelling changes.",modelling_other,"majority of keyword, Jev and second model; consistent with the codebook",modelling_other,,tax_drivers||recostings of previous measures,
,SA determinants,(by economic determinant),(none),"Key changes to the income tax and NICs forecast since November (March 2016, T4.10)",40,pending,modelling_other,economic_determinants,0.950,economic_determinants,"“SA determinants” refers to changes in the economic determinants affecting self-assessment income tax receipts, such as relevant income or profits. It appears under the economic determinant section rather than outturn or modelling changes.",economic_determinants,"majority of keyword, Jev and second model; consistent with the codebook",economic_determinants,,tax_drivers|(by economic determinant)|sa determinants,
,SA dividend income,(by economic determinant),(none),"Key changes to income tax and NICs forecast since March (December 2013, T4.9)",5,pending,modelling_other,economic_determinants,0.950,economic_determinants,"The row is under the “by economic determinant” section and identifies SA dividend income as a change in the tax-base forecast. This is an economic determinant rather than a policy measure, outturn adjustment, or modelling change.",economic_determinants,"majority of keyword, Jev and second model; consistent with the codebook",economic_determinants,,tax_drivers|(by economic determinant)|sa dividend income,
,SA savings income,(by economic determinant),(none),"Key changes to income tax and NICs forecast since March (December 2013, T4.9)",5,pending,modelling_other,economic_determinants,0.970,economic_determinants,"The row is under the “by economic determinant” section and describes self-assessment savings income, which is a component of the tax base affected by economic conditions. It is therefore an economic forecast determinant rather than a policy change, outturn adjustment, or modelling update.",economic_determinants,"majority of keyword, Jev and second model; consistent with the codebook",economic_determinants,,tax_drivers|(by economic determinant)|sa savings income,
,Salary sacrifice on pension contributions,(none),Direct effect of Government decisions,"NICs: changes since March (November 2025, T4.4)",5,pending,modelling_other,policy,0.780,policy,"The row sits under “Direct effect of Government decisions” and describes a specific government measure affecting NICs through salary sacrifice pension contributions. This is therefore the direct effect of a policy decision, not an economic forecast change or outturn calibration.",policy,"majority of keyword, Jev and second model; consistent with the codebook",policy,,tax_drivers||salary sacrifice on pension contributions,
,Savings income,(by economic determinant),(none),"Key changes to the SA income tax forecast since March (November 2017, T4.11)",10,pending,modelling_other,economic_determinants,0.980,economic_determinants,"The row appears under the section “by economic determinant,” and savings income is an economic base affecting the income tax forecast. It therefore describes a change in an economic determinant rather than a policy, outturn, or modelling adjustment.",economic_determinants,2.3 item 2: an income component of the tax base (same answer in all four tables),economic_determinants,,tax_drivers|(by economic determinant)|savings income,
,Savings income,Underlying forecast changes,(none),"Key changes to the SA income tax forecast since March 2019 (March 2020, T3.7)",17,pending,modelling_other,economic_determinants,0.610,economic_determinants,"“Savings income” is a component of the income-tax base, so a change in its forecast reflects an economic determinant rather than a policy measure or a modelling-only adjustment. It appears under underlying forecast changes alongside other economic income components.",economic_determinants,2.3 item 2: an income component of the tax base (same answer in all four tables),economic_determinants,,tax_drivers|underlying forecast changes|savings income,
,Savings income,Underlying forecast changes since March 2020,(none),"SA income tax: changes since March 2020 (March 2021, T3.8)",5,pending,modelling_other,economic_determinants,0.490,by_tax_head,"“Savings income” is a component of the SA income tax forecast, listed alongside self-employment and dividend income in a breakdown of the total change. It identifies a tax/income head rather than explaining the causal driver of the forecast change.",economic_determinants,2.3 item 2: an income component of the tax base (same answer in all four tables),economic_determinants,,tax_drivers|underlying forecast changes since march 2020|savings income,
,Savings income,Underlying OBR forecast changes,(none),"Key changes to the SA income tax forecast since March (October 2018, T4.11)",5,pending,modelling_other,by_tax_head,0.510,economic_determinants,"“Savings income” is a component of the income tax base and appears under the underlying OBR forecast changes heading, alongside other income-related economic determinants. It is therefore an economic forecast change rather than a policy decision, outturn calibration, or modelling item.",economic_determinants,2.3 item 2: an income component of the tax base (same answer in all four tables),economic_determinants,,tax_drivers|underlying obr forecast changes|savings income,
,Secondary threshold freeze,(none),Direct effect of Government decisions,"NICs: changes since March (November 2025, T4.4)",5,pending,modelling_other,policy,0.950,policy,"The row is under “Direct effect of Government decisions” and describes a specific government decision to freeze the secondary threshold. It is therefore a policy effect rather than an economic, outturn, or modelling change.",policy,"majority of keyword, Jev and second model; consistent with the codebook",policy,,tax_drivers||secondary threshold freeze,
,Self assessment,(none),Pre-measures ETR,"Receipts forecast: changes since March 2020 and October 2021 (March 2022, T3.3)",7,pending,modelling_other,by_tax_head,0.540,modelling_other,"The row is under the “Pre-measures ETR” subtotal, so it represents a modelling or effective-tax-rate component rather than a change in the underlying self-assessment tax base. It is therefore not a by-tax-head split of the overall change.",modelling_other,"majority of keyword, Jev and second model; consistent with the codebook",modelling_other,,receipts_sources||self assessment,
,Self assessment income streams,(none),(none),"Receipts forecast: changes since March 2020 and October 2021 (March 2022, T3.3)",23,pending,modelling_other,by_tax_head,0.580,economic_determinants,"The row identifies changes in self-assessment income streams, which are changes to the underlying income tax base rather than a policy decision, outturn data, or a modelling treatment. It therefore falls under economic determinants.",economic_determinants,2.3 item 2: SA income is the tax base,economic_determinants,,receipts_sources||self assessment income streams,
,Self-assessment income streams,Underlying forecast changes,Income and expenditure,"Sources of change to the receipts forecast since March 2019 (March 2020, T3.5)",22,pending,modelling_other,by_tax_head,0.630,economic_determinants,"The row is within the 'Income and expenditure' group under underlying forecast changes. Self-assessment income streams describe changes in the income tax base, rather than a government policy decision, outturn data, or a classification change. Therefore it is an economic determinant.",economic_determinants,2.3 item 2: SA income is the tax base,economic_determinants,,receipts_sources|underlying forecast changes|self-assessment income streams,
,Self-assessment income tax (SA),(none),(none),"Key changes to Income Tax and NICs since March Forecast (November 2011, T4.11)",5,pending,modelling_other,by_tax_head,0.930,by_tax_head,"The row identifies self-assessment income tax as one component of the overall change in Income Tax and NICs. It is therefore a tax-head breakdown, not a stated cause such as an economic determinant, outturn data, or policy change.",by_tax_head,"majority of keyword, Jev and second model; consistent with the codebook",by_tax_head,,tax_drivers||self-assessment income tax (sa),
,Stamp duty land tax receipts and modelling,Underlying OBR forecast changes,Other assumptions,"Sources of changes to the receipts forecast since March (July 2015, T4.7)",5,pending,modelling_other,modelling_other,0.530,modelling_other,"The row describes stamp duty land tax receipts together with modelling, under an 'Other assumptions' heading. It does not identify a government policy, economic determinant, new outturn data, or a classification/one-off item, so it falls under modelling and other residual changes.",calibration_to_outturn,"A3; Teo 29 Sep 2026: '<tax> receipts and modelling' and 'other modelling and receipts' are calibration, mixed",calibration_to_outturn,,receipts_sources|underlying obr forecast changes|stamp duty land tax receipts and modelling,
,Swiss capital tax,(none),(none),"Breakdown of changes to the underlying receipts forecast since March (December 2013, T4.7)",5,pending,modelling_other,by_tax_head,0.660,modelling_other,"The row names a specific receipts item but does not describe a government decision, an economic determinant, or new outturn data. In this breakdown it is therefore an adjustment to the modelling or judgement underlying the forecast, rather than a tax-head split.",modelling_other,"majority of keyword, Jev and second model; consistent with the codebook",modelling_other,,receipts_sources||swiss capital tax,leans classification_one_offs (one-off payment); codebook silent
,Tax base,(none),(none),"Fuel duties: changes since March 2020 and October 2021 (March 2022, T3.13)",12,pending,modelling_other,economic_determinants,1.000,economic_determinants,"The row is labelled “Tax base,” which directly denotes changes in the economic base underlying fuel-duty receipts. The taxonomy explicitly classifies tax-base changes as economic determinants.",economic_determinants,"majority of keyword, Jev and second model; consistent with the codebook",economic_determinants,,tax_drivers||tax base,
,Tax credits profile,(none),(none),"Breakdown of changes to the underlying receipts forecast since March (December 2013, T4.7)",5,pending,modelling_other,by_tax_head,0.570,modelling_other,"“Tax credits profile” describes a modelling or profiling assumption affecting the receipts forecast, rather than a newly announced government decision or a change in economic determinants or outturn data. It is therefore best classified as other modelling judgement.",modelling_other,"majority of keyword, Jev and second model; consistent with the codebook",modelling_other,,receipts_sources||tax credits profile,
,Tax deducted scheme for interest (TDSI),(none),(none),"Key changes to Income Tax and NICs since March Forecast (November 2011, T4.11)",5,pending,modelling_other,by_tax_head,0.740,by_tax_head,"“Tax deducted scheme for interest (TDSI)” identifies a specific tax stream rather than a causal change such as an economic determinant, policy decision, or outturn revision. It is part of the table’s breakdown of the overall change by income-tax head, so it is classified as a tax-head split.",by_tax_head,"majority of keyword, Jev and second model; consistent with the codebook",by_tax_head,,tax_drivers||tax deducted scheme for interest (tdsi),
,VAT,(none),Pre-measures ETR,"Receipts forecast: changes since March 2020 and October 2021 (March 2022, T3.3)",7,pending,modelling_other,by_tax_head,0.830,by_tax_head,"The row is “VAT,” one of the individual tax lines beneath the “Pre-measures ETR” subtotal. It represents a split by tax head rather than a distinct causal change such as policy, economic determinants, or outturn.",modelling_other,A2b + A6: a row inside the 'Pre-measures ETR' group takes it as its section,modelling_other,,receipts_sources||vat,
,"VAT SRS, receipts and modelling",Underlying OBR forecast changes,Other assumptions,"Sources of change to the receipts forecast since November (March 2017, T4.8)",6,pending,modelling_other,by_tax_head,0.500,calibration_to_outturn,"The row concerns VAT SRS receipts and modelling under the OBR's other assumptions, rather than an economic determinant or a government policy decision. Because it explicitly refers to receipts alongside modelling, it is best classified as calibration to outturn.",calibration_to_outturn,"A3; Teo 29 Sep 2026: '<tax> receipts and modelling' and 'other modelling and receipts' are calibration, mixed",calibration_to_outturn,,"receipts_sources|underlying obr forecast changes|vat srs, receipts and modelling",
,VAT base re-allocation,(none),(none),"VAT: changes since November (March 2026, T3.5)",6,pending,modelling_other,classification_one_offs,0.690,modelling_other,"“VAT base re-allocation” describes a modelling adjustment to how the VAT base is allocated, rather than a government policy decision or a change in economic determinants. It is not an outturn update or a statistical reclassification of receipts, so it falls under modelling and other changes.",modelling_other,"majority of keyword, Jev and second model; consistent with the codebook",modelling_other,,tax_drivers||vat base re-allocation,
,VAT debt,(none),(none),"Key changes to the VAT forecast since March (December 2014, T4.11)",33,pending,modelling_other,calibration_to_outturn,0.620,modelling_other,"“VAT debt” refers to a modelling assumption about the collection of VAT liabilities rather than a government policy, economic determinant, or newly observed receipts outturn. It is therefore best classified as a modelling change.",modelling_other,"majority of keyword, Jev and second model; consistent with the codebook",modelling_other,,tax_drivers||vat debt,
,VAT gap and receipts,(none),(none),"Breakdown of changes to the underlying receipts forecast since March (December 2013, T4.7)",5,pending,modelling_other,by_tax_head,0.720,modelling_other,"The row refers to the VAT gap and associated receipts modelling, rather than a new economic determinant or explicitly identified outturn data. It is therefore a modelling or judgement change in the forecast.",calibration_to_outturn,"A3; Teo 29 Sep 2026: '<tax> receipts and modelling' and 'other modelling and receipts' are calibration, mixed",calibration_to_outturn,,receipts_sources||vat gap and receipts,"needs rule: bare ""receipts"" is not covered by A3; labelled calibration_to_outturn provisionally"
,VAT on Motability,(none),Direct effect of Government decisions,"VAT: changes since March (November 2025, T4.6)",5,pending,modelling_other,policy,0.850,policy,"The row sits under the subtotal “Direct effect of Government decisions,” so it represents the direct fiscal impact of a government decision. “VAT on Motability” is therefore a policy measure rather than an economic, outturn, or modelling change.",policy,"majority of keyword, Jev and second model; consistent with the codebook",policy,,tax_drivers||vat on motability,
,VAT on PHVOs,(none),Direct effect of Government decisions,"VAT: changes since March (November 2025, T4.6)",5,pending,modelling_other,policy,0.930,policy,"The row sits under “Direct effect of Government decisions” and identifies a specific VAT measure involving PHVOs. It therefore represents the direct effect of a government decision, rather than an economic determinant or modelling change.",policy,"majority of keyword, Jev and second model; consistent with the codebook",policy,,tax_drivers||vat on phvos,
,VAT on defined benefit pension schemes,(none),(none),"Key changes to the VAT forecast since March (December 2014, T4.11)",5,pending,modelling_other,by_tax_head,0.600,modelling_other,"This label refers to a specific change in the VAT treatment of defined benefit pension schemes, rather than an economic determinant or new receipts outturn. It is a modelling/tax-treatment adjustment not identified as a newly announced government measure in the row, so it fits modelling_other.",modelling_other,"majority of keyword, Jev and second model; consistent with the codebook",modelling_other,,tax_drivers||vat on defined benefit pension schemes,
,VAT receipts and modelling,(none),Other assumptions,"Sources of change to the receipts forecast since March (November 2017, T4.8)",11,pending,modelling_other,by_tax_head,0.750,modelling_other,"The row sits under “Other assumptions” and combines VAT receipts with modelling, rather than identifying new actual outturn data or an economic determinant. It therefore represents modelling or judgement changes, not a policy measure or a whole unsplit change.",calibration_to_outturn,"A3; Teo 29 Sep 2026: '<tax> receipts and modelling' and 'other modelling and receipts' are calibration, mixed",calibration_to_outturn,,receipts_sources||vat receipts and modelling,
,VAT receipts and modelling,Underlying OBR forecast changes,Other assumptions,"Sources of change to the receipts forecast since March (November 2016, T4.8)",11,pending,modelling_other,modelling_other,0.530,modelling_other,"The row is under “Other assumptions” and describes VAT receipts and modelling, without identifying a new government policy, economic determinant, or actual receipts outturn. It therefore represents modelling or judgement changes.",calibration_to_outturn,"A3; Teo 29 Sep 2026: '<tax> receipts and modelling' and 'other modelling and receipts' are calibration, mixed",calibration_to_outturn,,receipts_sources|underlying obr forecast changes|vat receipts and modelling,
,VAT receipts and modelling,Underlying forecast changes,Other assumptions,"Sources of change to the receipts forecast since October (March 2019, T4.5)",11,pending,modelling_other,modelling_other,0.540,calibration_to_outturn,"The row is under underlying forecast changes and attributes the change to VAT receipts data together with modelling. Because it explicitly refers to receipts, it is best classified as calibration to outturn rather than a pure modelling residual.",calibration_to_outturn,"A3; Teo 29 Sep 2026: '<tax> receipts and modelling' and 'other modelling and receipts' are calibration, mixed",calibration_to_outturn,,receipts_sources|underlying forecast changes|vat receipts and modelling,
,VAT refunds,(none),(none),"Changes to the receipts forecast since December (March 2014, T4.7)",11,pending,modelling_other,classification_one_offs,0.420,modelling_other,"“VAT refunds” appears under the receipts and modelling/judgement portion of the table, not under policy measures, economic determinants, or new receipts outturn. It therefore represents a modelling or forecasting judgement affecting VAT receipts.",modelling_other,A9: a receipts stream named without a cause,modelling_other,,receipts_sources||vat refunds,
,VAT refunds,Underlying OBR forecast changes,(none),"Sources of changes to the receipts forecast since December (March 2015, T4.7)",6,pending,modelling_other,by_tax_head,0.380,classification_one_offs,"The row identifies VAT refunds, which are repayments rather than a change in the underlying economic tax base or a government policy decision. Refunds fit the taxonomy's treatment of one-off repayments and other one-off items.",modelling_other,A9: a receipts stream named without a cause,modelling_other,,receipts_sources|underlying obr forecast changes|vat refunds,
,Corporation tax receipts and modelling,Underlying OBR forecast changes,Other assumptions,"Sources of change to the receipts forecast since November (March 2017, T4.8)",34,settled_agreement,modelling_other,modelling_other,0.890,,,calibration_to_outturn,"A3; Teo 29 Sep 2026: '<tax> receipts and modelling' and 'other modelling and receipts' are calibration, mixed",calibration_to_outturn,,receipts_sources|underlying obr forecast changes|corporation tax receipts and modelling,reopen status: 29 Sep ruling overrides earlier agreement (modelling_other)
,Fuel receipts and modelling,Underlying forecast changes,Other assumptions,"Sources of change to the receipts forecast since March (October 2018, T4.8)",5,settled_agreement,modelling_other,modelling_other,0.770,,,calibration_to_outturn,"A3; Teo 29 Sep 2026: '<tax> receipts and modelling' and 'other modelling and receipts' are calibration, mixed",calibration_to_outturn,,receipts_sources|underlying forecast changes|fuel receipts and modelling,reopen status: 29 Sep ruling overrides earlier agreement (modelling_other)
,IT and NICs receipts and modelling,Underlying forecast changes,Other assumptions,"Sources of change to the receipts forecast since March (October 2018, T4.8)",11,settled_agreement,modelling_other,modelling_other,0.910,,,calibration_to_outturn,"A3; Teo 29 Sep 2026: '<tax> receipts and modelling' and 'other modelling and receipts' are calibration, mixed",calibration_to_outturn,,receipts_sources|underlying forecast changes|it and nics receipts and modelling,reopen status: 29 Sep ruling overrides earlier agreement (modelling_other)
,Interest and dividend receipts and modelling,Underlying forecast changes,Other assumptions,"Sources of change to the receipts forecast since October (March 2019, T4.5)",11,settled_agreement,modelling_other,modelling_other,0.750,,,calibration_to_outturn,"A3; Teo 29 Sep 2026: '<tax> receipts and modelling' and 'other modelling and receipts' are calibration, mixed",calibration_to_outturn,,receipts_sources|underlying forecast changes|interest and dividend receipts and modelling,reopen status: 29 Sep ruling overrides earlier agreement (modelling_other)
,North Sea receipts and modelling,Underlying OBR forecast changes,Other assumptions,"Sources of change to the receipts forecast since November (March 2017, T4.8)",12,settled_agreement,modelling_other,modelling_other,0.760,,,calibration_to_outturn,"A3; Teo 29 Sep 2026: '<tax> receipts and modelling' and 'other modelling and receipts' are calibration, mixed",calibration_to_outturn,,receipts_sources|underlying obr forecast changes|north sea receipts and modelling,reopen status: 29 Sep ruling overrides earlier agreement (modelling_other)
,Other modelling and receipts changes,(by other category),(none),"Key changes to the SA income tax forecast since March (November 2017, T4.11)",49,settled_agreement,modelling_other,modelling_other,0.990,,,calibration_to_outturn,"A3; Teo 29 Sep 2026: '<tax> receipts and modelling' and 'other modelling and receipts' are calibration, mixed",calibration_to_outturn,,tax_drivers|(by other category)|other modelling and receipts changes,reopen status: 29 Sep ruling overrides earlier agreement (modelling_other)
,Other modelling and receipts changes,Other,(none),"Key changes to the non-SA income tax and NICs forecast since March (October 2018, T4.10)",11,settled_agreement,modelling_other,modelling_other,0.990,,,calibration_to_outturn,"A3; Teo 29 Sep 2026: '<tax> receipts and modelling' and 'other modelling and receipts' are calibration, mixed",calibration_to_outturn,,tax_drivers|other|other modelling and receipts changes,reopen status: 29 Sep ruling overrides earlier agreement (modelling_other)
,Other modelling and receipts changes,Underlying forecast changes,(none),"Key changes to the SA income tax forecast since March 2019 (March 2020, T3.7)",17,settled_agreement,modelling_other,modelling_other,0.970,,,calibration_to_outturn,"A3; Teo 29 Sep 2026: '<tax> receipts and modelling' and 'other modelling and receipts' are calibration, mixed",calibration_to_outturn,,tax_drivers|underlying forecast changes|other modelling and receipts changes,reopen status: 29 Sep ruling overrides earlier agreement (modelling_other)
,Other modelling and receipts changes,Underlying OBR forecast changes,(none),"Key changes to the SA income tax forecast since March (October 2018, T4.11)",5,settled_agreement,modelling_other,modelling_other,0.980,,,calibration_to_outturn,"A3; Teo 29 Sep 2026: '<tax> receipts and modelling' and 'other modelling and receipts' are calibration, mixed",calibration_to_outturn,,tax_drivers|underlying obr forecast changes|other modelling and receipts changes,reopen status: 29 Sep ruling overrides earlier agreement (modelling_other)
,SDLT receipts and modelling,Underlying OBR forecast changes,Other assumptions,"Sources of change to the receipts forecast since March (November 2016, T4.8)",11,settled_agreement,modelling_other,modelling_other,0.830,,,calibration_to_outturn,"A3; Teo 29 Sep 2026: '<tax> receipts and modelling' and 'other modelling and receipts' are calibration, mixed",calibration_to_outturn,,receipts_sources|underlying obr forecast changes|sdlt receipts and modelling,reopen status: 29 Sep ruling overrides earlier agreement (modelling_other)
