measure_type,head,context,keyword_answer,jev_first,jev_p1,jev_second,jev_p2,jev_confidence,jev_covers_several_series,why_in_queue,your_answer,comment
spending,Company and other credits,"Measures: 32 in total, 32 since June 2010. Largest: Autumn Statement 2022: R&D tax reliefs: rebalance generosity of schemes from April 2023 | Spring Budget 2023: R&D tax reliefs: additional tax relief for R&D intensive SMEs | Budget 2020: Research and Development Expenditure Credit: increase rate to 13%",Ctaxcreds: Company tax credits (£ billion),Ctaxcreds: Company tax credits (£ billion),0.630,(none): no forecast series,0.200,0.610,0.71,confidence 0.61 < 0.7,,
spending,Current VAT refunds,"Measures: 3 in total, 3 since June 2010. Largest: Autumn Budget 2017: Scotland police and fire: VAT refunds | Spending Review 2020: VAT refund scheme for museums and galleries | Spring Budget 2021: VAT: repeal the VAT Treatment of Transactions Order 1992",VATrefunds: VAT refunds (£ billion),(none): no forecast series,0.730,Ctaxcreds: Company tax credits (£ billion),0.090,0.720,0.36,"disagree: keyword VATrefunds, Jev (none); the keyword answer is a series of the other type (receipts vs spending), which Jev was not offered",,
spending,Debt interest,"Measures: 7 in total, 7 since June 2010. Largest: Spring Statement 2018: Change in financing remit | Budget 2018: Index Linked Savings Certificates: reindex at next maturity date from May 2019 | Budget 2018: Government's financing remit",Netdebtint: Central government debt interest (net of APF) (£ billion),PSDebtint: Public sector debt interest (£ billion),0.540,Debtint: Central government gross debt interest (£ billion),0.300,0.510,0.68,"disagree: keyword Netdebtint, Jev PSDebtint; confidence 0.51 < 0.7",,
spending,Energy bills subsidies,"Measures: 7 in total, 7 since June 2010. Largest: Autumn Statement 2022: Energy Price Guarantee: support for households through a cap on the unit rate of electricity and gas bringing typical household energy bills to £2,500 from 1 October to 31 March 2023 and £3,000 from 1 April 2023 to 31 March 2024 | Autumn Statement 2022: Energy Bill Relief Scheme: support for businesses for a 6 month period | Autumn Budget 2025: Renewables Obligation: Fund 75% of the domestic share of the Renewables Obligation via the Exchequer over the Spending Review period",(none): no forecast series,(none): no forecast series,0.370,Total welfare: Welfare spending (£ billion),0.220,0.340,0.55,confidence 0.34 < 0.7,,
spending,Income subsidies,"Measures: 6 in total, 6 since June 2010. Largest: Spending Review 2020: Coronavirus job retention scheme | Spending Review 2020: Self-employment income support scheme | Spring Budget 2021: Self-employment income support scheme (SEISS): two further grants",(none): no forecast series,Total welfare: Welfare spending (£ billion),0.530,Welfare out: Welfare spending: outside welfare cap (£ billion),0.240,0.500,0.44,"disagree: keyword (none), Jev Total welfare; confidence 0.50 < 0.7",,
spending,LA other capital income,"Measures: 8 in total, 8 since June 2010. Largest: Budget 2017: 100 per cent business rates retention pilots | Autumn 2010: Public Works Loan Board: interest rate increase | Autumn 2010: TfL Metronet: replace borrowing with central government grant",(none): no forecast series,LASFEcap: Locally financed capital expenditure (£ billion),0.770,(none): no forecast series,0.200,0.750,0.60,"disagree: keyword (none), Jev LASFEcap",,
spending,National Accounting Adjustment (capital),"Measures: 1 in total, 1 since June 2010. Largest: Autumn 2010: Right to Buy: surrender full receipts to Exchequer receipts",(none): no forecast series,(none): no forecast series,0.620,PCcapex: Public corporations' capital expenditure (£ billion),0.110,0.590,0.31,confidence 0.59 < 0.7,,
spending,Net public service pension payments,"Measures: 20 in total, 20 since June 2010. Largest: Budget 2018: Public service pensions: changes to employer contribution rates | Autumn 2014: Public service pensions: next steps in revaluation | Autumn 2010: Public sector pensions: increase in employment contribution rates",Pensions: Unfunded public service pension payments (£ billion),Pensions: Unfunded public service pension payments (£ billion),0.700,(none): no forecast series,0.120,0.680,0.63,confidence 0.68 < 0.7,,
spending,Other AME (capital),"Measures: 2 in total, 2 since June 2010. Largest: Autumn Budget 2025: Business Rates Retention: Extend Greater London Authority enhanced business rates retention arrangements, and pilot Business Rate Retentions for West England Combined Authority, Cornwall, and Liverpool City Region, for three years from April 2026 | Autumn Budget 2025: Supporting Savers: Make the Help to Save scheme permanent, maintain total ISA annual subscription limit at £20,000 with cash limit reduced to £12,000 for under-65s from April 2027, delay ISA digitalisation until April 2028 and maintain the ISA subscription limits until 2030/31",(none): no forecast series,(none): no forecast series,0.650,LASFEcap: Locally financed capital expenditure (£ billion),0.080,0.630,0.42,confidence 0.63 < 0.7,,
spending,Other departmental expenditure (capital),"Measures: 27 in total, 27 since June 2010. Largest: Spending Review 2020: Bounce Back Loan Scheme | Autumn Budget 2025: Sizewell C: Reclassify construction costs and recognise income generated through the Regulated Asset Base levy | Autumn Budget 2024: Compensation Payments: Making payments to victims of the infected blood scandal",(none): no forecast series,(none): no forecast series,0.590,RDEL: PSCE in RDEL (£ billion),0.180,0.560,0.69,confidence 0.56 < 0.7,,
spending,Other departmental expenditure (current),"Measures: 29 in total, 29 since June 2010. Largest: Autumn 2010: Housing Revenue Account System: reform | Autumn 2010: Equitable life payments | Spending Review 2020: Eat out to Help Out",(none): no forecast series,(none): no forecast series,0.600,CDEL: PSGI in CDEL (£ billion),0.350,0.580,0.77,confidence 0.58 < 0.7,,
spending,Public corporations own-financed capital expenditure,"Measures: 1 in total, 1 since June 2010. Largest: Spring Forecast 2026: Capitalisation direction: Allow a number of LAs to use capital resource to finance specific revenue spending for 2025-26 and 2026-27 to support their financial sustainability",(none): no forecast series,PCcapex: Public corporations' capital expenditure (£ billion),0.870,(none): no forecast series,0.100,0.850,0.19,"disagree: keyword (none), Jev PCcapex",,
spending,Scottish AME (capital),"Measures: 2 in total, 2 since June 2010. Largest: Spring Statement 2025: Capital Investment: Increase growth-enhancing investment including on infrastructure, housing, and defence innovation | Spring Statement 2025: Construction Skills: Supply the skilled workers to build 1.5 million homes and deliver infrastructure",(none): no forecast series,CDEL: PSGI in CDEL (£ billion),0.520,(none): no forecast series,0.170,0.500,0.43,"disagree: keyword (none), Jev CDEL; confidence 0.50 < 0.7",,
spending,Scottish AME (current),"Measures: 6 in total, 6 since June 2010. Largest: Spring Statement 2025: Current spending: Reshape the state to be more productive and agile | Spring Statement 2025: Transformation Fund: Improve efficiency and productivity of public services | Spring Statement 2025: Employment Support: Invest in employment, health, and skills support from 2026-27",(none): no forecast series,(none): no forecast series,0.510,CDEL: PSGI in CDEL (£ billion),0.330,0.480,0.58,confidence 0.48 < 0.7,,
spending,Scottish BGA (capital),"Measures: 39 in total, 39 since June 2010. Largest: Autumn Budget 2024: Rebuilding Britain: Additional capital investment | Autumn Budget 2021: Capital DEL: adjustment to spending envelope and spending assumption | Budget 2020: Spending Round 2019 and set capital envelope for the Comprehensive Spending Review 2020",(none): no forecast series,CDEL: PSGI in CDEL (£ billion),0.890,(none): no forecast series,0.090,0.870,0.67,"disagree: keyword (none), Jev CDEL",,
spending,Scottish BGA (current),"Measures: 313 in total, 313 since June 2010. Largest: Budget 2020: Devolving disability benefits to the Scottish Parliament | Autumn Budget 2024: Investing in Public Services: Funding £22bn overspend, fixing the NHS and supporting public services | Budget 2020: Spending Round 2019 and set resource envelope for the Comprehensive Spending Review 2020",(none): no forecast series,(none): no forecast series,0.690,RDEL: PSCE in RDEL (£ billion),0.130,0.670,0.84,confidence 0.67 < 0.7,,
spending,Social security benefits,"Measures: 70 in total, 70 since June 2010. Largest: Autumn 2010: Child Benefit: remove from families with a higher rate taxpayer from January 2013 | Budget 2010 #2: Benefits, tax credits and public service pensions: switch to CPI indexation from 2011-12 | Autumn 2010: Contributory Employment and Support Allowance: time limit for those in the Work Related Activity Group to one year",Total welfare: Welfare spending (£ billion),Total welfare: Welfare spending (£ billion),0.500,Welfare in: Welfare spending: inside welfare cap (£ billion),0.440,0.470,0.43,confidence 0.47 < 0.7,,
spending,Tax credits,"Measures: 46 in total, 46 since June 2010. Largest: Autumn 2015: Tax credits: maintain taper and income threshold | Budget 2015 #2: Reduce income disregards in tax credits and work allowances in UC | Budget 2015 #2: Uprating: freeze working-age benefits, tax credits and Local Housing Allowances for 4 years from 2016-17",Total welfare: Welfare spending (£ billion),Welfare in: Welfare spending: inside welfare cap (£ billion),0.510,Total welfare: Welfare spending (£ billion),0.350,0.480,0.28,"disagree: keyword Total welfare, Jev Welfare in; confidence 0.48 < 0.7",,
spending,VAT refunds,"Measures: 3 in total, 3 since June 2010. Largest: Autumn Budget 2024: VAT: Applying the standard rate (20%) to education and boarding services provided by private schools from 1 January 2025 | Budget 2020: High Speed Two Ltd (HS2) VAT treatment | Budget 2020: S4C VAT treatment",VATrefunds: VAT refunds (£ billion),(none): no forecast series,0.960,Ctaxcreds: Company tax credits (£ billion),0.020,0.940,0.35,"disagree: keyword VATrefunds, Jev (none); the keyword answer is a series of the other type (receipts vs spending), which Jev was not offered",,
tax,Apprenticeship levy,"Measures: 1 in total, 1 since June 2010. Largest: Autumn 2015: Apprenticeship Levy (funding employer apprenticeship scheme)",(none): no forecast series,NICS: National insurance contributions (NICs) (£ billion),0.430,(none): no forecast series,0.350,0.400,0.15,"disagree: keyword (none), Jev NICS; confidence 0.40 < 0.7",,
tax,Bank surcharge,"Measures: 10 in total, 10 since June 2010. Largest: Budget 2015 #2: Banks: 8% Corporation Tax surcharge and reduce Bank Levy | Autumn Budget 2021: Bank Surcharge: set at 3% and raise the surcharge allowance to £100m | Budget 2016: Corporation Tax: defer bringing forward payment for large groups for two years",Onshore: Onshore corporation tax (£ billion),Onshore: Onshore corporation tax (£ billion),0.530,Bank: Bank levy (£ billion),0.340,0.510,0.48,confidence 0.51 < 0.7,,
tax,Crime levy,"Measures: 3 in total, 3 since June 2010. Largest: Autumn Budget 2021: Economic Crime (Anti-Money Laundering) Levy | Autumn Budget 2025: Increase to the Economic Crime Levy | Spring Budget 2024: Economic Crime (Anti-Money Laundering) Levy: increase the charge for Very Large firms to £500,000 p.a. from 2024-25",(none): no forecast series,(none): no forecast series,0.650,Bank: Bank levy (£ billion),0.170,0.630,0.09,confidence 0.63 < 0.7,,
tax,Digital services tax,"Measures: 2 in total, 2 since June 2010. Largest: Budget 2018: Digital Services Tax | Budget 2020: Digital Services Tax: technical changes",(none): no forecast series,Onshore: Onshore corporation tax (£ billion),0.490,(none): no forecast series,0.470,0.470,0.15,"disagree: keyword (none), Jev Onshore; confidence 0.47 < 0.7",,
tax,Diverted profits tax,"Measures: 1 in total, 1 since June 2010. Largest: Autumn Budget 2017: Royalty payments made to low tax jurisdictions: withholding tax",(none): no forecast series,Onshore: Onshore corporation tax (£ billion),0.920,(none): no forecast series,0.080,0.900,0.19,"disagree: keyword (none), Jev Onshore",,
tax,Domestic minimum tax,"Measures: 2 in total, 2 since June 2010. Largest: Autumn Statement 2022: Pillar 2 rules: UK implementation of global minimum corporate tax reforms from 31 December 2023 | Spring Forecast 2026: Pillar 2 rules: UK implementation of internationally agreed changes to the global minimum tax from 1 January 2026",(none): no forecast series,Onshore: Onshore corporation tax (£ billion),0.970,(none): no forecast series,0.030,0.970,0.22,"disagree: keyword (none), Jev Onshore",,
tax,Energy bills tax,"Measures: 2 in total, 2 since June 2010. Largest: Autumn Statement 2022: Cancellation of energy bill support scheme clawback | Spring Statement 2022: Energy bills support package: £200 bills discount and clawback",(none): no forecast series,(none): no forecast series,0.690,Fuel: Fuel duties (£ billion),0.090,0.670,0.38,confidence 0.67 < 0.7,,
tax,Energy profits levy,"Measures: 4 in total, 4 since June 2010. Largest: Autumn Statement 2022: Energy Profits Levy | Autumn Statement 2022: Energy Profits Levy: extend until 31 March 2028 and increase rate to 35% from 1 January 2023 | Autumn Budget 2024: Energy Profits Levy (EPL): Increase the rate to 38%; abolish the EPL investment allowance except for decarbonisation expenditure and cut rate of decarbonisation allowance to 66% from 1 November 2024; sunset date extension from 31 March 2029 to 31 March 2030 as well as introduce tax relief for payments made into a Decommissioning Fund in relation to oil and gas assets transferred for use in Carbon Capture Usage and Storage",Oilandgas: UK oil and gas revenues (£ billion),Oilandgas: UK oil and gas revenues (£ billion),0.640,Onshore: Onshore corporation tax (£ billion),0.340,0.620,0.18,confidence 0.62 < 0.7,,
tax,High-value council tax surcharge,"Measures: 1 in total, 1 since June 2010. Largest: Autumn Budget 2025: High Value Council Tax Surcharge: Introduce a surcharge on owners of residential properties valued over £2m in England from 1 April 2028",(none): no forecast series,Council: Council tax (£ billion),1.000,Shares: Stamp taxes on shares (£ billion),0.000,1.000,0.04,"disagree: keyword (none), Jev Council",,
tax,Immigration skills charge,"Measures: 1 in total, 1 since June 2010. Largest: Autumn Budget 2025: Increase Immigration Skills Charge by 32% from October 2025",(none): no forecast series,(none): no forecast series,0.680,Licence: Licence fee receipts (£ billion),0.140,0.670,0.08,confidence 0.67 < 0.7,,
tax,Land registry receipts,"Measures: 1 in total, 1 since June 2010. Largest: Autumn Budget 2021: HM Land Registry: increase caseworker capacity",(none): no forecast series,PTT: Property transaction taxes (£ billion),0.510,Licence: Licence fee receipts (£ billion),0.250,0.480,0.19,"disagree: keyword (none), Jev PTT; confidence 0.48 < 0.7",,
tax,Multinational top-up tax,"Measures: 3 in total, 3 since June 2010. Largest: Autumn Statement 2022: Pillar 2 rules: UK implementation of global minimum corporate tax reforms from 31 December 2023 | Autumn Statement 2023: Implement the OECD Pillar 2 Undertaxed Profits Rule from 31 December 2024, alongside repeal of the Offshore Receipts on Intangible Property rules | Spring Forecast 2026: Pillar 2 rules: UK implementation of internationally agreed changes to the global minimum tax from 1 January 2026",(none): no forecast series,Onshore: Onshore corporation tax (£ billion),0.950,(none): no forecast series,0.050,0.950,0.22,"disagree: keyword (none), Jev Onshore",,
tax,Passport fees,"Measures: 1 in total, 1 since June 2010. Largest: Spring Statement 2025: Current spending: Reshape the state to be more productive and agile",(none): no forecast series,(none): no forecast series,0.670,Licence: Licence fee receipts (£ billion),0.330,0.650,0.06,confidence 0.65 < 0.7,,
tax,Probate fees,"Measures: 2 in total, 2 since June 2010. Largest: Budget 2020: Probate fees reversal | Spring Statement 2019: Probate fees",(none): no forecast series,IHT: Inheritance tax (£ billion),0.930,(none): no forecast series,0.060,0.920,0.15,"disagree: keyword (none), Jev IHT",,
tax,Retail property developers surcharge,"Measures: 1 in total, 1 since June 2010. Largest: Autumn Budget 2021: Residential Property Developer Tax: 4% rate",(none): no forecast series,Onshore: Onshore corporation tax (£ billion),0.640,PTT: Property transaction taxes (£ billion),0.180,0.620,0.26,"disagree: keyword (none), Jev Onshore; confidence 0.62 < 0.7",,
tax,Vaping duty,"Measures: 4 in total, 4 since June 2010. Largest: Spring Budget 2024: Vaping products duty: introduce from 1 October 2026 | Autumn Budget 2024: Tobacco Duty: Introduce a tobacco duty escalator of RPI +2% for the Parliament; increase duty on hand rolling tobacco a further 10% (RPI+12%) for 2024-25 from 30 October 2024; and a separate one-off duty increase to maintain financial incentive to choose vaping over smoking from 1 October 2026 | Autumn Budget 2025: HMRC: Further measures to close the tax gap",Vapes: Vaping tax (£ billion),Vapes: Vaping tax (£ billion),0.500,(none): no forecast series,0.370,0.480,0.74,confidence 0.48 < 0.7,,
