component,category,subcategory,baseline_date,projected_fiscal_year,_merge,diff_projection_error,diff_projection_error_pct_GDP,max_abs_diff
deficit,Total,Total,1984-02-01,1984,both,0.0,0.0,0.0
deficit,Total,Total,1984-02-01,1985,both,0.0,0.0,0.0
deficit,Total,Total,1984-02-01,1986,both,0.0,0.0,0.0
deficit,Total,Total,1984-02-01,1987,both,0.0,0.0,0.0
deficit,Total,Total,1984-02-01,1988,both,0.0,0.0,0.0
deficit,Total,Total,1984-02-01,1989,both,0.0,0.0,0.0
deficit,Total,Total,1985-02-01,1985,both,0.0,0.0,0.0
deficit,Total,Total,1985-02-01,1986,both,0.0,0.0,0.0
deficit,Total,Total,1985-02-01,1987,both,0.0,0.0,0.0
deficit,Total,Total,1985-02-01,1988,both,0.0,0.0,0.0
deficit,Total,Total,1985-02-01,1989,both,0.0,0.0,0.0
deficit,Total,Total,1985-02-01,1990,both,0.0,0.0,0.0
deficit,Total,Total,1986-02-01,1986,both,0.0,0.0,0.0
deficit,Total,Total,1986-02-01,1987,both,0.0,0.0,0.0
deficit,Total,Total,1986-02-01,1988,both,0.0,0.0,0.0
deficit,Total,Total,1986-02-01,1989,both,0.0,0.0,0.0
deficit,Total,Total,1986-02-01,1990,both,0.0,0.0,0.0
deficit,Total,Total,1986-02-01,1991,both,0.0,0.0,0.0
deficit,Total,Total,1987-02-01,1987,both,0.0,0.0,0.0
deficit,Total,Total,1987-02-01,1988,both,0.0,0.0,0.0
deficit,Total,Total,1987-02-01,1989,both,0.0,0.0,0.0
deficit,Total,Total,1987-02-01,1990,both,0.0,0.0,0.0
deficit,Total,Total,1987-02-01,1991,both,0.0,0.0,0.0
deficit,Total,Total,1987-02-01,1992,both,0.0,0.0,0.0
deficit,Total,Total,1988-03-01,1988,both,0.0,0.0,0.0
deficit,Total,Total,1988-03-01,1989,both,0.0,0.0,0.0
deficit,Total,Total,1988-03-01,1990,both,0.0,0.0,0.0
deficit,Total,Total,1988-03-01,1991,both,0.0,0.0,0.0
deficit,Total,Total,1988-03-01,1992,both,0.0,0.0,0.0
deficit,Total,Total,1988-03-01,1993,both,0.0,0.0,0.0
deficit,Total,Total,1989-02-01,1989,both,0.0,0.0,0.0
deficit,Total,Total,1989-02-01,1990,both,0.0,0.0,0.0
deficit,Total,Total,1989-02-01,1991,both,0.0,0.0,0.0
deficit,Total,Total,1989-02-01,1992,both,0.0,0.0,0.0
deficit,Total,Total,1989-02-01,1993,both,0.0,0.0,0.0
deficit,Total,Total,1989-02-01,1994,both,0.0,0.0,0.0
deficit,Total,Total,1990-03-01,1990,both,0.0,0.0,0.0
deficit,Total,Total,1990-03-01,1991,both,0.0,0.0,0.0
deficit,Total,Total,1990-03-01,1992,both,0.0,0.0,0.0
deficit,Total,Total,1990-03-01,1993,both,0.0,0.0,0.0
deficit,Total,Total,1990-03-01,1994,both,0.0,0.0,0.0
deficit,Total,Total,1990-03-01,1995,both,0.0,0.0,0.0
deficit,Total,Total,1991-03-01,1991,both,0.0,0.0,0.0
deficit,Total,Total,1991-03-01,1992,both,0.0,0.0,0.0
deficit,Total,Total,1991-03-01,1993,both,0.0,0.0,0.0
deficit,Total,Total,1991-03-01,1994,both,0.0,0.0,0.0
deficit,Total,Total,1991-03-01,1995,both,0.0,0.0,0.0
deficit,Total,Total,1991-03-01,1996,both,0.0,0.0,0.0
deficit,Total,Total,1992-03-01,1992,both,0.0,0.0,0.0
deficit,Total,Total,1992-03-01,1993,both,0.0,0.0,0.0
deficit,Total,Total,1992-03-01,1994,both,0.0,0.0,0.0
deficit,Total,Total,1992-03-01,1995,both,0.0,0.0,0.0
deficit,Total,Total,1992-03-01,1996,both,0.0,0.0,0.0
deficit,Total,Total,1992-03-01,1997,both,0.0,0.0,0.0
deficit,Total,Total,1993-03-01,1993,both,0.0,0.0,0.0
deficit,Total,Total,1993-03-01,1994,both,0.0,0.0,0.0
deficit,Total,Total,1993-03-01,1995,both,0.0,0.0,0.0
deficit,Total,Total,1993-03-01,1996,both,0.0,0.0,0.0
deficit,Total,Total,1993-03-01,1997,both,0.0,0.0,0.0
deficit,Total,Total,1993-03-01,1998,both,0.0,0.0,0.0
deficit,Total,Total,1994-04-01,1994,both,0.0,0.0,0.0
deficit,Total,Total,1994-04-01,1995,both,0.0,0.0,0.0
deficit,Total,Total,1994-04-01,1996,both,0.0,0.0,0.0
deficit,Total,Total,1994-04-01,1997,both,0.0,0.0,0.0
deficit,Total,Total,1994-04-01,1998,both,0.0,0.0,0.0
deficit,Total,Total,1994-04-01,1999,both,0.0,0.0,0.0
deficit,Total,Total,1995-04-01,1995,both,0.0,0.0,0.0
deficit,Total,Total,1995-04-01,1996,both,0.0,0.0,0.0
deficit,Total,Total,1995-04-01,1997,both,0.0,0.0,0.0
deficit,Total,Total,1995-04-01,1998,both,0.0,0.0,0.0
deficit,Total,Total,1995-04-01,1999,both,0.0,0.0,0.0
deficit,Total,Total,1995-04-01,2000,both,0.0,0.0,0.0
deficit,Total,Total,1996-05-01,1996,both,0.0,0.0,0.0
deficit,Total,Total,1996-05-01,1997,both,0.0,0.0,0.0
deficit,Total,Total,1996-05-01,1998,both,0.0,0.0,0.0
deficit,Total,Total,1996-05-01,1999,both,0.0,0.0,0.0
deficit,Total,Total,1996-05-01,2000,both,0.0,0.0,0.0
deficit,Total,Total,1996-05-01,2001,both,0.0,0.0,0.0
deficit,Total,Total,1996-05-01,2002,both,0.0,0.0,0.0
deficit,Total,Total,1996-05-01,2003,both,0.0,0.0,0.0
deficit,Total,Total,1996-05-01,2004,both,0.0,0.0,0.0
deficit,Total,Total,1996-05-01,2005,both,0.0,0.0,0.0
deficit,Total,Total,1996-05-01,2006,both,0.0,0.0,0.0
deficit,Total,Total,1997-03-01,1997,both,0.0,0.0,0.0
deficit,Total,Total,1997-03-01,1998,both,0.0,0.0,0.0
deficit,Total,Total,1997-03-01,1999,both,0.0,0.0,0.0
deficit,Total,Total,1997-03-01,2000,both,0.0,0.0,0.0
deficit,Total,Total,1997-03-01,2001,both,0.0,0.0,0.0
deficit,Total,Total,1997-03-01,2002,both,0.0,0.0,0.0
deficit,Total,Total,1997-03-01,2003,both,0.0,0.0,0.0
deficit,Total,Total,1997-03-01,2004,both,0.0,0.0,0.0
deficit,Total,Total,1997-03-01,2005,both,0.0,0.0,0.0
deficit,Total,Total,1997-03-01,2006,both,0.0,0.0,0.0
deficit,Total,Total,1997-03-01,2007,both,0.0,0.0,0.0
deficit,Total,Total,1998-03-01,1998,both,0.0,0.0,0.0
deficit,Total,Total,1998-03-01,1999,both,0.0,0.0,0.0
deficit,Total,Total,1998-03-01,2000,both,0.0,0.0,0.0
deficit,Total,Total,1998-03-01,2001,both,0.0,0.0,0.0
deficit,Total,Total,1998-03-01,2002,both,0.0,0.0,0.0
deficit,Total,Total,1998-03-01,2003,both,0.0,0.0,0.0
deficit,Total,Total,1998-03-01,2004,both,0.0,0.0,0.0
deficit,Total,Total,1998-03-01,2005,both,0.0,0.0,0.0
deficit,Total,Total,1998-03-01,2006,both,0.0,0.0,0.0
deficit,Total,Total,1998-03-01,2007,both,0.0,0.0,0.0
deficit,Total,Total,1998-03-01,2008,both,0.0,0.0,0.0
deficit,Total,Total,1999-04-01,1999,both,0.0,0.0,0.0
deficit,Total,Total,1999-04-01,2000,both,0.0,0.0,0.0
deficit,Total,Total,1999-04-01,2001,both,0.0,0.0,0.0
deficit,Total,Total,1999-04-01,2002,both,0.0,0.0,0.0
deficit,Total,Total,1999-04-01,2003,both,0.0,0.0,0.0
deficit,Total,Total,1999-04-01,2004,both,0.0,0.0,0.0
deficit,Total,Total,1999-04-01,2005,both,0.0,0.0,0.0
deficit,Total,Total,1999-04-01,2006,both,0.0,0.0,0.0
deficit,Total,Total,1999-04-01,2007,both,0.0,0.0,0.0
deficit,Total,Total,1999-04-01,2008,both,0.0,0.0,0.0
deficit,Total,Total,1999-04-01,2009,both,0.0,0.0,0.0
deficit,Total,Total,2000-04-01,2000,both,0.0,0.0,0.0
deficit,Total,Total,2000-04-01,2001,both,0.0,0.0,0.0
deficit,Total,Total,2000-04-01,2002,both,0.0,0.0,0.0
deficit,Total,Total,2000-04-01,2003,both,0.0,0.0,0.0
deficit,Total,Total,2000-04-01,2004,both,0.0,0.0,0.0
deficit,Total,Total,2000-04-01,2005,both,0.0,0.0,0.0
deficit,Total,Total,2000-04-01,2006,both,0.0,0.0,0.0
deficit,Total,Total,2000-04-01,2007,both,0.0,0.0,0.0
deficit,Total,Total,2000-04-01,2008,both,0.0,0.0,0.0
deficit,Total,Total,2000-04-01,2009,both,0.0,0.0,0.0
deficit,Total,Total,2000-04-01,2010,both,0.0,0.0,0.0
deficit,Total,Total,2001-05-01,2001,both,0.0,0.0,0.0
deficit,Total,Total,2001-05-01,2002,both,0.0,0.0,0.0
deficit,Total,Total,2001-05-01,2003,both,0.0,0.0,0.0
deficit,Total,Total,2001-05-01,2004,both,0.0,0.0,0.0
deficit,Total,Total,2001-05-01,2005,both,0.0,0.0,0.0
deficit,Total,Total,2001-05-01,2006,both,0.0,0.0,0.0
deficit,Total,Total,2001-05-01,2007,both,0.0,0.0,0.0
deficit,Total,Total,2001-05-01,2008,both,0.0,0.0,0.0
deficit,Total,Total,2001-05-01,2009,both,0.0,0.0,0.0
deficit,Total,Total,2001-05-01,2010,both,0.0,0.0,0.0
deficit,Total,Total,2001-05-01,2011,both,0.0,0.0,0.0
deficit,Total,Total,2002-03-01,2002,both,0.0,0.0,0.0
deficit,Total,Total,2002-03-01,2003,both,0.0,0.0,0.0
deficit,Total,Total,2002-03-01,2004,both,0.0,0.0,0.0
deficit,Total,Total,2002-03-01,2005,both,0.0,0.0,0.0
deficit,Total,Total,2002-03-01,2006,both,0.0,0.0,0.0
deficit,Total,Total,2002-03-01,2007,both,0.0,0.0,0.0
deficit,Total,Total,2002-03-01,2008,both,0.0,0.0,0.0
deficit,Total,Total,2002-03-01,2009,both,0.0,0.0,0.0
deficit,Total,Total,2002-03-01,2010,both,0.0,0.0,0.0
deficit,Total,Total,2002-03-01,2011,both,0.0,0.0,0.0
deficit,Total,Total,2002-03-01,2012,both,0.0,0.0,0.0
deficit,Total,Total,2003-03-01,2003,both,0.0,0.0,0.0
deficit,Total,Total,2003-03-01,2004,both,0.0,0.0,0.0
deficit,Total,Total,2003-03-01,2005,both,0.0,0.0,0.0
deficit,Total,Total,2003-03-01,2006,both,0.0,0.0,0.0
deficit,Total,Total,2003-03-01,2007,both,0.0,0.0,0.0
deficit,Total,Total,2003-03-01,2008,both,0.0,0.0,0.0
deficit,Total,Total,2003-03-01,2009,both,0.0,0.0,0.0
deficit,Total,Total,2003-03-01,2010,both,0.0,0.0,0.0
deficit,Total,Total,2003-03-01,2011,both,0.0,0.0,0.0
deficit,Total,Total,2003-03-01,2012,both,0.0,0.0,0.0
deficit,Total,Total,2003-03-01,2013,both,0.0,0.0,0.0
deficit,Total,Total,2004-03-01,2004,both,0.0,0.0,0.0
deficit,Total,Total,2004-03-01,2005,both,0.0,0.0,0.0
deficit,Total,Total,2004-03-01,2006,both,0.0,0.0,0.0
deficit,Total,Total,2004-03-01,2007,both,0.0,0.0,0.0
deficit,Total,Total,2004-03-01,2008,both,0.0,0.0,0.0
deficit,Total,Total,2004-03-01,2009,both,0.0,0.0,0.0
deficit,Total,Total,2004-03-01,2010,both,0.0,0.0,0.0
deficit,Total,Total,2004-03-01,2011,both,0.0,0.0,0.0
deficit,Total,Total,2004-03-01,2012,both,0.0,0.0,0.0
deficit,Total,Total,2004-03-01,2013,both,0.0,0.0,0.0
deficit,Total,Total,2004-03-01,2014,both,0.0,0.0,0.0
deficit,Total,Total,2005-03-01,2005,both,0.0,0.0,0.0
deficit,Total,Total,2005-03-01,2006,both,0.0,0.0,0.0
deficit,Total,Total,2005-03-01,2007,both,0.0,0.0,0.0
deficit,Total,Total,2005-03-01,2008,both,0.0,0.0,0.0
deficit,Total,Total,2005-03-01,2009,both,0.0,0.0,0.0
deficit,Total,Total,2005-03-01,2010,both,0.0,0.0,0.0
deficit,Total,Total,2005-03-01,2011,both,0.0,0.0,0.0
deficit,Total,Total,2005-03-01,2012,both,0.0,0.0,0.0
deficit,Total,Total,2005-03-01,2013,both,0.0,0.0,0.0
deficit,Total,Total,2005-03-01,2014,both,0.0,0.0,0.0
deficit,Total,Total,2005-03-01,2015,both,0.0,0.0,0.0
deficit,Total,Total,2006-03-01,2006,both,0.0,0.0,0.0
deficit,Total,Total,2006-03-01,2007,both,0.0,0.0,0.0
deficit,Total,Total,2006-03-01,2008,both,0.0,0.0,0.0
deficit,Total,Total,2006-03-01,2009,both,0.0,0.0,0.0
deficit,Total,Total,2006-03-01,2010,both,0.0,0.0,0.0
deficit,Total,Total,2006-03-01,2011,both,0.0,0.0,0.0
deficit,Total,Total,2006-03-01,2012,both,0.0,0.0,0.0
deficit,Total,Total,2006-03-01,2013,both,0.0,0.0,0.0
deficit,Total,Total,2006-03-01,2014,both,0.0,0.0,0.0
deficit,Total,Total,2006-03-01,2015,both,0.0,0.0,0.0
deficit,Total,Total,2006-03-01,2016,both,0.0,0.0,0.0
deficit,Total,Total,2007-03-01,2007,both,0.0,0.0,0.0
deficit,Total,Total,2007-03-01,2008,both,0.0,0.0,0.0
deficit,Total,Total,2007-03-01,2009,both,0.0,0.0,0.0
deficit,Total,Total,2007-03-01,2010,both,0.0,0.0,0.0
deficit,Total,Total,2007-03-01,2011,both,0.0,0.0,0.0
deficit,Total,Total,2007-03-01,2012,both,0.0,0.0,0.0
deficit,Total,Total,2007-03-01,2013,both,0.0,0.0,0.0
deficit,Total,Total,2007-03-01,2014,both,0.0,0.0,0.0
deficit,Total,Total,2007-03-01,2015,both,0.0,0.0,0.0
deficit,Total,Total,2007-03-01,2016,both,0.0,0.0,0.0
deficit,Total,Total,2007-03-01,2017,both,0.0,0.0,0.0
deficit,Total,Total,2008-03-01,2008,both,0.0,0.0,0.0
deficit,Total,Total,2008-03-01,2009,both,0.0,0.0,0.0
deficit,Total,Total,2008-03-01,2010,both,0.0,0.0,0.0
deficit,Total,Total,2008-03-01,2011,both,0.0,0.0,0.0
deficit,Total,Total,2008-03-01,2012,both,0.0,0.0,0.0
deficit,Total,Total,2008-03-01,2013,both,0.0,0.0,0.0
deficit,Total,Total,2008-03-01,2014,both,0.0,0.0,0.0
deficit,Total,Total,2008-03-01,2015,both,0.0,0.0,0.0
deficit,Total,Total,2008-03-01,2016,both,0.0,0.0,0.0
deficit,Total,Total,2008-03-01,2017,both,0.0,0.0,0.0
deficit,Total,Total,2008-03-01,2018,both,0.0,0.0,0.0
deficit,Total,Total,2009-03-01,2009,both,0.0,0.0,0.0
deficit,Total,Total,2009-03-01,2010,both,0.0,0.0,0.0
deficit,Total,Total,2009-03-01,2011,both,0.0,0.0,0.0
deficit,Total,Total,2009-03-01,2012,both,0.0,0.0,0.0
deficit,Total,Total,2009-03-01,2013,both,0.0,0.0,0.0
deficit,Total,Total,2009-03-01,2014,both,0.0,0.0,0.0
deficit,Total,Total,2009-03-01,2015,both,0.0,0.0,0.0
deficit,Total,Total,2009-03-01,2016,both,0.0,0.0,0.0
deficit,Total,Total,2009-03-01,2017,both,0.0,0.0,0.0
deficit,Total,Total,2009-03-01,2018,both,0.0,0.0,0.0
deficit,Total,Total,2009-03-01,2019,both,0.0,0.0,0.0
deficit,Total,Total,2010-03-01,2010,both,0.0,0.0,0.0
deficit,Total,Total,2010-03-01,2011,both,0.0,0.0,0.0
deficit,Total,Total,2010-03-01,2012,both,0.0,0.0,0.0
deficit,Total,Total,2010-03-01,2013,both,0.0,0.0,0.0
deficit,Total,Total,2010-03-01,2014,both,0.0,0.0,0.0
deficit,Total,Total,2010-03-01,2015,both,0.0,0.0,0.0
deficit,Total,Total,2010-03-01,2016,both,0.0,0.0,0.0
deficit,Total,Total,2010-03-01,2017,both,0.0,0.0,0.0
deficit,Total,Total,2010-03-01,2018,both,0.0,0.0,0.0
deficit,Total,Total,2010-03-01,2019,both,0.0,0.0,0.0
deficit,Total,Total,2010-03-01,2020,both,0.0,0.0,0.0
deficit,Total,Total,2011-03-01,2011,both,0.0,0.0,0.0
deficit,Total,Total,2011-03-01,2012,both,0.0,0.0,0.0
deficit,Total,Total,2011-03-01,2013,both,0.0,0.0,0.0
deficit,Total,Total,2011-03-01,2014,both,0.0,0.0,0.0
deficit,Total,Total,2011-03-01,2015,both,0.0,0.0,0.0
deficit,Total,Total,2011-03-01,2016,both,0.0,0.0,0.0
deficit,Total,Total,2011-03-01,2017,both,0.0,0.0,0.0
deficit,Total,Total,2011-03-01,2018,both,0.0,0.0,0.0
deficit,Total,Total,2011-03-01,2019,both,0.0,0.0,0.0
deficit,Total,Total,2011-03-01,2020,both,0.0,0.0,0.0
deficit,Total,Total,2011-03-01,2021,both,0.0,0.0,0.0
deficit,Total,Total,2012-03-01,2012,both,0.0,0.0,0.0
deficit,Total,Total,2012-03-01,2013,both,0.0,0.0,0.0
deficit,Total,Total,2012-03-01,2014,both,0.0,0.0,0.0
deficit,Total,Total,2012-03-01,2015,both,0.0,0.0,0.0
deficit,Total,Total,2012-03-01,2016,both,0.0,0.0,0.0
deficit,Total,Total,2012-03-01,2017,both,0.0,0.0,0.0
deficit,Total,Total,2012-03-01,2018,both,0.0,0.0,0.0
deficit,Total,Total,2012-03-01,2019,both,0.0,0.0,0.0
deficit,Total,Total,2012-03-01,2020,both,0.0,0.0,0.0
deficit,Total,Total,2012-03-01,2021,both,0.0,0.0,0.0
deficit,Total,Total,2012-03-01,2022,both,0.0,0.0,0.0
deficit,Total,Total,2013-05-01,2013,both,0.0,0.0,0.0
deficit,Total,Total,2013-05-01,2014,both,0.0,0.0,0.0
deficit,Total,Total,2013-05-01,2015,both,0.0,0.0,0.0
deficit,Total,Total,2013-05-01,2016,both,0.0,0.0,0.0
deficit,Total,Total,2013-05-01,2017,both,0.0,0.0,0.0
deficit,Total,Total,2013-05-01,2018,both,0.0,0.0,0.0
deficit,Total,Total,2013-05-01,2019,both,0.0,0.0,0.0
deficit,Total,Total,2013-05-01,2020,both,0.0,0.0,0.0
deficit,Total,Total,2013-05-01,2021,both,0.0,0.0,0.0
deficit,Total,Total,2013-05-01,2022,both,0.0,0.0,0.0
deficit,Total,Total,2013-05-01,2023,both,0.0,0.0,0.0
deficit,Total,Total,2014-04-01,2014,both,0.0,0.0,0.0
deficit,Total,Total,2014-04-01,2015,both,0.0,0.0,0.0
deficit,Total,Total,2014-04-01,2016,both,0.0,0.0,0.0
deficit,Total,Total,2014-04-01,2017,both,0.0,0.0,0.0
deficit,Total,Total,2014-04-01,2018,both,0.0,0.0,0.0
deficit,Total,Total,2014-04-01,2019,both,0.0,0.0,0.0
deficit,Total,Total,2014-04-01,2020,both,0.0,0.0,0.0
deficit,Total,Total,2014-04-01,2021,both,0.0,0.0,0.0
deficit,Total,Total,2014-04-01,2022,both,0.0,0.0,0.0
deficit,Total,Total,2014-04-01,2023,both,0.0,0.0,0.0
deficit,Total,Total,2014-04-01,2024,both,0.0,0.0,0.0
deficit,Total,Total,2015-03-01,2015,both,0.0,0.0,0.0
deficit,Total,Total,2015-03-01,2016,both,0.0,0.0,0.0
deficit,Total,Total,2015-03-01,2017,both,0.0,0.0,0.0
deficit,Total,Total,2015-03-01,2018,both,0.0,0.0,0.0
deficit,Total,Total,2015-03-01,2019,both,0.0,0.0,0.0
deficit,Total,Total,2015-03-01,2020,both,0.0,0.0,0.0
deficit,Total,Total,2015-03-01,2021,both,0.0,0.0,0.0
deficit,Total,Total,2015-03-01,2022,both,0.0,0.0,0.0
deficit,Total,Total,2015-03-01,2023,both,0.0,0.0,0.0
deficit,Total,Total,2015-03-01,2024,both,0.0,0.0,0.0
deficit,Total,Total,2015-03-01,2025,both,0.0,0.0,0.0
deficit,Total,Total,2016-03-01,2016,both,0.0,0.0,0.0
deficit,Total,Total,2016-03-01,2017,both,0.0,0.0,0.0
deficit,Total,Total,2016-03-01,2018,both,0.0,0.0,0.0
deficit,Total,Total,2016-03-01,2019,both,0.0,0.0,0.0
deficit,Total,Total,2016-03-01,2020,both,0.0,0.0,0.0
deficit,Total,Total,2016-03-01,2021,both,0.0,0.0,0.0
deficit,Total,Total,2016-03-01,2022,both,0.0,0.0,0.0
deficit,Total,Total,2016-03-01,2023,both,0.0,0.0,0.0
deficit,Total,Total,2016-03-01,2024,both,0.0,0.0,0.0
deficit,Total,Total,2016-03-01,2025,both,0.0,0.0,0.0
deficit,Total,Total,2017-06-01,2017,both,0.0,0.0,0.0
deficit,Total,Total,2017-06-01,2018,both,0.0,0.0,0.0
deficit,Total,Total,2017-06-01,2019,both,0.0,0.0,0.0
deficit,Total,Total,2017-06-01,2020,both,0.0,0.0,0.0
deficit,Total,Total,2017-06-01,2021,both,0.0,0.0,0.0
deficit,Total,Total,2017-06-01,2022,both,0.0,0.0,0.0
deficit,Total,Total,2017-06-01,2023,both,0.0,0.0,0.0
deficit,Total,Total,2017-06-01,2024,both,0.0,0.0,0.0
deficit,Total,Total,2017-06-01,2025,both,0.0,0.0,0.0
deficit,Total,Total,2018-05-01,2018,both,0.0,0.0,0.0
deficit,Total,Total,2018-05-01,2019,both,0.0,0.0,0.0
deficit,Total,Total,2018-05-01,2020,both,0.0,0.0,0.0
deficit,Total,Total,2018-05-01,2021,both,0.0,0.0,0.0
deficit,Total,Total,2018-05-01,2022,both,0.0,0.0,0.0
deficit,Total,Total,2018-05-01,2023,both,0.0,0.0,0.0
deficit,Total,Total,2018-05-01,2024,both,0.0,0.0,0.0
deficit,Total,Total,2018-05-01,2025,both,0.0,0.0,0.0
deficit,Total,Total,2019-05-01,2019,both,0.0,0.0,0.0
deficit,Total,Total,2019-05-01,2020,both,0.0,0.0,0.0
deficit,Total,Total,2019-05-01,2021,both,0.0,0.0,0.0
deficit,Total,Total,2019-05-01,2022,both,0.0,0.0,0.0
deficit,Total,Total,2019-05-01,2023,both,0.0,0.0,0.0
deficit,Total,Total,2019-05-01,2024,both,0.0,0.0,0.0
deficit,Total,Total,2019-05-01,2025,both,0.0,0.0,0.0
deficit,Total,Total,2020-03-01,2020,both,0.0,0.0,0.0
deficit,Total,Total,2020-03-01,2021,both,0.0,0.0,0.0
deficit,Total,Total,2020-03-01,2022,both,0.0,0.0,0.0
deficit,Total,Total,2020-03-01,2023,both,0.0,0.0,0.0
deficit,Total,Total,2020-03-01,2024,both,0.0,0.0,0.0
deficit,Total,Total,2020-03-01,2025,both,0.0,0.0,0.0
deficit,Total,Total,2021-07-01,2021,both,0.0,0.0,0.0
deficit,Total,Total,2021-07-01,2022,both,0.0,0.0,0.0
deficit,Total,Total,2021-07-01,2023,both,0.0,0.0,0.0
deficit,Total,Total,2021-07-01,2024,both,0.0,0.0,0.0
deficit,Total,Total,2021-07-01,2025,both,0.0,0.0,0.0
deficit,Total,Total,2022-05-01,2022,both,0.0,0.0,0.0
deficit,Total,Total,2022-05-01,2023,both,0.0,0.0,0.0
deficit,Total,Total,2022-05-01,2024,both,0.0,0.0,0.0
deficit,Total,Total,2022-05-01,2025,both,0.0,0.0,0.0
deficit,Total,Total,2023-05-01,2023,both,0.0,0.0,0.0
deficit,Total,Total,2023-05-01,2024,both,0.0,0.0,0.0
deficit,Total,Total,2023-05-01,2025,both,0.0,0.0,0.0
deficit,Total,Total,2024-06-01,2024,both,0.0,0.0,0.0
deficit,Total,Total,2024-06-01,2025,both,0.0,0.0,0.0
deficit,Total,Total,2025-01-01,2025,both,0.0,0.0,0.0
