doc_id,path,how
cbo_7ddb1b1774,raw/documents/cbo/pilot/cbo_beo/43907-BudgetOutlook.pdf,PDF https://www.cbo.gov/sites/default/files/113th-congress-2013-2014/reports/43907-BudgetOutlook.pdf
cbo_61ec851505,raw/documents/cbo/pilot/cbo_mbr/43915-mbr201301.pdf,PDF https://www.cbo.gov/sites/default/files/113th-congress-2013-2014/reports/43915-mbr201301.pdf
cbo_d5100f0340,raw/documents/cbo/pilot/cbo_mbr/43975_MBR.pdf,PDF https://www.cbo.gov/sites/default/files/113th-congress-2013-2014/reports/43975_MBR.pdf
cbo_ebb092bf76,raw/documents/cbo/pilot/cbo_mbr/44061-MBR.pdf,PDF https://www.cbo.gov/sites/default/files/113th-congress-2013-2014/reports/44061-MBR.pdf
cbo_25f9fee626,raw/documents/cbo/pilot/cbo_mbr/44144-MBR.pdf,PDF https://www.cbo.gov/sites/default/files/113th-congress-2013-2014/reports/44144-MBR.pdf
cbo_ad7a886ed0,raw/documents/cbo/pilot/cbo_beo/44172-Baseline-OneColumn.pdf,PDF https://www.cbo.gov/sites/default/files/113th-congress-2013-2014/reports/44172-Baseline-OneColumn.pdf
cbo_b5d46b8a72,raw/documents/cbo/pilot/cbo_apb/44173-apb0.pdf,PDF https://www.cbo.gov/sites/default/files/113th-congress-2013-2014/reports/44173-apb0.pdf
cbo_90afd1ad59,raw/documents/cbo/pilot/cbo_mbr/44320-MBR3.pdf,PDF https://www.cbo.gov/sites/default/files/113th-congress-2013-2014/reports/44320-MBR3.pdf
cbo_e78e83928c,raw/documents/cbo/pilot/cbo_mbr/44400-June2013MBR.pdf,PDF https://www.cbo.gov/sites/default/files/113th-congress-2013-2014/reports/44400-June2013MBR.pdf
cbo_63384310c3,raw/documents/cbo/pilot/cbo_mbr/44495-MBR.pdf,PDF https://www.cbo.gov/sites/default/files/113th-congress-2013-2014/reports/44495-MBR.pdf
cbo_39354a6ea2,raw/documents/cbo/pilot/cbo_mbr/44552-MBR_2013_08.pdf,PDF https://www.cbo.gov/system/files/2018-10/44552-MBR_2013_08.pdf
cbo_25c424bcb8,raw/documents/cbo/pilot/cbo_mbr/44716-MBR_FY2013.pdf,PDF https://www.cbo.gov/system/files/2018-09/44716-MBR_FY2013.pdf
cbo_7b3cc469a6,raw/documents/cbo/pilot/cbo_mbr/44938-MBR.pdf,PDF https://www.cbo.gov/sites/default/files/113th-congress-2013-2014/reports/44938-MBR.pdf
cbo_a48d23bf57,raw/documents/cbo/pilot/cbo_mbr/44999-MBR.pdf,PDF https://www.cbo.gov/sites/default/files/113th-congress-2013-2014/reports/44999-MBR.pdf
cbo_5ed147fb5a,raw/documents/cbo/pilot/cbo_beo/45010-outlook2014feb0.pdf,PDF https://www.cbo.gov/sites/default/files/113th-congress-2013-2014/reports/45010-outlook2014feb0.pdf
cbo_f56e10febf,raw/documents/cbo/pilot/cbo_mbr/45091-MBR.pdf,PDF https://www.cbo.gov/sites/default/files/113th-congress-2013-2014/reports/45091-MBR.pdf
cbo_f3b02fce80,raw/documents/cbo/pilot/cbo_mbr/45174-MBR.pdf,PDF https://www.cbo.gov/sites/default/files/113th-congress-2013-2014/reports/45174-MBR.pdf
cbo_55d893e151,raw/documents/cbo/pilot/cbo_mbr/45237-mbr.pdf,PDF https://www.cbo.gov/sites/default/files/113th-congress-2013-2014/reports/45237-mbr.pdf
cbo_d11a0da2b3,raw/documents/cbo/pilot/cbo_beo/45229-UpdatedBudgetProjections_OneColumn.pdf,PDF https://www.cbo.gov/sites/default/files/113th-congress-2013-2014/reports/45229-UpdatedBudgetProjections_OneColumn.pdf
cbo_07d6acaaec,raw/documents/cbo/pilot/cbo_apb/45230-APB_OneColumn.pdf,PDF https://www.cbo.gov/sites/default/files/113th-congress-2013-2014/reports/45230-APB_OneColumn.pdf
cbo_dbf661ca19,raw/documents/cbo/pilot/cbo_mbr/45334-201404-mbr.pdf,PDF https://www.cbo.gov/sites/default/files/113th-congress-2013-2014/reports/45334-201404-mbr.pdf
cbo_931a3f7865,raw/documents/cbo/pilot/cbo_mbr/45426-MBR.pdf,PDF https://www.cbo.gov/sites/default/files/113th-congress-2013-2014/reports/45426-MBR.pdf
cbo_004010a628,raw/documents/cbo/pilot/cbo_mbr/45504-MBR.pdf,PDF https://www.cbo.gov/sites/default/files/113th-congress-2013-2014/reports/45504-MBR.pdf
cbo_5872dc6348,raw/documents/cbo/pilot/cbo_apb/45540-Economic_APB.pdf,PDF https://www.cbo.gov/sites/default/files/113th-congress-2013-2014/reports/45540-Economic_APB.pdf
cbo_1d23aa02ff,raw/documents/cbo/pilot/cbo_mbr/45629-MBR.pdf,PDF https://www.cbo.gov/sites/default/files/113th-congress-2013-2014/reports/45629-MBR.pdf
cbo_650247df4d,raw/documents/cbo/pilot/cbo_beo/45653-outlookupdate2014aug.pdf,PDF https://www.cbo.gov/sites/default/files/113th-congress-2013-2014/reports/45653-outlookupdate2014aug.pdf
cbo_887f8e542f,raw/documents/cbo/pilot/cbo_mbr/45694-mbr0.pdf,PDF https://www.cbo.gov/sites/default/files/113th-congress-2013-2014/reports/45694-mbr0.pdf
cbo_a4a09fbd35,raw/documents/cbo/pilot/cbo_mbr/49450-MBR.pdf,PDF https://www.cbo.gov/sites/default/files/113th-congress-2013-2014/reports/49450-MBR.pdf
cbo_b4c80c6403,raw/documents/cbo/pilot/cbo_mbr/49759-MBR.pdf,PDF https://www.cbo.gov/sites/default/files/113th-congress-2013-2014/reports/49759-MBR.pdf
cbo_6adfd46832,raw/documents/cbo/pilot/cbo_mbr/49806-MBR-November.pdf,PDF https://www.cbo.gov/sites/default/files/113th-congress-2013-2014/reports/49806-MBR-November.pdf
cbo_e5dcda3187,raw/documents/cbo/pilot/cbo_mbr/49867-mbr.pdf,PDF https://www.cbo.gov/sites/default/files/114th-congress-2015-2016/reports/49867-mbr.pdf
cbo_a0d7d4564e,raw/documents/cbo/pilot/cbo_beo/49892-Outlook2015.pdf,PDF https://www.cbo.gov/sites/default/files/114th-congress-2015-2016/reports/49892-Outlook2015.pdf
cbo_f4a825b7e6,raw/documents/cbo/pilot/cbo_mbr/49924-MBR-1.pdf,PDF https://www.cbo.gov/sites/default/files/114th-congress-2015-2016/reports/49924-MBR-1.pdf
cbo_3b1f04fbf5,raw/documents/cbo/pilot/cbo_beo/49973-UpdatedBudgetProjections.pdf,PDF https://www.cbo.gov/system/files/2018-10/49973-UpdatedBudgetProjections.pdf
cbo_5e6703b94f,raw/documents/cbo/pilot/cbo_mbr/50000-MBR.pdf,PDF https://www.cbo.gov/sites/default/files/114th-congress-2015-2016/reports/50000-MBR.pdf
cbo_6a39d7aa13,raw/documents/cbo/pilot/cbo_apb/49979-analysisofpresidentsbudget-2.pdf,PDF https://www.cbo.gov/sites/default/files/114th-congress-2015-2016/reports/49979-analysisofpresidentsbudget-2.pdf
cbo_b2b0783046,raw/documents/cbo/pilot/cbo_mbr/50095-MBR.pdf,PDF https://www.cbo.gov/sites/default/files/114th-congress-2015-2016/reports/50095-MBR.pdf
cbo_959375ca38,raw/documents/cbo/pilot/cbo_mbr/50151-MBR.pdf,PDF https://www.cbo.gov/sites/default/files/114th-congress-2015-2016/reports/50151-MBR.pdf
cbo_30f5e6c838,raw/documents/cbo/pilot/cbo_mbr/50272-MBR_1.pdf,PDF https://www.cbo.gov/sites/default/files/114th-congress-2015-2016/reports/50272-MBR_1.pdf
cbo_dcc4231bdb,raw/documents/cbo/pilot/cbo_mbr/50362-MBR_1.pdf,PDF https://www.cbo.gov/sites/default/files/114th-congress-2015-2016/reports/50362-MBR_1.pdf
cbo_8c857d1d0c,raw/documents/cbo/pilot/cbo_mbr/50720-mbr-2.pdf,PDF https://www.cbo.gov/sites/default/files/114th-congress-2015-2016/reports/50720-mbr-2.pdf
cbo_a50ea12916,raw/documents/cbo/pilot/cbo_apb/50734-APB.pdf,PDF https://www.cbo.gov/sites/default/files/114th-congress-2015-2016/reports/50734-APB.pdf
cbo_216d2ee23d,raw/documents/cbo/pilot/cbo_beo/50724-Update-OneColumn_0.pdf,PDF https://www.cbo.gov/sites/default/files/114th-congress-2015-2016/reports/50724-Update-OneColumn_0.pdf
cbo_9610f4f4a6,raw/documents/cbo/pilot/cbo_mbr/50808-mbr.pdf,PDF https://www.cbo.gov/sites/default/files/114th-congress-2015-2016/reports/50808-mbr.pdf
cbo_e554407f37,raw/documents/cbo/pilot/cbo_mbr/50878-MBR.pdf_18c2471b,PDF https://www.cbo.gov/sites/default/files/114th-congress-2015-2016/reports/50878-MBR.pdf
cbo_8a80c617c2,raw/documents/cbo/pilot/cbo_mbr/50974-MBR1.pdf,PDF https://www.cbo.gov/sites/default/files/114th-congress-2015-2016/reports/50974-MBR1.pdf
cbo_e6e8911ed6,raw/documents/cbo/pilot/cbo_mbr/51048-MBR.pdf,PDF https://www.cbo.gov/sites/default/files/114th-congress-2015-2016/reports/51048-MBR.pdf
cbo_a2f67c6060,raw/documents/cbo/pilot/cbo_mbr/51108-MBR.pdf,PDF https://www.cbo.gov/sites/default/files/114th-congress-2015-2016/reports/51108-MBR.pdf
cbo_6ff08bf9a3,raw/documents/cbo/pilot/cbo_beo/51129-2016outlookonecol-2.pdf,PDF https://www.cbo.gov/sites/default/files/114th-congress-2015-2016/reports/51129-2016outlookonecol-2.pdf
cbo_723d0dd1b2,raw/documents/cbo/pilot/cbo_mbr/51222-MBR.pdf,PDF https://www.cbo.gov/sites/default/files/114th-congress-2015-2016/reports/51222-MBR.pdf
cbo_e8fabce490,raw/documents/cbo/pilot/cbo_mbr/51352-mbr.pdf,PDF https://www.cbo.gov/sites/default/files/114th-congress-2015-2016/reports/51352-mbr.pdf
cbo_78ec67bffd,raw/documents/cbo/pilot/cbo_beo/51384-marchbaselineonecol.pdf,PDF https://www.cbo.gov/sites/default/files/114th-congress-2015-2016/reports/51384-marchbaselineonecol.pdf
cbo_6d5086209e,raw/documents/cbo/pilot/cbo_apb/51383-apbonecol.pdf,PDF https://www.cbo.gov/sites/default/files/114th-congress-2015-2016/reports/51383-apbonecol.pdf
cbo_6c1aed116a,raw/documents/cbo/pilot/cbo_mbr/51442-MBR.pdf,PDF https://www.cbo.gov/sites/default/files/114th-congress-2015-2016/reports/51442-MBR.pdf
cbo_5c0ba8a074,raw/documents/cbo/pilot/cbo_mbr/51534-MBR.pdf,PDF https://www.cbo.gov/sites/default/files/114th-congress-2015-2016/reports/51534-MBR.pdf
cbo_90bf203d9a,raw/documents/cbo/pilot/cbo_apb/51625-economicapbonecol.pdf,PDF https://www.cbo.gov/sites/default/files/114th-congress-2015-2016/reports/51625-economicapbonecol.pdf
cbo_11b525ee76,raw/documents/cbo/pilot/cbo_mbr/51665-mbr.pdf,PDF https://www.cbo.gov/sites/default/files/114th-congress-2015-2016/reports/51665-mbr.pdf
cbo_f0b34e2f76,raw/documents/cbo/pilot/cbo_mbr/51766-MBR.pdf,PDF https://www.cbo.gov/sites/default/files/114th-congress-2015-2016/reports/51766-MBR.pdf
cbo_8813a6bc20,raw/documents/cbo/pilot/cbo_mbr/51861-MBR.pdf,PDF https://www.cbo.gov/sites/default/files/114th-congress-2015-2016/reports/51861-MBR.pdf
cbo_72a4742108,raw/documents/cbo/pilot/cbo_beo/51908-breakout-notes.pdf,PDF https://www.cbo.gov/sites/default/files/114th-congress-2015-2016/reports/51908-breakout-notes.pdf
cbo_18cb125f45,raw/documents/cbo/pilot/cbo_mbr/51978-mbr.pdf,PDF https://www.cbo.gov/sites/default/files/114th-congress-2015-2016/reports/51978-mbr.pdf
cbo_b33a4b07b7,raw/documents/cbo/pilot/cbo_mbr/52086-mbr.pdf,PDF https://www.cbo.gov/sites/default/files/114th-congress-2015-2016/reports/52086-mbr.pdf
cbo_13c138f6e1,raw/documents/cbo/pilot/cbo_mbr/52152-mbr.pdf,PDF https://www.cbo.gov/sites/default/files/114th-congress-2015-2016/reports/52152-mbr.pdf
cbo_491df07f80,raw/documents/cbo/pilot/cbo_mbr/52319-mbr.pdf,PDF https://www.cbo.gov/sites/default/files/114th-congress-2015-2016/reports/52319-mbr.pdf
cbo_d9fce6ef58,raw/documents/cbo/pilot/cbo_mbr/52362-mbr.pdf,PDF https://www.cbo.gov/sites/default/files/115th-congress-2017-2018/reports/52362-mbr.pdf
cbo_88449d080f,raw/documents/cbo/pilot/cbo_beo/52370-breakout-notes.pdf,PDF https://www.cbo.gov/sites/default/files/115th-congress-2017-2018/reports/52370-breakout-notes.pdf
cbo_cbb182a919,raw/documents/cbo/pilot/cbo_mbr/52403-mbr.pdf,PDF https://www.cbo.gov/sites/default/files/115th-congress-2017-2018/reports/52403-mbr.pdf
cbo_3d1bbd7260,raw/documents/cbo/pilot/cbo_mbr/52479-mbr.pdf,PDF https://www.cbo.gov/sites/default/files/115th-congress-2017-2018/reports/52479-mbr.pdf
cbo_c24642d88b,raw/documents/cbo/pilot/cbo_mbr/52543-mbr.pdf,PDF https://www.cbo.gov/system/files/115th-congress-2017-2018/reports/52543-mbr.pdf
cbo_a80fa201fc,raw/documents/cbo/pilot/cbo_mbr/52692-mbr.pdf,PDF https://www.cbo.gov/system/files/115th-congress-2017-2018/reports/52692-mbr.pdf
cbo_a91edc7876,raw/documents/cbo/pilot/cbo_mbr/52791-mbr.pdf,PDF https://www.cbo.gov/system/files/115th-congress-2017-2018/reports/52791-mbr.pdf
cbo_a32de21b17,raw/documents/cbo/pilot/cbo_beo/52801-june2017outlook.pdf,PDF https://www.cbo.gov/system/files/115th-congress-2017-2018/reports/52801-june2017outlook.pdf
cbo_7b61bd5d37,raw/documents/cbo/pilot/cbo_mbr/52882-mbr_1.pdf,PDF https://www.cbo.gov/system/files/115th-congress-2017-2018/reports/52882-mbr_1.pdf
cbo_0802613fe4,raw/documents/cbo/pilot/cbo_apb/52846-apb.pdf,PDF https://www.cbo.gov/system/files/115th-congress-2017-2018/reports/52846-apb.pdf
cbo_3869d85991,raw/documents/cbo/pilot/cbo_mbr/52993-mbr.pdf,PDF https://www.cbo.gov/system/files/115th-congress-2017-2018/reports/52993-mbr.pdf
cbo_e69d950593,raw/documents/cbo/pilot/cbo_mbr/53078-mbr.pdf,PDF https://www.cbo.gov/system/files/115th-congress-2017-2018/reports/53078-mbr.pdf
cbo_34807c5193,raw/documents/cbo/pilot/cbo_mbr/53181-mbr.pdf,PDF https://www.cbo.gov/system/files/115th-congress-2017-2018/reports/53181-mbr.pdf
cbo_fb93371ad3,raw/documents/cbo/pilot/cbo_mbr/53286-mbr.pdf,PDF https://www.cbo.gov/system/files/115th-congress-2017-2018/reports/53286-mbr.pdf
cbo_cb99713cee,raw/documents/cbo/pilot/cbo_mbr/53363-mbr.pdf,PDF https://www.cbo.gov/system/files/115th-congress-2017-2018/reports/53363-mbr.pdf
cbo_24f1c24ed6,raw/documents/cbo/pilot/cbo_mbr/53443-mbr.pdf,PDF https://www.cbo.gov/system/files/115th-congress-2017-2018/reports/53443-mbr.pdf
cbo_4cce4fe5cb,raw/documents/cbo/pilot/cbo_mbr/53549-mbr.pdf,PDF https://www.cbo.gov/system/files/115th-congress-2017-2018/reports/53549-mbr.pdf
cbo_1a2cb71765,raw/documents/cbo/pilot/cbo_mbr/53638-mbr.pdf,PDF https://www.cbo.gov/system/files/115th-congress-2017-2018/reports/53638-mbr.pdf
cbo_b561832545,raw/documents/cbo/pilot/cbo_mbr/53718-mbr.pdf,PDF https://www.cbo.gov/system/files/115th-congress-2017-2018/reports/53718-mbr.pdf
cbo_c788cbb348,raw/documents/cbo/pilot/cbo_beo/53651-outlook-2.pdf,PDF https://www.cbo.gov/system/files/2019-04/53651-outlook-2.pdf
cbo_c7cd04f74b,raw/documents/cbo/pilot/cbo_mbr/53821-mbr.pdf,PDF https://www.cbo.gov/system/files/2018-07/53821-mbr.pdf
cbo_02f040dac1,raw/documents/cbo/pilot/cbo_apb/53884-apb2019.pdf,PDF https://www.cbo.gov/system/files/2018-08/53884-apb2019.pdf
cbo_fbc07ca56b,raw/documents/cbo/pilot/cbo_mbr/53950-mbr.pdf,PDF https://www.cbo.gov/system/files/115th-congress-2017-2018/reports/53950-mbr.pdf
cbo_cdb540e4f4,raw/documents/cbo/pilot/cbo_mbr/54126-MBR.pdf,PDF https://www.cbo.gov/system/files/2018-07/54126-MBR.pdf
cbo_eaa9478ff3,raw/documents/cbo/pilot/cbo_mbr/54339-MBR.pdf,PDF https://www.cbo.gov/system/files/2018-08/54339-MBR.pdf
cbo_52e9e966ff,raw/documents/cbo/pilot/cbo_beo/54318-EconomicOutlook-Aug2018-update-2.pdf,PDF https://www.cbo.gov/system/files/2019-04/54318-EconomicOutlook-Aug2018-update-2.pdf
cbo_289301512f,raw/documents/cbo/pilot/cbo_mbr/54442-MBR.pdf,PDF https://www.cbo.gov/system/files/2018-09/54442-MBR.pdf
cbo_dff45546a1,raw/documents/cbo/pilot/cbo_mbr/54551-MBR.pdf,PDF https://www.cbo.gov/system/files/2018-10/54551-MBR.pdf
cbo_080e257c2b,raw/documents/cbo/pilot/cbo_mbr/54647-MBR.pdf,PDF https://www.cbo.gov/system/files/2018-11/54647-MBR.pdf
cbo_190a199d7c,raw/documents/cbo/pilot/cbo_mbr/54861-MBR.pdf,PDF https://www.cbo.gov/system/files/2018-12/54861-MBR.pdf
cbo_224a064778,raw/documents/cbo/pilot/cbo_mbr/54905-MBR.pdf,PDF https://www.cbo.gov/system/files/2019-01/54905-MBR.pdf
cbo_8e4f2bc301,raw/documents/cbo/pilot/cbo_beo/54918-Outlook-3.pdf,PDF https://www.cbo.gov/system/files/2019-03/54918-Outlook-3.pdf
cbo_ee13cefbb4,raw/documents/cbo/pilot/cbo_mbr/54961-MBR.pdf,PDF https://www.cbo.gov/system/files/2019-02/54961-MBR.pdf
cbo_1ce48423d4,raw/documents/cbo/pilot/cbo_mbr/55017-MBR.pdf,PDF https://www.cbo.gov/system/files/2019-03/55017-MBR.pdf
cbo_d6611299ce,raw/documents/cbo/pilot/cbo_mbr/55095-MBR.pdf,PDF https://www.cbo.gov/system/files/2019-04/55095-MBR.pdf
cbo_14f5fb2509,raw/documents/cbo/pilot/cbo_beo/55151-budget_update_0.pdf,PDF https://www.cbo.gov/system/files/2019-05/55151-budget_update_0.pdf
cbo_5143dec3e3,raw/documents/cbo/pilot/cbo_mbr/55219-MBR.pdf,PDF https://www.cbo.gov/system/files/2019-05/55219-MBR.pdf
cbo_a584c7e02c,raw/documents/cbo/pilot/cbo_apb/55195-APB2020_0.pdf,PDF https://www.cbo.gov/system/files/2019-05/55195-APB2020_0.pdf
cbo_51f22aa407,raw/documents/cbo/pilot/cbo_mbr/55329-MBR.pdf,PDF https://www.cbo.gov/system/files/2019-06/55329-MBR.pdf
cbo_49754bc660,raw/documents/cbo/pilot/cbo_mbr/CBO-55415-MBR.pdf,PDF https://www.cbo.gov/system/files/2019-07/CBO-55415-MBR.pdf
cbo_c13a854ea9,raw/documents/cbo/pilot/cbo_mbr/55527-CBO-MBR-July2019.pdf,PDF https://www.cbo.gov/system/files/2019-08/55527-CBO-MBR-July2019.pdf
cbo_8a457ab353,raw/documents/cbo/pilot/cbo_beo/55551-CBO-outlook-update_0.pdf,PDF https://www.cbo.gov/system/files/2019-08/55551-CBO-outlook-update_0.pdf
cbo_40c82c3a06,raw/documents/cbo/pilot/cbo_mbr/55598-CBO-MBR-Aug2019.pdf,PDF https://www.cbo.gov/system/files/2019-09/55598-CBO-MBR-Aug2019.pdf
cbo_8f275f4762,raw/documents/cbo/pilot/cbo_mbr/55699-CBO-MBR.pdf,PDF https://www.cbo.gov/system/files/2019-10/55699-CBO-MBR.pdf
cbo_e4a1e83b59,raw/documents/cbo/pilot/cbo_mbr/55824-CBO-MBR-FY19.pdf,PDF https://www.cbo.gov/system/files/2019-11/55824-CBO-MBR-FY19.pdf
cbo_4cab2fa166,raw/documents/cbo/pilot/cbo_mbr/55926-CBO-MBR.pdf,PDF https://www.cbo.gov/system/files/2019-12/55926-CBO-MBR.pdf
cbo_ff0e83d88e,raw/documents/cbo/pilot/cbo_mbr/55997-CBO-MBR.pdf,PDF https://www.cbo.gov/system/files/2020-01/55997-CBO-MBR.pdf
cbo_d22b498ad0,raw/documents/cbo/pilot/cbo_beo/56020-CBO-Outlook.pdf,PDF https://www.cbo.gov/system/files/2020-01/56020-CBO-Outlook.pdf
cbo_f6b7631809,raw/documents/cbo/pilot/cbo_mbr/56118-CBO-MBR.pdf,PDF https://www.cbo.gov/system/files/2020-02/56118-CBO-MBR.pdf
cbo_79dbadf7ea,raw/documents/cbo/pilot/cbo_mbr/56223-CBO-MBR.pdf,PDF https://www.cbo.gov/system/files/2020-03/56223-CBO-MBR.pdf
cbo_cb544d41f4,raw/documents/cbo/pilot/cbo_beo/56268-CBO-baseline-budget-projections.pdf,PDF https://www.cbo.gov/system/files/2020-03/56268-CBO-baseline-budget-projections.pdf
cbo_d6b1ca9080,raw/documents/cbo/pilot/cbo_apb/56278-CBO-APB-2021.pdf,PDF https://www.cbo.gov/system/files/2020-03/56278-CBO-APB-2021.pdf
cbo_2c8aa15c29,raw/documents/cbo/pilot/cbo_mbr/56317-CBO-MBR.pdf,PDF https://www.cbo.gov/system/files/2020-04/56317-CBO-MBR.pdf
cbo_315f43b0b9,raw/documents/cbo/pilot/cbo_mbr/56350-CBO-MBR.pdf,PDF https://www.cbo.gov/system/files/2020-05/56350-CBO-MBR.pdf
cbo_e4af493178,raw/documents/cbo/pilot/cbo_beo/56351-CBO-interim-projections.pdf,PDF https://www.cbo.gov/system/files/2020-05/56351-CBO-interim-projections.pdf
cbo_507e058f52,raw/documents/cbo/pilot/cbo_mbr/56390-CBO-MBR.pdf,PDF https://www.cbo.gov/system/files/2020-06/56390-CBO-MBR.pdf
cbo_5829717fa6,raw/documents/cbo/pilot/cbo_beo/56442-CBO-update-economic-outlook.pdf,PDF https://www.cbo.gov/system/files/2020-07/56442-CBO-update-economic-outlook.pdf
cbo_da90da7df3,raw/documents/cbo/pilot/cbo_mbr/56458-CBO-MBR.pdf,PDF https://www.cbo.gov/system/files/2020-07/56458-CBO-MBR.pdf
cbo_f54a56be7a,raw/documents/cbo/pilot/cbo_mbr/56497-CBO-MBR.pdf,PDF https://www.cbo.gov/system/files/2020-08/56497-CBO-MBR.pdf
cbo_67dc949f34,raw/documents/cbo/pilot/cbo_beo/56517-Budget-Outlook.pdf,PDF https://www.cbo.gov/system/files/2020-09/56517-Budget-Outlook.pdf
cbo_f38356ed80,raw/documents/cbo/pilot/cbo_mbr/56552-MBR.pdf,PDF https://www.cbo.gov/system/files/2020-09/56552-MBR.pdf
cbo_57b27df7b9,raw/documents/cbo/pilot/cbo_mbr/56661-MBR.pdf,PDF https://www.cbo.gov/system/files/2020-10/56661-MBR.pdf
cbo_fdde1955d2,raw/documents/cbo/pilot/cbo_mbr/56746-MBR.pdf,PDF https://www.cbo.gov/system/files/2020-11/56746-MBR.pdf
cbo_0a530659ea,raw/documents/cbo/pilot/cbo_mbr/56886-MBR.pdf,PDF https://www.cbo.gov/system/files/2020-12/56886-MBR.pdf
cbo_c3d0918ba6,raw/documents/cbo/pilot/cbo_mbr/56953-MBR.pdf,PDF https://www.cbo.gov/system/files/2021-01/56953-MBR.pdf
cbo_25b08e9bd3,raw/documents/cbo/pilot/cbo_mbr/56976-MBR.pdf,PDF https://www.cbo.gov/system/files/2021-02/56976-MBR.pdf
cbo_78f99b6cea,raw/documents/cbo/pilot/cbo_beo/56970-Outlook.pdf,PDF https://www.cbo.gov/system/files/2021-02/56970-Outlook.pdf
cbo_66822823c0,raw/documents/cbo/pilot/cbo_beo/56989-economic-outlook.pdf,PDF https://www.cbo.gov/system/files/2021-02/56989-economic-outlook.pdf
cbo_53f0812c7b,raw/documents/cbo/pilot/cbo_beo/56996-budget-outlook.pdf,PDF https://www.cbo.gov/system/files/2021-03/56996-budget-outlook.pdf
cbo_95c8de100b,raw/documents/cbo/pilot/cbo_mbr/57031-MBR.pdf,PDF https://www.cbo.gov/system/files/2021-03/57031-MBR.pdf
cbo_56b7b59df2,raw/documents/cbo/pilot/cbo_mbr/57018-MBR.pdf,PDF https://www.cbo.gov/system/files/2021-04/57018-MBR.pdf
cbo_a50ffbce73,raw/documents/cbo/pilot/cbo_mbr/57127-MBR.pdf,PDF https://www.cbo.gov/system/files/2021-05/57127-MBR.pdf
cbo_f6893e5e04,raw/documents/cbo/pilot/cbo_mbr/57193-MBR.pdf,PDF https://www.cbo.gov/system/files/2021-06/57193-MBR.pdf
cbo_2d6a97e68e,raw/documents/cbo/pilot/cbo_beo/57218-Outlook.pdf,PDF https://www.cbo.gov/system/files/2021-07/57218-Outlook.pdf
cbo_d52064278e,raw/documents/cbo/pilot/cbo_mbr/57288-MBR.pdf,PDF https://www.cbo.gov/system/files/2021-07/57288-MBR.pdf
cbo_dd97059bce,raw/documents/cbo/pilot/cbo_beo/57263-outlook.pdf,PDF https://www.cbo.gov/system/files/2021-07/57263-outlook.pdf
cbo_768c7ceb9b,raw/documents/cbo/pilot/cbo_apb/57358,publication page (no archived PDF)
cbo_9982a803ae,raw/documents/cbo/pilot/cbo_mbr/57349-MBR.pdf,PDF https://www.cbo.gov/system/files/2021-08/57349-MBR.pdf
cbo_a72367d9b2,raw/documents/cbo/pilot/cbo_mbr/57419-MBR.pdf,PDF https://www.cbo.gov/system/files/2021-09/57419-MBR.pdf
cbo_ad0a6f62d0,raw/documents/cbo/pilot/cbo_mbr/57476-MBR.pdf,PDF https://www.cbo.gov/system/files/2021-10/57476-MBR.pdf
cbo_0ce3cfa915,raw/documents/cbo/pilot/cbo_mbr/57539-MBR.pdf,PDF https://www.cbo.gov/system/files/2021-11/57539-MBR.pdf
cbo_66857e4056,raw/documents/cbo/pilot/cbo_mbr/57613_MBR.pdf,PDF https://www.cbo.gov/system/files/2021-12/57613_MBR.pdf
cbo_44341f820d,raw/documents/cbo/pilot/cbo_mbr/57667-MBR.pdf,PDF https://www.cbo.gov/system/files/2022-01/57667-MBR.pdf
cbo_6037869821,raw/documents/cbo/pilot/cbo_mbr/57759-MBR.pdf,PDF https://www.cbo.gov/system/files/2022-02/57759-MBR.pdf
cbo_d3bf6db2c6,raw/documents/cbo/pilot/cbo_mbr/57841-MBR.pdf,PDF https://www.cbo.gov/system/files/2022-03/57841-MBR.pdf
cbo_738b86b88c,raw/documents/cbo/pilot/cbo_mbr/57909-MBR.pdf,PDF https://www.cbo.gov/system/files/2022-04/57909-MBR.pdf
cbo_6dda5a0b73,raw/documents/cbo/pilot/cbo_mbr/57974-MBR.pdf,PDF https://www.cbo.gov/system/files/2022-05/57974-MBR.pdf
cbo_8b1555ccc3,raw/documents/cbo/pilot/cbo_beo/57950-Outlook.pdf,PDF https://www.cbo.gov/system/files/2022-05/57950-Outlook.pdf
cbo_324a4e4817,raw/documents/cbo/pilot/cbo_mbr/58111-MBR.pdf,PDF https://www.cbo.gov/system/files/2022-06/58111-MBR.pdf
cbo_711c54b7bc,raw/documents/cbo/pilot/cbo_apb/57972-APB-discretionary.pdf,PDF https://www.cbo.gov/system/files/2022-07/57972-APB-discretionary.pdf
cbo_7fd0044550,raw/documents/cbo/pilot/cbo_mbr/58219-MBR.pdf,PDF https://www.cbo.gov/system/files/2022-07/58219-MBR.pdf
cbo_8f8c9ce88c,raw/documents/cbo/pilot/cbo_mbr/58266-MBR.pdf,PDF https://www.cbo.gov/system/files/2022-08/58266-MBR.pdf
cbo_c4793abc5c,raw/documents/cbo/pilot/cbo_mbr/58416-08-MBR.pdf,PDF https://www.cbo.gov/system/files/2022-09/58416-08-MBR.pdf
cbo_75db85f070,raw/documents/cbo/pilot/cbo_apb/58417-APB.pdf,PDF https://www.cbo.gov/system/files/2022-09/58417-APB.pdf
cbo_4bcd138c89,raw/documents/cbo/pilot/cbo_mbr/58493-09_MBR.pdf,PDF https://www.cbo.gov/system/files/2022-10/58493-09_MBR.pdf
cbo_69dd9f8e8d,raw/documents/cbo/pilot/cbo_mbr/58592-MBR.pdf,PDF https://www.cbo.gov/system/files/2022-11/58592-MBR.pdf
cbo_28226b6b2e,raw/documents/cbo/pilot/cbo_beo/58757-Economy.pdf_7ae9d35a,PDF https://www.cbo.gov/system/files/2022-11/58757-Economy.pdf
cbo_e0b42f2b55,raw/documents/cbo/pilot/cbo_mbr/58756-MBR.pdf,PDF https://www.cbo.gov/system/files/2022-12/58756-MBR.pdf
cbo_27749de204,raw/documents/cbo/pilot/cbo_mbr/58862-MBR.pdf,PDF https://www.cbo.gov/system/files/2023-01/58862-MBR.pdf
cbo_5435e848ae,raw/documents/cbo/pilot/cbo_mbr/58882-MBR.pdf,PDF https://www.cbo.gov/system/files/2023-02/58882-MBR.pdf
cbo_72234d6054,raw/documents/cbo/pilot/cbo_beo/58848-Outlook.pdf,PDF https://www.cbo.gov/system/files/2023-02/58848-Outlook.pdf
cbo_e24218830c,raw/documents/cbo/pilot/cbo_mbr/58938-MBR.pdf,PDF https://www.cbo.gov/system/files/2023-03/58938-MBR.pdf
cbo_93ef56495d,raw/documents/cbo/pilot/cbo_mbr/58995-MBR.pdf,PDF https://www.cbo.gov/system/files/2023-04/58995-MBR.pdf
cbo_b81869f7f8,raw/documents/cbo/pilot/cbo_mbr/59053-MBR.pdf,PDF https://www.cbo.gov/system/files/2023-05/59053-MBR.pdf
cbo_910aabd4f6,raw/documents/cbo/pilot/cbo_beo/59096-Budget-Outlook.pdf,PDF https://www.cbo.gov/system/files/2023-05/59096-Budget-Outlook.pdf
cbo_860e6fd039,raw/documents/cbo/pilot/cbo_apb/59097-APB.pdf,PDF https://www.cbo.gov/system/files/2023-05/59097-APB.pdf
cbo_851b25e94b,raw/documents/cbo/pilot/cbo_mbr/59134-MBR.pdf_162eeaab,PDF https://www.cbo.gov/system/files/2023-06/59134-MBR.pdf
cbo_10df642e93,raw/documents/cbo/pilot/cbo_mbr/59255-MBR.pdf,PDF https://www.cbo.gov/system/files/2023-07/59255-MBR.pdf
cbo_54158258da,raw/documents/cbo/pilot/cbo_beo/59258-econ-outlook.pdf,PDF https://www.cbo.gov/system/files/2023-07/59258-econ-outlook.pdf
cbo_178e64da34,raw/documents/cbo/pilot/cbo_mbr/59377-MBR.pdf,PDF https://www.cbo.gov/system/files/2023-08/59377-MBR.pdf
cbo_846aa38fb7,raw/documents/cbo/pilot/cbo_mbr/59474-MBR.pdf,PDF https://www.cbo.gov/system/files/2023-09/59474-MBR.pdf
cbo_971f3a5f0b,raw/documents/cbo/pilot/cbo_mbr/59544.pdf,PDF https://www.cbo.gov/system/files/2023-10/59544.pdf
cbo_f6890b6c2e,raw/documents/cbo/pilot/cbo_mbr/59640-MBR.pdf,PDF https://www.cbo.gov/system/files/2023-11/59640-MBR.pdf
cbo_f7fa358f7b,raw/documents/cbo/pilot/cbo_mbr/59726-MBR.pdf,PDF https://www.cbo.gov/system/files/2023-12/59726-MBR.pdf
cbo_82ff4429a0,raw/documents/cbo/pilot/cbo_beo/59837-Economy.pdf_5a45fac0,PDF https://www.cbo.gov/system/files/2023-12/59837-Economy.pdf
cbo_03c0bc8687,raw/documents/cbo/pilot/cbo_mbr/59821-MBR_0.pdf_162eeaab,PDF https://www.cbo.gov/system/files/2024-01/59821-MBR_0.pdf
cbo_dee9824f61,raw/documents/cbo/pilot/cbo_beo/59710-Outlook-2024.pdf,PDF https://www.cbo.gov/system/files/2024-02/59710-Outlook-2024.pdf
cbo_ea4040e789,raw/documents/cbo/pilot/cbo_mbr/59822_MBR.pdf,PDF https://www.cbo.gov/system/files/2024-02/59822%C2%ADMBR.pdf
cbo_3ce25c16ef,raw/documents/cbo/pilot/cbo_mbr/59973-MBR.pdf,PDF https://www.cbo.gov/system/files/2024-03/59973-MBR.pdf
cbo_8067cb2d89,raw/documents/cbo/pilot/cbo_mbr/60115-MBR.pdf,PDF https://www.cbo.gov/system/files/2024-04/60115-MBR.pdf
cbo_efb486a2da,raw/documents/cbo/pilot/cbo_mbr/60193-MBR.pdf,PDF https://www.cbo.gov/system/files/2024-05/60193-MBR.pdf
cbo_6fc108d204,raw/documents/cbo/pilot/cbo_mbr/60280-MBR.pdf,PDF https://www.cbo.gov/system/files/2024-06/60280-MBR.pdf
cbo_545b4c4173,raw/documents/cbo/pilot/cbo_beo/60039-Outlook-2024.pdf,PDF https://www.cbo.gov/system/files/2024-06/60039-Outlook-2024.pdf
cbo_0238676e18,raw/documents/cbo/pilot/cbo_apb/60041,publication page (no archived PDF)
cbo_b194307082,raw/documents/cbo/pilot/cbo_mbr/60361-MBR.pdf,PDF https://www.cbo.gov/system/files/2024-07/60361-MBR.pdf
cbo_d41534f0d9,raw/documents/cbo/pilot/cbo_mbr/60479-MBR.pdf,PDF https://www.cbo.gov/system/files/2024-08/60479-MBR.pdf
cbo_9c9a9e3be3,raw/documents/cbo/pilot/cbo_mbr/60592-MBR.pdf,PDF https://www.cbo.gov/system/files/2024-09/60592-MBR.pdf
cbo_5bd20984d5,raw/documents/cbo/pilot/cbo_apb/60438-APB.pdf,PDF https://www.cbo.gov/system/files/2024-10/60438-APB.pdf
cbo_3112e1a26a,raw/documents/cbo/pilot/cbo_mbr/60730-MBR.pdf,PDF https://www.cbo.gov/system/files/2024-10/60730-MBR.pdf
cbo_d35aa72e64,raw/documents/cbo/pilot/cbo_mbr/60843-MBR.pdf_5a45fac0,PDF https://www.cbo.gov/system/files/2024-11/60843-MBR.pdf
cbo_a72f4a4920,raw/documents/cbo/pilot/cbo_mbr/60844-MBR.pdf,PDF https://www.cbo.gov/system/files/2024-12/60844-MBR.pdf
cbo_4cedef42fb,raw/documents/cbo/pilot/cbo_beo/60890-Economy.pdf,PDF https://www.cbo.gov/system/files/2024-12/60890-Economy.pdf
cbo_854675c0a6,raw/documents/cbo/pilot/cbo_mbr/61151-MBR.pdf,PDF https://www.cbo.gov/system/files/2025-01/61151-MBR.pdf
cbo_852c91278f,raw/documents/cbo/pilot/cbo_beo/60870-Outlook-2025.pdf,PDF https://www.cbo.gov/system/files/2025-01/60870-Outlook-2025.pdf
cbo_9c10e4359f,raw/documents/cbo/pilot/cbo_accuracy/59682-Accuracy.pdf,PDF https://www.cbo.gov/system/files/2023-12/59682-Accuracy.pdf
cbo_21d1ff1083,raw/documents/cbo/pilot/cbo_accuracy/61916-budget-accuracy.pdf,PDF https://www.cbo.gov/system/files/2026-01/61916-budget-accuracy.pdf
obr_07712e2fb4,raw/documents/obr/pilot/efo/Devolved-taxes-forecast-July-2015.pdf,archived elsewhere: https://obr.uk/docs/dlm_uploads/Devolved-taxes-forecast-July-2015.pdf
obr_1a9d727a7a,raw/documents/obr/pilot/efo/Student-numbers-July-2015-Economic-and-fiscal-outlook.pdf,own link
obr_26a1d627e3,raw/documents/obr/pilot/efo/July-2015-speaking-note.pdf,own link
obr_31b2746b23,raw/documents/obr/pilot/efo/Climate-Change-Levy-July-2015.pdf,own link
obr_3be51c36cc,raw/documents/obr/pilot/efo/Log-of-contact-EFO-Jul-15-3223.pdf,own link
obr_454038c0fd,raw/documents/obr/pilot/efo/Correction-to-Table-1.2-July-2015-Economic-and-fiscal-outlook.pdf,own link
obr_49954183d8,raw/documents/obr/pilot/efo/Student-loans-forecast-detail-July-2015.pdf,own link
obr_6197712455,raw/documents/obr/pilot/efo/EU-calendar-year-July-2015.pdf,own link
obr_84c5f9e016,raw/documents/obr/pilot/efo/Correction-to-Table-4.19-_July-2015-Economic-and-fiscal-outlook.pdf,own link
obr_b551bac32e,raw/documents/obr/July-2015-EFO-234224.pdf,own link
obr_e8a368627e,raw/documents/obr/pilot/psf_commentary/June-2015-commentary.pdf,archived elsewhere: https://obr.uk/docs/dlm_uploads/June-2015-commentary.pdf
obr_caa1f1677a,raw/documents/obr/pilot/psf_commentary/July-2015-PSF-commentary.pdf,archived elsewhere: https://obr.uk/docs/dlm_uploads/July-2015-PSF-commentary.pdf
obr_d9396c3f78,raw/documents/obr/pilot/psf_commentary/August-2015-commentary.pdf,archived elsewhere: https://obr.uk/docs/dlm_uploads/August-2015-commentary.pdf
obr_d647f464fe,raw/documents/obr/pilot/psf_commentary/Sep2015-draft-commentaryC.pdf,archived elsewhere: http://budgetresponsibility.org.uk/wordpress/docs/Sep2015-draft-commentaryC.pdf
obr_03e0695c95,raw/documents/obr/pilot/efo/PressNotice_EFO_November2015.pdf,archived elsewhere: https://obr.uk/docs/dlm_uploads/PressNotice_EFO_November2015.pdf
obr_1203ad6f57,raw/documents/obr/pilot/efo/Log-of-substantive-contact__EFO___Nov-15.pdf,own link
obr_236125478a,raw/documents/obr/pilot/efo/Renewable-heat-incentive_November2015.pdf,own link
obr_339c9bbe10,raw/documents/obr/pilot/efo/year-by-year-changes-in-the-cyclically-adjusted-current-budget-data-november-2015-economic-and-fiscal-outlook.xls,own link
obr_6ed90647dd,raw/documents/obr/pilot/efo/Tax-credits-costings_November2015.pdf,own link
obr_7146b754e5,raw/documents/obr/pilot/efo/data-sources-november-2015.xls,own link
obr_93d60934f3,raw/documents/obr/pilot/efo/Correction-Table-4.32-Nov2015.pdf,own link
obr_b011b118ae,raw/documents/obr/pilot/efo/EFO_November__2015.pdf,own link
obr_cb88a4729c,raw/documents/obr/pilot/efo/CACB_November2015.pdf,own link
obr_e8144f5e8f,raw/documents/obr/pilot/efo/Speaking-note-November-2015-EFO.pdf,archived elsewhere: https://obr.uk/docs/dlm_uploads/Speaking-note-November-2015-EFO.pdf
obr_ed2aa6953a,raw/documents/obr/pilot/efo/Employees-National-Living-Wage.pdf,own link
obr_0d26f7efc2,raw/documents/obr/pilot/psf_commentary/Dec-2015-Commentary-on-the-Public-Sector-Finances-release.pdf,archived elsewhere: http://budgetresponsibility.org.uk/wordpress/docs/Dec-2015-Commentary-on-the-Public-Sector-Finances-release.pdf
obr_74f8084e3a,raw/documents/obr/pilot/psf_commentary/Public-finances-commentary-January-2016.pdf,archived elsewhere: https://obr.uk/docs/dlm_uploads/Public-finances-commentary-January-2016.pdf
obr_0b7ca35872,raw/documents/obr/pilot/efo/Overview.pdf,own link
obr_11ddd0cc0e,raw/documents/obr/pilot/efo/Speaking_note_March_2016.pdf,archived elsewhere: http://budgetresponsibility.org.uk/docs/dlm_uploads/Speaking_note_March_2016.pdf
obr_27fed0de34,raw/documents/obr/pilot/efo/non-residential-sdlt-elasticities-march-2017-economic-fiscal-outlook.pdf,own link
obr_2bb3a19006,raw/documents/obr/pilot/efo/Executive-summary-1.pdf,own link
obr_84bc258f7b,raw/documents/obr/pilot/efo/Data_Sources_March_16_EFO.xlsx,own link
obr_a2c016780d,raw/documents/obr/pilot/efo/MAR16_EFO_PN.pdf,own link
obr_bb5b0f11c0,raw/documents/obr/pilot/efo/Log-of-contact-EFO-March-16.pdf,own link
obr_c94d151322,raw/documents/obr/pilot/efo/March2016EFO.pdf,own link
obr_d28891892b,raw/documents/obr/pilot/efo/universal-credit-uc-caseload-forecasts-march-2016-economic-fiscal-outlook.pdf,own link
obr_e56bd68aeb,raw/documents/obr/pilot/efo/Devolved-taxes-forecast-1.pdf,own link
obr_af84e63b51,raw/documents/obr/pilot/psf_commentary/Brief_guide_to_the_public_finances_March_2016.pdf,archived elsewhere: https://obr.uk/docs/dlm_uploads/Brief_guide_to_the_public_finances_March_2016.pdf
obr_6438b6a5d8,raw/documents/obr/pilot/psf_commentary/April-2016-Commentary-on-the-Public-Sector-Finances-release.pdf,archived elsewhere: http://budgetresponsibility.org.uk/docs/dlm_uploads/April-2016-Commentary-on-the-Public-Sector-Finances-release.pdf
obr_27d0ca5c39,raw/documents/obr/pilot/psf_commentary/May-2016-Commentary-on-the-Public-Sector-Finances-release.pdf,archived elsewhere: https://obr.uk/docs/dlm_uploads/May-2016-Commentary-on-the-Public-Sector-Finances-release.pdf
obr_222c582aea,raw/documents/obr/pilot/psf_commentary/June-2016-Commentary-on-the-Public-Sector-Finances-release.pdf,archived elsewhere: https://obr.uk/docs/dlm_uploads/June-2016-Commentary-on-the-Public-Sector-Finances-release.pdf
obr_33b1b62860,raw/documents/obr/pilot/psf_commentary/July-2016-Commentary-on-the-Public-Sector-Finances-release.pdf,archived elsewhere: https://obr.uk/docs/dlm_uploads/July-2016-Commentary-on-the-Public-Sector-Finances-release.pdf
obr_58296129b5,raw/documents/obr/pilot/psf_commentary/August-2016-Commentary-on-the-Public-Sector-Finances-release.pdf,archived elsewhere: https://obr.uk/docs/dlm_uploads/August-2016-Commentary-on-the-Public-Sector-Finances-release.pdf
obr_e6b1cacff7,raw/documents/obr/pilot/psf_commentary/September-2016-Commentary-on-the-Public-Sector-Finances-release.pdf,archived elsewhere: https://obr.uk/docs/dlm_uploads/September-2016-Commentary-on-the-Public-Sector-Finances-release.pdf
obr_012819dad1,raw/documents/obr/pilot/efo/economic-and-fiscal-outlook-press-notice-november-2016.pdf,own link
obr_19c3787c16,raw/documents/obr/pilot/efo/data-sources-november-2016.xlsx,own link
obr_21ffbf9cf0,raw/documents/obr/pilot/efo/log-of-substantive-contact-between-the-obr-and-treasury-ministers-special-advisers-and-their-private-office-staff-november-2016.pdf,own link
obr_24e2bc2911,raw/documents/obr/pilot/efo/letter-robert-chote-sir-dave-ramsden-pre-release-access-november-2016-economic-fiscal-outlook.pdf,own link
obr_50ab1ea0f3,raw/documents/obr/pilot/efo/letter-sir-dave-ramsden-robert-chote-pre-release-access-november-2016-economic-fiscal-outlook.pdf,own link
obr_5c48606fb7,raw/documents/obr/pilot/efo/decomposition-th-referendum-counterfactual.pdf,own link
obr_611c82c177,raw/documents/obr/pilot/efo/oil-gas-receipts-forecast-changes-diagnostic.pdf,own link
obr_7adfda00a0,raw/documents/obr/pilot/efo/alternative-productivity-scenarios-november-2016-economic-fiscal-outlook.xlsx,own link
obr_ace07cb2e6,raw/documents/obr/pilot/efo/economic-and-fiscal-outlook-presentation-slides-november-2016.pdf,own link
obr_ad2123e1dc,raw/documents/obr/pilot/efo/economic-and-fiscal-outlook-november-2016.pdf,own link
obr_cfd529db2e,raw/documents/obr/pilot/efo/executive-summary-november-2016.pdf,own link
obr_e7e55492b3,raw/documents/obr/pilot/efo/devolved-taxes-forecast-november-2016.pdf,own link
obr_f1793ed00a,raw/documents/obr/pilot/efo/economic-and-fiscal-outlook-speaking-notes-november-2016.pdf,own link
obr_8338619c4e,raw/documents/obr/pilot/psf_commentary/December-2016-Commentary-on-the-Public-Sector-Finances.pdf,archived elsewhere: http://budgetresponsibility.org.uk/docs/December-2016-Commentary-on-the-Public-Sector-Finances.pdf
obr_03e03aedbf,raw/documents/obr/pilot/psf_commentary/commentary-public-sector-finances-january-2017.pdf,own link
obr_09356791e4,raw/documents/obr/pilot/efo/log-substantive-contact-obr-treasury-ministers-special-advisers-private-office-staff-23-november-2016-7-march-2017.pdf,own link
obr_09ce2db508,raw/documents/obr/pilot/efo/business-rates-appeals-march-2017-economic-fiscal-outlook.pdf,own link
obr_41c19ec5d5,raw/documents/obr/pilot/efo/ExecutiveSummaryMarch2017EFO.pdf,own link
obr_9a7ae381d2,raw/documents/obr/pilot/efo/economic-and-fiscal-outlook-march-2017.pdf,own link
obr_9fe2437b90,raw/documents/obr/pilot/efo/Speaking-note-March-2017.pdf,own link
obr_a6c61a856d,raw/documents/obr/pilot/efo/PN_EFO_Mar2017.pdf,own link
obr_cadb14d96f,raw/documents/obr/pilot/efo/Data_sources_March_17_EFO.xlsx,own link
obr_e8336eaa4b,raw/documents/obr/pilot/efo/EFO-briefing-slides-March-2017.pdf,own link
obr_f8280aa1c2,raw/documents/obr/pilot/efo/march-2017-devolved-taxes-forecast.pdf,own link
obr_d669bfa3b2,raw/documents/obr/pilot/psf_commentary/commentary-public-sector-finances-january-2017.pdf,archived elsewhere: http://budgetresponsibility.org.uk/docs/dlm_uploads/February-2017-Commentary-on-the-Public-Sector-Finances.pdf
obr_677cfa272d,raw/documents/obr/pilot/psf_commentary/March-2017-Commentary-on-the-Public-Sector-Finances.pdf,archived elsewhere: https://obr.uk/docs/dlm_uploads/March-2017-Commentary-on-the-Public-Sector-Finances.pdf
obr_5c98b7089f,raw/documents/obr/pilot/psf_commentary/commentary-public-sector-finances-april-2017.pdf,own link
obr_bbe491cf16,raw/documents/obr/pilot/psf_commentary/commentary-public-sector-finances-may-2017.pdf,own link
obr_7a577a333d,raw/documents/obr/pilot/psf_commentary/commentary-public-sector-finances-may-2017.pdf,archived elsewhere: https://obr.uk/docs/dlm_uploads/June-2017-Commentary-on-the-Public-Sector-Finances-.pdf
obr_f1b917be9c,raw/documents/obr/pilot/psf_commentary/July-2017-Commentary-on-the-Public-Sector-Finances.pdf,archived elsewhere: https://obr.uk/docs/dlm_uploads/July-2017-Commentary-on-the-Public-Sector-Finances.pdf
obr_7684c6409a,raw/documents/obr/pilot/psf_commentary/commentary-public-sector-finances-august-2017.pdf,own link
obr_2c4424510b,raw/documents/obr/pilot/psf_commentary/commentary-public-sector-finances-september-2017.pdf,own link
obr_2f830c0e85,raw/documents/obr/pilot/efo/housing-supply-forecast-november-2017-economic-fiscal-outlook.xlsx,own link
obr_456eb37f9e,raw/documents/obr/pilot/efo/log-substantive-contact-obr-treasury-ministers-special-advisers-private-office-staff-8-march-2017-21-november-2017.pdf,own link
obr_4c0de36398,raw/documents/obr/pilot/efo/november-2017-economic-fiscal-outlook-speaking-notes.pdf,own link
obr_62a8318b28,raw/documents/obr/pilot/efo/november-2017-devolved-taxes-forecast.pdf,own link
obr_b75e608040,raw/documents/obr/pilot/efo/household-debt-servicing-costs-november-2017-economic-fiscal-outlook.xlsx,own link
obr_ba14db8f1d,raw/documents/obr/pilot/efo/economic-and-fiscal-outlook-november-2017.pdf,own link
obr_d219ba24c8,raw/documents/obr/pilot/efo/EFO_Nov17PN7429.pdf,own link
obr_d93932aea2,raw/documents/obr/pilot/psf_commentary/commentary-public-sector-finances-november-2017.pdf,own link
obr_8a28b091d9,raw/documents/obr/pilot/psf_commentary/commentary-public-sector-finances-november-2017.pdf,archived elsewhere: https://obr.uk/docs/dlm_uploads/Dec-2017-Commentary-on-the-Public-Sector-Finances.pdf
obr_cb3afee81f,raw/documents/obr/pilot/psf_commentary/Jan-2018-Commentary-on-the-Public-Sector-Finances.pdf,archived elsewhere: https://obr.uk/docs/dlm_uploads/Jan-2018-Commentary-on-the-Public-Sector-Finances.pdf
obr_1938020e80,raw/documents/obr/pilot/efo/march-2018-economic-and-fiscal-outlook-presentation-slides.pdf,own link
obr_2d53c5ce4f,raw/documents/obr/pilot/efo/DataSources_March_18_EFO.xlsx,own link
obr_43794645fb,raw/documents/obr/pilot/efo/march-2018-devolved-tax-and-spending-forecasts.pdf,own link
obr_55d0956bbf,raw/documents/obr/pilot/efo/log-of-substantive-contact-between-the-obr-and-treasury-ministers-special-advisers-and-their-private-office-staff-between-22-november-2017-and-12-marc.pdf,own link
obr_671d5488e7,raw/documents/obr/pilot/efo/march-2018-economic-and-fiscal-outlook-press-notice.pdf,own link
obr_9f16fdbc54,raw/documents/obr/pilot/efo/EFO-MaRch_2018.pdf,own link
obr_bce4d13a4a,raw/documents/obr/pilot/efo/march-2018-economic-and-fiscal-outlook-executive-summary.pdf,own link
obr_f6cc4642ad,raw/documents/obr/pilot/efo/march-2018-economic-and-fiscal-outlook-speaking-notes.pdf,own link
obr_5ae03ec16d,raw/documents/obr/pilot/psf_commentary/Feb-2018-Commentary-on-the-Public-Sector-Finances.pdf,archived elsewhere: https://obr.uk/docs/dlm_uploads/Feb-2018-Commentary-on-the-Public-Sector-Finances.pdf
obr_ee60c1684b,raw/documents/obr/pilot/psf_commentary/Mar-2018-Commentary-on-the-Public-Sector-Finances.Final_.pdf,archived elsewhere: https://obr.uk/docs/dlm_uploads/Mar-2018-Commentary-on-the-Public-Sector-Finances.Final_.pdf
obr_9723ad2ee9,raw/documents/obr/pilot/psf_commentary/April-2018-Commentary-on-the-Public-Sector-Finances.pdf,archived elsewhere: https://obr.uk/docs/dlm_uploads/April-2018-Commentary-on-the-Public-Sector-Finances.pdf
obr_14b0eafa94,raw/documents/obr/pilot/psf_commentary/July-2018-Commentary-on-the-Public-Sector-Finances.Final_.pdf,own link
obr_dd9407a4a4,raw/documents/obr/pilot/psf_commentary/July-2018-Commentary-on-the-Public-Sector-Finances.Final_.pdf,archived elsewhere: https://obr.uk/docs/dlm_uploads/July-2018-Commentary-on-the-Public-Sector-Finances.Final_.pdf
obr_ccddb05d08,raw/documents/obr/pilot/psf_commentary/August-2018-Commentary-on-the-Public-Sector-Finances.Final_.pdf,archived elsewhere: http://obr.uk/docs/dlm_uploads/August-2018-Commentary-on-the-Public-Sector-Finances.Final_.pdf
obr_1aa86b1ab1,raw/documents/obr/pilot/efo/log-of-substantive-contact-between-the-obr-and-treasury-ministers-special-advisers-and-their-private-office-staff-between-13-march-2018-and-28-october.pdf,own link
obr_35098fbe71,raw/documents/obr/pilot/efo/economic-and-fiscal-outlook-october-2018.pdf,own link
obr_45495d264d,raw/documents/obr/pilot/efo/october-2018-devolved-tax-and-spending-forecasts.pdf,own link
obr_a8351302c2,raw/documents/obr/pilot/efo/october-2018-economic-and-fiscal-outlook-executive-summary.pdf,own link
obr_ad8004c673,raw/documents/obr/pilot/efo/october-2018-economic-and-fiscal-outlook-press-notice.pdf,own link
obr_d1ebdf9c75,raw/documents/obr/pilot/efo/economic-and-fiscal-outlook-presentation-slides-october-2018.pdf,own link
obr_dd518f445f,raw/documents/obr/pilot/efo/october-2018-economic-fiscal-outlook-hmrc-tax-reliefs.pdf,own link
obr_e9a2e5a99a,raw/documents/obr/pilot/efo/october-2018-economic-fiscal-outlook-marriage-allowance.pdf,own link
obr_6d2508689b,raw/documents/obr/pilot/psf_commentary/Sep-2018-Commentary-on-the-Public-Sector-Finances.Final_.pdf,archived elsewhere: https://obr.uk/docs/Sep-2018-Commentary-on-the-Public-Sector-Finances.Final_.pdf
obr_456ddad309,raw/documents/obr/pilot/psf_commentary/Oct-2018-Commentary-on-the-Public-Sector-Finances.pdf,archived elsewhere: https://obr.uk/docs/dlm_uploads/Oct-2018-Commentary-on-the-Public-Sector-Finances.pdf
obr_f4ed42487d,raw/documents/obr/pilot/psf_commentary/November-2018-Commentary-on-the-Public-Finances.pdf,archived elsewhere: https://obr.uk/docs/dlm_uploads/November-2018-Commentary-on-the-Public-Finances.pdf
obr_59f1197387,raw/documents/obr/pilot/psf_commentary/December-2018-Commentary-on-the-Public-Finances.pdf,archived elsewhere: https://obr.uk/docs/dlm_uploads/December-2018-Commentary-on-the-Public-Finances.pdf
obr_f94da83f0c,raw/documents/obr/pilot/psf_commentary/commentary-public-sector-finances-january-2019.pdf,own link
obr_0e38ccc143,raw/documents/obr/pilot/efo/vat-standard-rated-share-march-2019-economic-fiscal-outlook.pdf,own link
obr_5f6a0f9d18,raw/documents/obr/pilot/efo/economic-fiscal-outlook-presentation-slides-march-2019.pdf,own link
obr_951e44435a,raw/documents/obr/pilot/efo/march-2019-devolved-tax-and-spending-forecasts.pdf,own link
obr_a194fe9c2f,raw/documents/obr/pilot/efo/log-of-substantive-contact-between-the-office-for-budget-responsibility-and-treasury-ministers-and-their-special-advisers-and-private-office-staff-bet.pdf,own link
obr_a333c0a070,raw/documents/obr/pilot/efo/direct-fiscal-consequences-unconventional-monetary-policies.pdf,own link
obr_a34b082f1c,raw/documents/obr/pilot/efo/March-2019_EFO_Web-Accessible.pdf,own link
obr_a4c1d8b20a,raw/documents/obr/pilot/efo/march-2019-economic-and-fiscal-outlook-press-notice.pdf,own link
obr_bdbcf2cb78,raw/documents/obr/pilot/efo/march-2019-economic-and-fiscal-outlook-executive-summary.pdf,own link
obr_e36f679bc2,raw/documents/obr/pilot/efo/economic-fiscal-outlook-speaking-notes-march-2019.pdf,own link
obr_eaf2a0bb89,raw/documents/obr/Restated_March_2019.pdf,own link
obr_6dc31cbf2b,raw/documents/obr/pilot/psf_commentary/February-2019-Commentary-on-the-Public-Finances.pdf,archived elsewhere: https://obr.uk/docs/dlm_uploads/February-2019-Commentary-on-the-Public-Finances.pdf
obr_d3975db605,raw/documents/obr/pilot/psf_commentary/Brief_guide_to_the_public_finances_March_2019.pdf,archived elsewhere: https://obr.uk/docs/dlm_uploads/Brief_guide_to_the_public_finances_March_2019.pdf
obr_0a8d957e34,raw/documents/obr/pilot/psf_commentary/commentary-public-sector-finances-april-2019.pdf,own link
obr_8d70b7d49f,raw/documents/obr/pilot/psf_commentary/commentary-public-sector-finances-may-2019.pdf,own link
obr_4c57c8bbf7,raw/documents/obr/pilot/psf_commentary/commentary-public-sector-finances-june-2019.pdf,own link
obr_e95617e3a8,raw/documents/obr/pilot/psf_commentary/commentary-public-sector-finances-july-2019.pdf,own link
obr_2fe36d6e85,raw/documents/obr/pilot/psf_commentary/commentary-public-sector-finances-august-2019.pdf,own link
obr_d014ec518f,raw/documents/obr/pilot/psf_commentary/October-2019-Commentary-on-the-Public-Finances.pdf,own link
obr_a7b5ae9287,raw/documents/obr/pilot/psf_commentary/commentary-public-sector-finances-october-2019.pdf,own link
obr_3bce833d7a,raw/documents/obr/pilot/psf_commentary/commentary-public-sector-finances-november-2019.pdf,own link
obr_70267ad8ad,raw/documents/obr/pilot/psf_commentary/Jan-2020-PSF-Commentary.pdf,own link
obr_14651f7714,raw/documents/obr/pilot/psf_commentary/February-2020-Commentary-on-the-Public-Finances-1.pdf,own link
obr_0b933748f9,raw/documents/obr/pilot/efo/economic-and-fiscal-outlook-presentation-slides-march-2020.pdf,own link
obr_1b37e85996,raw/documents/obr/pilot/efo/log-of-substantive-contact-between-the-obr-and-treasury-ministers-special-advisers-and-their-private-office-staff-between-13-march-2019-and-10-march-2.pdf,own link
obr_478c58477e,raw/documents/obr/pilot/efo/march-2020-devolved-tax-and-spending-forecasts.pdf,own link
obr_91b9a91ae6,raw/documents/obr/pilot/efo/march-2020-economic-and-fiscal-outlook-press-notice.pdf,own link
obr_936f6d2141,raw/documents/obr/pilot/efo/economic-and-fiscal-outlook-speaking-notes-march-2020.pdf,own link
obr_b0e050a0d5,raw/documents/obr/pilot/efo/economic-and-fiscal-outlook-march-2020.pdf,own link
obr_db5eb3c574,raw/documents/obr/pilot/efo/march-2020-economic-and-fiscal-outlook-executive-summary.pdf,own link
obr_1212484fd1,raw/documents/obr/pilot/psf_commentary/Mar-2020-PSF-Commentary.pdf,own link
obr_f304e45d22,raw/documents/obr/pilot/psf_commentary/Apr-2020-PSF-Commentary.pdf,own link
obr_15d9da76aa,raw/documents/obr/pilot/psf_commentary/Apr-2020-PSF-Commentary.pdf,archived elsewhere: https://obr.uk/docs/Apr-2020-PSF-Commentary.pdf
obr_d7b29665e2,raw/documents/obr/pilot/psf_commentary/June-2020-Commentary-on-the-public-sector-finances.pdf,own link
obr_4795e52e15,raw/documents/obr/pilot/psf_commentary/July-2020-PSF-Commentary.pdf,own link
obr_32985de825,raw/documents/obr/pilot/psf_commentary/August-2020-PSF-Commentary.pdf,own link
obr_dc0dd97e37,raw/documents/obr/pilot/psf_commentary/September-2020-PSF-Commentary.pdf,own link
obr_54422c45c0,raw/documents/obr/pilot/psf_commentary/October-2020-PSF-Commentary.pdf,own link
obr_2091042773,raw/documents/obr/pilot/efo/november-2020-economic-and-fiscal-outlook-executive-summary.pdf,own link
obr_4015866f51,raw/documents/obr/pilot/efo/log-of-substantive-contact-between-the-obr-and-treasury-ministers-special-advisers-and-their-private-office-staff-between-14-july-and-24-november-2020.pdf,own link
obr_86ae0e0186,raw/documents/obr/pilot/efo/november-2020-economic-and-fiscal-outlook-press-notice.pdf,own link
obr_8cd6700e85,raw/documents/obr/pilot/efo/november-2020-devolved-tax-and-spending-forecasts.pdf,own link
obr_96867f7159,raw/documents/obr/pilot/efo/november-2020-economic-and-fiscal-outlook-presentation-slides.pdf,own link
obr_be526fbaaf,raw/documents/obr/pilot/efo/economic-and-fiscal-outlook-november-2020.pdf,own link
obr_f0cd6ec3c2,raw/documents/obr/pilot/efo/november-2020-economic-and-fiscal-outlook-speaking-notes.pdf,own link
obr_32d8773eeb,raw/documents/obr/pilot/psf_commentary/commentary-on-the-public-sector-finances-november-2020.pdf,own link
obr_05fb9c4275,raw/documents/obr/pilot/psf_commentary/commentary-on-the-public-sector-finances-december-2020.pdf,own link
obr_72dd43f077,raw/documents/obr/pilot/psf_commentary/commentary-on-the-public-sector-finances-january-2021.pdf,own link
obr_29fd00107b,raw/documents/obr/pilot/efo/log-of-substantive-contact-between-the-obr-and-treasury-ministers-special-advisers-and-their-private-office-staff-between-25-november-2020-and-2-march.pdf,own link
obr_338872f58c,raw/documents/obr/pilot/efo/march-2021-economic-and-fiscal-outlook-fuel-duty.pdf,own link
obr_615274cefe,raw/documents/obr/pilot/efo/economic-and-fiscal-outlook-presentation-slides-march-2021.pdf,own link
obr_6f5299fe27,raw/documents/obr/pilot/efo/economic-and-fiscal-outlook-speaking-notes-march-2021.pdf,own link
obr_72b69c810b,raw/documents/obr/pilot/efo/march-2021-devolved-tax-and-spending-forecasts.pdf,own link
obr_7885b5dff8,raw/documents/obr/pilot/efo/economic-and-fiscal-outlook-march-2021.pdf,own link
obr_9de25c1c32,raw/documents/obr/pilot/efo/march-2021-economic-and-fiscal-outlook-cjrs.pdf,own link
obr_c7dfad18c7,raw/documents/obr/pilot/efo/march-2021-economic-and-fiscal-outlook-eu-financial-settlement.pdf,own link
obr_d4f745db17,raw/documents/obr/pilot/efo/march-2021-economic-and-fiscal-outlook-state-pension-underpayment-correction.pdf,own link
obr_dd072e4708,raw/documents/obr/pilot/efo/march-2021-economic-and-fiscal-outlook-executive-summary.pdf,own link
obr_ee4650191b,raw/documents/obr/pilot/efo/Betting-and-gaming-duties.pdf,own link
obr_f28d8c2c4b,raw/documents/obr/pilot/efo/march-2021-economic-and-fiscal-outlook-corporation-tax-rate-increase.pdf,own link
obr_d6beecfe6c,raw/documents/obr/pilot/psf_commentary/commentary-on-the-public-sector-finances-february-2021.pdf,own link
obr_e3c188bd98,raw/documents/obr/pilot/psf_commentary/commentary-on-the-public-sector-finances-march-2021.pdf,own link
obr_17e1a1cf54,raw/documents/obr/pilot/psf_commentary/April-2021-PSF-commentary.pdf,own link
obr_13b1fe1c11,raw/documents/obr/pilot/psf_commentary/Monthly-PSF-commentary-June.pdf,own link
obr_31b787abf4,raw/documents/obr/pilot/psf_commentary/July-2021-PSF-commentary.pdf,own link
obr_e0a7222b2a,raw/documents/obr/pilot/psf_commentary/August-2021-PSF-commentary.pdf,own link
obr_028a9d25a2,raw/documents/obr/pilot/psf_commentary/September-2021-PSF-commentary.pdf,own link
obr_3fcc1f5743,raw/documents/obr/pilot/efo/letter-from-richard-hughes-to-bridget-phillipson-mp-on-the-october-2021-economic-and-fiscal-outlook-forecast-timetable.pdf,own link
obr_45e57d4dc6,raw/documents/obr/pilot/efo/log-of-substantive-contact.pdf,own link
obr_5055d0d562,raw/documents/obr/pilot/efo/economic-and-fiscal-outlook-presentation-slides-october-2021.pdf,own link
obr_5147a62478,raw/documents/obr/pilot/efo/Executive_summary_Economic_and_fiscal_outlook_October_2021.pdf,own link
obr_518ad1416c,raw/documents/obr/pilot/efo/health_and_social_care_levy_supplementary_release.pdf,own link
obr_60ce85329f,raw/documents/obr/pilot/efo/working-paper-no-16-forecasting-the-balance-sheet-public-sector-net-worth.pdf,own link
obr_a3690d7d35,raw/documents/obr/pilot/efo/Personal-allowance-and-higher-rate-threshold-freeze-supplementary-release.pdf,own link
obr_afaa215f19,raw/documents/obr/pilot/efo/annex-a-policy-measures-announced-since-march-2021.pdf,own link
obr_b43affc4b2,raw/documents/obr/pilot/efo/october-2021-economic-and-fiscal-outlook-executive-summary.pdf,own link
obr_b9cff6c1d5,raw/documents/obr/pilot/efo/superdeduction_supplementary_release.pdf,own link
obr_c48693c2b9,raw/documents/obr/pilot/efo/correction-slip-economic-and-fiscal-outlook-october-2021.pdf,own link
obr_ce8e8a3bb8,raw/documents/obr/pilot/efo/economic-and-fiscal-outlook-october-2021.pdf,own link
obr_d376aa647c,raw/documents/obr/pilot/efo/october-2021-devolved-tax-and-spending-forecasts.pdf,own link
obr_f13de2f653,raw/documents/obr/pilot/efo/october-2021-economic-and-fiscal-outlook-press-notice.pdf,own link
obr_f944389f78,raw/documents/obr/pilot/efo/economic-and-fiscal-outlook-speaking-notes-october-2021.pdf,own link
obr_6138091c11,raw/documents/obr/pilot/psf_commentary/November-2021-PSF-commentary.pdf,own link
obr_18abb98b39,raw/documents/obr/pilot/psf_commentary/December-2021-PSF-commentary.pdf,own link
obr_6c3b5d0505,raw/documents/obr/pilot/psf_commentary/Monthly-PSF-commentary-January-2022.pdf,own link
obr_4c91f99e32,raw/documents/obr/pilot/psf_commentary/commentary-on-the-public-sector-finances-january-2022.pdf,own link
obr_20db15098f,raw/documents/obr/pilot/efo/Economic_and_fiscal_outlook_presentation_speaking-notes-March-2022-CFD0001.pdf,own link
obr_44be64271b,raw/documents/obr/pilot/efo/Ecomonic_and_fiscal_outlook_presentation-March-2022-CFD0001.pdf,own link
obr_7d41c83e8b,raw/documents/obr/pilot/efo/Log-of-contact-EFO-Mar22.pdf,own link
obr_93254a99a0,raw/documents/obr/pilot/efo/Exec-sum.pdf,own link
obr_ae3a135846,raw/documents/obr/pilot/efo/Non-residential-SDLT-elasticities-supplementary-release.pdf,own link
obr_b7447f4085,raw/documents/obr/pilot/efo/DevolvedMarch22.pdf,own link
obr_cdd10fe743,raw/documents/obr/pilot/efo/Exec-sum.pdf,own link
obr_d272caca2f,raw/documents/obr/pilot/efo/CCS0222366764-001_OBR-EFO-March-2022_Web-Accessible-2.pdf,own link
obr_f0078a6fdd,raw/documents/obr/pilot/efo/March_2022_SA_income_streams.pdf,own link
obr_f444cfd7f0,raw/documents/obr/pilot/psf_commentary/Monthly-PSF-commentary-April-1.pdf,own link
obr_fbf472b3c2,raw/documents/obr/pilot/psf_commentary/May_2022_monthly_PSF_commentary.pdf,own link
obr_160808d935,raw/documents/obr/pilot/psf_commentary/Monthly-PSF-commentary-June-1.pdf,own link
obr_39edbdfe99,raw/documents/obr/pilot/psf_commentary/July-2022-PSF-commentary.pdf,own link
obr_7a5d10842c,raw/documents/obr/pilot/psf_commentary/August-2022-PSF-commentary.pdf,own link
obr_cc2ad6bee0,raw/documents/obr/pilot/psf_commentary/September-2022-PSF-commentary.pdf,own link
obr_26d5f80b1c,raw/documents/obr/pilot/efo/Log-of-contact-EFO-Nov22.pdf,own link
obr_415b46c022,raw/documents/obr/pilot/efo/CCS0822661240-002_SECURE_OBR_EFO_November_2022_WEB_ACCESSIBLE.pdf,own link
obr_5f60eb0a1e,raw/documents/obr/pilot/efo/OBR_supp_forecast_info_release_welfare_spending_web_corrected.pdf,own link
obr_8dc67086a7,raw/documents/obr/pilot/efo/supplementary_info_release_carbon_price_forecast_assumption.pdf,own link
obr_93cfbb7f01,raw/documents/obr/pilot/efo/income_streams_supplementary_forecast_info_release.pdf,own link
obr_9a550e25be,raw/documents/obr/pilot/efo/Supplementary_info_release_Ofgem_price_cap.pdf,own link
obr_b1baa64137,raw/documents/obr/pilot/efo/November_2022_EFO_Speaking_notes.pdf,own link
obr_b4136e6b31,raw/documents/obr/pilot/efo/EFO_Nov22_PN.pdf,own link
obr_bf8cf7ec74,raw/documents/obr/pilot/efo/November_2022_EFO_Presentation_slides.pdf,own link
obr_f74a4a5dd5,raw/documents/obr/pilot/efo/DevolvedNov2022_web_v2.pdf,own link
obr_f7b9352464,raw/documents/obr/pilot/efo/supplementary_forecast_info_release_income_tax_and_NICs.pdf,own link
obr_9c2ca0da43,raw/documents/obr/pilot/psf_commentary/November_2022_PSF_commentary.pdf,own link
obr_ba6bb1c13e,raw/documents/obr/pilot/psf_commentary/December_2022_PSF_commentary.pdf,own link
obr_e9bc2e9a44,raw/documents/obr/pilot/psf_commentary/January_2023_PSF_commentary_v2.pdf,own link
obr_422c483c1e,raw/documents/obr/pilot/psf_commentary/February_2023_PSF_commentary.pdf,own link
obr_0e60f97e11,raw/documents/obr/pilot/efo/DevolvedMarch2023.pdf,own link
obr_213c70cc78,raw/documents/obr/pilot/efo/March-2023-Economic-and-fiscal-outlook-speaking-notes.pdf,own link
obr_5e9980b881,raw/documents/obr/pilot/efo/OBR-EFO-March-2023_Web_Accessible.pdf,own link
obr_6fb3fae558,raw/documents/obr/pilot/efo/March-2023-Major-balance-sheet-interventions.pdf,own link
obr_7ce1f6bcc2,raw/documents/obr/pilot/efo/supplementary-forecast-info-release-wholesale-electricity-prices.pdf,own link
obr_7fc02655c7,raw/documents/obr/pilot/efo/March-2023-Economic-and-fiscal-outlook-presentation-slides.pdf,own link
obr_81d779a514,raw/documents/obr/pilot/efo/Log-of-contact-EFO-Mar23.pdf,own link
obr_c4d07da0d5,raw/documents/obr/pilot/psf_commentary/February-2023-PSF-commentary.pdf,own link
obr_b3510d4f27,raw/documents/obr/pilot/psf_commentary/March-2023-PSF-commentary-1.pdf,own link
obr_0ecb0a4704,raw/documents/obr/pilot/psf_commentary/commentary-on-the-public-sector-finances-april-2023_94ecb72c,own link
obr_b001c97076,raw/documents/obr/pilot/psf_commentary/commentary-on-the-public-sector-finances-april-2023_94ecb72c,own link
obr_0151f06dfc,raw/documents/obr/pilot/psf_commentary/June-PSF-commentary-Accessible-PDF.pdf,own link
obr_16f011276e,raw/documents/obr/pilot/psf_commentary/July-PSF-commentary.pdf,own link
obr_79ea6285ed,raw/documents/obr/pilot/psf_commentary/August-2023-PSF-commentary.pdf,own link
obr_71a4cd5454,raw/documents/obr/pilot/psf_commentary/September-PSF-commentary.pdf,own link
obr_0daf80287c,raw/documents/obr/pilot/efo/Nov-2023-EFO-National-Living-Wage-forecast.pdf,own link
obr_17e8f6aa2a,raw/documents/obr/pilot/efo/Nov-2023-EFO-additional-taxpayers-by-tax-rate-band.pdf,own link
obr_23f1c5fbf1,raw/documents/obr/pilot/efo/November-2023-Economic-and-fiscal-outlook-presentation-slides.pdf,own link
obr_26e91917c6,raw/documents/obr/pilot/efo/November-2023-Economic-and-fiscal-outlook-WCA-reform.pdf,own link
obr_2e053811a6,raw/documents/obr/pilot/efo/November-2023-Economic-and-fiscal-outlook-presentation-script.pdf,own link
obr_30b248eea2,raw/documents/obr/pilot/efo/Devolved_Nov2023.pdf,own link
obr_32758c643a,raw/documents/obr/pilot/efo/Nov-2023-EFO-electricity-price-forecast.pdf,own link
obr_af281b4b8b,raw/documents/obr/pilot/efo/The-economic-effects-of-full-expensing.pdf,own link
obr_b2d8a37f0c,raw/documents/obr/pilot/efo/Log_of_contact_EFO_Nov23.pdf,own link
obr_c4fcf6014a,raw/documents/obr/pilot/efo/Twitter_video_transcript_November_2023.pdf,own link
obr_db94902c39,raw/documents/obr/pilot/efo/NICS-Cut-Impact-on-Labour-Supply-Note.pdf,own link
obr_e5a36b985f,raw/documents/obr/pilot/efo/November_2023_Deposit_rate_forecast.pdf,own link
obr_ea891ae18b,raw/documents/obr/pilot/efo/E03004355_November-Economic-and-Fiscal-Outlook_Web-Accessible.pdf,own link
obr_913193d785,raw/documents/obr/pilot/fer/Forecast_evaluation_report_December_2021_accessible.pdf,own link
obr_928bd20e8e,raw/documents/obr/pilot/fer/Forecast-evaluation-report-October-2023.pdf,own link
cbo_a955150a23,raw/manual/pilot/cbo_a955150a23.pdf,manual (downloaded in a browser)
obr_03aa93526e,raw/manual/pilot/obr_03aa93526e.pdf,manual (downloaded in a browser)
obr_2ca0564ec4,raw/manual/pilot/obr_2ca0564ec4.pdf,manual (downloaded in a browser)
obr_42eb821484,raw/manual/pilot/obr_42eb821484.pdf,manual (downloaded in a browser)
obr_b4569a3a6d,raw/manual/pilot/obr_b4569a3a6d.pdf,manual (downloaded in a browser)
obr_f0cd4a637e,raw/manual/pilot/obr_f0cd4a637e.xlsx,manual (downloaded in a browser)
obr_8ee2b5010a,raw/manual/pilot/obr_8ee2b5010a.pdf,manual (downloaded in a browser)
obr_cb9fe3bbe8,raw/manual/pilot/obr_cb9fe3bbe8.pdf,manual (downloaded in a browser)
obr_f0b744dfca,raw/manual/pilot/obr_f0b744dfca.pdf,manual (downloaded in a browser)
obr_f34002a5ae,raw/manual/pilot/obr_f34002a5ae.pdf,manual (downloaded in a browser)
obr_235572f72b,raw/manual/pilot/obr_235572f72b.pdf,manual (downloaded in a browser)
obr_0191ec00a0,raw/manual/pilot/obr_0191ec00a0.xlsx,manual (downloaded in a browser)
obr_063321e19f,raw/manual/pilot/obr_063321e19f.pdf,manual (downloaded in a browser)
obr_c100f8ccf7,raw/manual/pilot/obr_c100f8ccf7.pdf,manual (downloaded in a browser)
obr_46f2634727,raw/manual/pilot/obr_46f2634727.pdf,manual (downloaded in a browser)
obr_501a78fbf3,raw/manual/pilot/obr_501a78fbf3.pdf,manual (downloaded in a browser)
obr_9d79fd5288,raw/manual/pilot/obr_9d79fd5288.pdf,manual (downloaded in a browser)
obr_872a1ace89,raw/manual/pilot/obr_872a1ace89.pdf,manual (downloaded in a browser)
obr_1a661c6fa1,raw/manual/pilot/obr_1a661c6fa1.pdf,manual (downloaded in a browser)
obr_3e693c49b7,raw/manual/pilot/obr_3e693c49b7.pdf,manual (downloaded in a browser)
