priority,doc_id,source,role,doc_type,title,publication_date,url,save_as
1,cbo_a955150a23,CBO,post_hoc,post_hoc_evaluation,Accuracy of CBO’s Baseline Projections (Aug 2026),2026-08-20,https://www.cbo.gov/publication/62552,cbo_a955150a23.pdf
3,obr_03aa93526e,OBR,corpus,other,Executive Summary - July 2015,2015-07-08,https://obr.uk/download/executive-summary-july-2015/,obr_03aa93526e.pdf
3,obr_2ca0564ec4,OBR,corpus,other,Economic and fiscal outlook press notice - July 2015,2015-07-08,https://obr.uk/download/economic-and-fiscal-outlook-press-notice-july-2015/,obr_2ca0564ec4.pdf
3,obr_42eb821484,OBR,corpus,other,Overview – July 2015,2015-07-08,https://obr.uk/download/overview-july-2015/,obr_42eb821484.pdf
3,obr_b4569a3a6d,OBR,corpus,other,EFO presentation slides – July 2015,2015-07-08,https://obr.uk/download/efo-presentation-slides-july-2015/,obr_b4569a3a6d.pdf
3,obr_f0cd4a637e,OBR,corpus,other,Data sources - July 2015,2015-07-08,https://obr.uk/download/data-sources-july-2015/,obr_f0cd4a637e.pdf
3,obr_8ee2b5010a,OBR,corpus,other,Overview – November 2015,2015-11-25,https://obr.uk/download/overview-november-2015/,obr_8ee2b5010a.pdf
3,obr_cb9fe3bbe8,OBR,corpus,other,Executive Summary - November 2015,2015-11-25,https://obr.uk/download/executive-summary-november-2015/,obr_cb9fe3bbe8.pdf
3,obr_f0b744dfca,OBR,corpus,other,EFO presentation slides – November 2015,2015-11-25,https://obr.uk/download/efo-presentation-slides-november-2015/,obr_f0b744dfca.pdf
3,obr_f34002a5ae,OBR,corpus,other,Devolved taxes forecast – November 2015,2015-11-25,https://obr.uk/download/devolved-taxes-forecast-november-2015/,obr_f34002a5ae.pdf
3,obr_235572f72b,OBR,corpus,other,Economic and fiscal outlook presentation slides - March 2016,2016-03-16,https://obr.uk/download/economic-fiscal-outlook-presentation-slides-march-2016/,obr_235572f72b.pdf
3,obr_0191ec00a0,OBR,corpus,other,November 2017 Economic and fiscal outlook – data sources,2017-11-22,https://obr.uk/download/november-2017-economic-fiscal-outlook-data-sources/,obr_0191ec00a0.pdf
3,obr_063321e19f,OBR,corpus,other,November 2017 Economic and fiscal outlook – presentation slides,2017-11-22,https://obr.uk/download/economic-fiscal-outlook-presentation-slides-november-2017/,obr_063321e19f.pdf
3,obr_c100f8ccf7,OBR,corpus,other,November 2017 Economic and fiscal outlook – Executive Summary,2017-11-22,https://obr.uk/download/november-2017-economic-and-fiscal-outlook-executive-summary/,obr_c100f8ccf7.pdf
3,obr_46f2634727,OBR,corpus,other,Economic and fiscal outlook speaking notes - October 2018,2018-10-29,https://obr.uk/download/economic-and-fiscal-outlook-speaking-notes-october-2018/,obr_46f2634727.pdf
3,obr_501a78fbf3,OBR,corpus,other,October 2018 Economic and fiscal outlook – Student entrants: forecast methodology change,2018-10-29,https://obr.uk/download/october-2018-economic-fiscal-outlook-student-entrants-forecast-methodology-change/,obr_501a78fbf3.pdf
3,obr_9d79fd5288,OBR,corpus,other,March 2023 Economic and fiscal outlook – CPI inflation categories,2023-03-15,https://obr.uk/download/march-2023-economic-and-fiscal-outlook-cpi-inflation-categories/,obr_9d79fd5288.pdf
4,obr_872a1ace89,OBR,corpus,in_period_commentary,Commentary on the public sector finances - November 2015,2015-12-31,https://obr.uk/download/commentary-on-the-public-sector-finances-29/,obr_872a1ace89.pdf
4,obr_1a661c6fa1,OBR,corpus,in_period_commentary,Commentary on the public sector finances – November 2016,2016-12-31,https://obr.uk/download/commentary-public-sector-finances-november-2016/,obr_1a661c6fa1.pdf
4,obr_3e693c49b7,OBR,corpus,in_period_commentary,Commentary on the public sector finances – May 2018,2018-06-30,https://obr.uk/download/commentary-public-sector-finances-may-2018/,obr_3e693c49b7.pdf
