doc_id,source,title,publication_date,target_period,rule,series_component
obr_49ffd5d52c,OBR,Forecast evaluation report – June 2026,2026-06-02,2025-26,FER: UK fiscal year ended before publication,
obr_8e9ffa2133,OBR,Forecast evaluation report – July 2025,2025-07-01,2024-25,FER: UK fiscal year ended before publication,
obr_6728859f6a,OBR,Forecast evaluation report – October 2024,2024-10-10,2023-24,FER: UK fiscal year ended before publication,
obr_928bd20e8e,OBR,Forecast evaluation report – October 2023,2023-10-19,2022-23,FER: UK fiscal year ended before publication,
obr_09166a6653,OBR,Forecast evaluation report – January 2023,2023-01-31,2021-22,FER: UK fiscal year ended before publication,
obr_913193d785,OBR,Forecast evaluation report - December 2021,2021-12-09,2020-21,FER: UK fiscal year ended before publication,
obr_7d4a0d4538,OBR,Forecast evaluation report - January 2021,2021-01-22,2019-20,FER: UK fiscal year ended before publication,
obr_174e9ac748,OBR,Forecast evaluation report – December 2019,2019-12-19,2018-19,FER: UK fiscal year ended before publication,
obr_58427d1016,OBR,Forecast evaluation report – December 2018,2018-12-04,2017-18,FER: UK fiscal year ended before publication,
obr_6f2fddae73,OBR,Forecast evaluation report – October 2017,2017-10-10,2016-17,FER: UK fiscal year ended before publication,
obr_11bd6a5f01,OBR,Forecast evaluation report – October 2016,2016-10-11,2015-16,FER: UK fiscal year ended before publication,
obr_e1542afaa4,OBR,Forecast evaluation report – October 2015,2015-10-13,2014-15,FER: UK fiscal year ended before publication,
obr_0e35d18318,OBR,Forecast evaluation report – October 2014,2014-10-16,2013-14,FER: UK fiscal year ended before publication,
obr_1b141f9c60,OBR,Forecast evaluation report - October 2013,2013-10-09,2012-13,FER: UK fiscal year ended before publication,
obr_8367053863,OBR,Forecast evaluation report - October 2012,2012-10-16,2011-12,FER: UK fiscal year ended before publication,
obr_b44f713927,OBR,Forecast evaluation report - October 2011,2011-10-13,2010-11,FER: UK fiscal year ended before publication,
cbo_a955150a23,CBO,Accuracy of CBO’s Baseline Projections (Aug 2026),2026-08-20,2025,accuracy report: US fiscal year ended before publication,
cbo_21d1ff1083,CBO,Accuracy of CBO’s Baseline Projections (Jan 2026),2026-01-16,2025,accuracy report: US fiscal year ended before publication,
cbo_8d48d96062,CBO,Accuracy of CBO’s Baseline Projections (Jan 2025),2025-01-10,2024,accuracy report: US fiscal year ended before publication,
cbo_9c10e4359f,CBO,Accuracy of CBO’s Baseline Projections (Dec 2023),2023-12-15,2023,accuracy report: US fiscal year ended before publication,
cbo_7f61c129a6,CBO,Accuracy of CBO’s Baseline Projections (Jan 2023),2023-01-09,2022,accuracy report: US fiscal year ended before publication,
cbo_8ad5c7abaa,CBO,Accuracy of CBO’s Baseline Projections (Jan 2022),2022-01-26,2021,accuracy report: US fiscal year ended before publication,
cbo_3866e0f79c,CBO,Accuracy of CBO’s Baseline Projections (Dec 2020),2020-12-14,2020,accuracy report: US fiscal year ended before publication,
cbo_612d265148,CBO,Accuracy of CBO’s Baseline Projections (Dec 2019),2019-12-12,2019,accuracy report: US fiscal year ended before publication,
cbo_8f6bce0a55,CBO,Accuracy of CBO’s Baseline Projections (Dec 2018),2018-12-18,2018,accuracy report: US fiscal year ended before publication,
cbo_019bfc7caa,CBO,Accuracy of CBO’s Baseline Projections (Jun 2018),2018-06-12,2017,accuracy report: US fiscal year ended before publication,
cbo_a3b2e2fbd9,CBO,An Evaluation of CBO's Projections of Deficits and Debt From 1984 to 2023,,1984,evaluation: fiscal years and series named in the title,deficit|debt
cbo_a3b2e2fbd9,CBO,An Evaluation of CBO's Projections of Deficits and Debt From 1984 to 2023,,1985,evaluation: fiscal years and series named in the title,deficit|debt
cbo_a3b2e2fbd9,CBO,An Evaluation of CBO's Projections of Deficits and Debt From 1984 to 2023,,1986,evaluation: fiscal years and series named in the title,deficit|debt
cbo_a3b2e2fbd9,CBO,An Evaluation of CBO's Projections of Deficits and Debt From 1984 to 2023,,1987,evaluation: fiscal years and series named in the title,deficit|debt
cbo_a3b2e2fbd9,CBO,An Evaluation of CBO's Projections of Deficits and Debt From 1984 to 2023,,1988,evaluation: fiscal years and series named in the title,deficit|debt
cbo_a3b2e2fbd9,CBO,An Evaluation of CBO's Projections of Deficits and Debt From 1984 to 2023,,1989,evaluation: fiscal years and series named in the title,deficit|debt
cbo_a3b2e2fbd9,CBO,An Evaluation of CBO's Projections of Deficits and Debt From 1984 to 2023,,1990,evaluation: fiscal years and series named in the title,deficit|debt
cbo_a3b2e2fbd9,CBO,An Evaluation of CBO's Projections of Deficits and Debt From 1984 to 2023,,1991,evaluation: fiscal years and series named in the title,deficit|debt
cbo_a3b2e2fbd9,CBO,An Evaluation of CBO's Projections of Deficits and Debt From 1984 to 2023,,1992,evaluation: fiscal years and series named in the title,deficit|debt
cbo_a3b2e2fbd9,CBO,An Evaluation of CBO's Projections of Deficits and Debt From 1984 to 2023,,1993,evaluation: fiscal years and series named in the title,deficit|debt
cbo_a3b2e2fbd9,CBO,An Evaluation of CBO's Projections of Deficits and Debt From 1984 to 2023,,1994,evaluation: fiscal years and series named in the title,deficit|debt
cbo_a3b2e2fbd9,CBO,An Evaluation of CBO's Projections of Deficits and Debt From 1984 to 2023,,1995,evaluation: fiscal years and series named in the title,deficit|debt
cbo_a3b2e2fbd9,CBO,An Evaluation of CBO's Projections of Deficits and Debt From 1984 to 2023,,1996,evaluation: fiscal years and series named in the title,deficit|debt
cbo_a3b2e2fbd9,CBO,An Evaluation of CBO's Projections of Deficits and Debt From 1984 to 2023,,1997,evaluation: fiscal years and series named in the title,deficit|debt
cbo_a3b2e2fbd9,CBO,An Evaluation of CBO's Projections of Deficits and Debt From 1984 to 2023,,1998,evaluation: fiscal years and series named in the title,deficit|debt
cbo_a3b2e2fbd9,CBO,An Evaluation of CBO's Projections of Deficits and Debt From 1984 to 2023,,1999,evaluation: fiscal years and series named in the title,deficit|debt
cbo_a3b2e2fbd9,CBO,An Evaluation of CBO's Projections of Deficits and Debt From 1984 to 2023,,2000,evaluation: fiscal years and series named in the title,deficit|debt
cbo_a3b2e2fbd9,CBO,An Evaluation of CBO's Projections of Deficits and Debt From 1984 to 2023,,2001,evaluation: fiscal years and series named in the title,deficit|debt
cbo_a3b2e2fbd9,CBO,An Evaluation of CBO's Projections of Deficits and Debt From 1984 to 2023,,2002,evaluation: fiscal years and series named in the title,deficit|debt
cbo_a3b2e2fbd9,CBO,An Evaluation of CBO's Projections of Deficits and Debt From 1984 to 2023,,2003,evaluation: fiscal years and series named in the title,deficit|debt
cbo_a3b2e2fbd9,CBO,An Evaluation of CBO's Projections of Deficits and Debt From 1984 to 2023,,2004,evaluation: fiscal years and series named in the title,deficit|debt
cbo_a3b2e2fbd9,CBO,An Evaluation of CBO's Projections of Deficits and Debt From 1984 to 2023,,2005,evaluation: fiscal years and series named in the title,deficit|debt
cbo_a3b2e2fbd9,CBO,An Evaluation of CBO's Projections of Deficits and Debt From 1984 to 2023,,2006,evaluation: fiscal years and series named in the title,deficit|debt
cbo_a3b2e2fbd9,CBO,An Evaluation of CBO's Projections of Deficits and Debt From 1984 to 2023,,2007,evaluation: fiscal years and series named in the title,deficit|debt
cbo_a3b2e2fbd9,CBO,An Evaluation of CBO's Projections of Deficits and Debt From 1984 to 2023,,2008,evaluation: fiscal years and series named in the title,deficit|debt
cbo_a3b2e2fbd9,CBO,An Evaluation of CBO's Projections of Deficits and Debt From 1984 to 2023,,2009,evaluation: fiscal years and series named in the title,deficit|debt
cbo_a3b2e2fbd9,CBO,An Evaluation of CBO's Projections of Deficits and Debt From 1984 to 2023,,2010,evaluation: fiscal years and series named in the title,deficit|debt
cbo_a3b2e2fbd9,CBO,An Evaluation of CBO's Projections of Deficits and Debt From 1984 to 2023,,2011,evaluation: fiscal years and series named in the title,deficit|debt
cbo_a3b2e2fbd9,CBO,An Evaluation of CBO's Projections of Deficits and Debt From 1984 to 2023,,2012,evaluation: fiscal years and series named in the title,deficit|debt
cbo_a3b2e2fbd9,CBO,An Evaluation of CBO's Projections of Deficits and Debt From 1984 to 2023,,2013,evaluation: fiscal years and series named in the title,deficit|debt
cbo_a3b2e2fbd9,CBO,An Evaluation of CBO's Projections of Deficits and Debt From 1984 to 2023,,2014,evaluation: fiscal years and series named in the title,deficit|debt
cbo_a3b2e2fbd9,CBO,An Evaluation of CBO's Projections of Deficits and Debt From 1984 to 2023,,2015,evaluation: fiscal years and series named in the title,deficit|debt
cbo_a3b2e2fbd9,CBO,An Evaluation of CBO's Projections of Deficits and Debt From 1984 to 2023,,2016,evaluation: fiscal years and series named in the title,deficit|debt
cbo_a3b2e2fbd9,CBO,An Evaluation of CBO's Projections of Deficits and Debt From 1984 to 2023,,2017,evaluation: fiscal years and series named in the title,deficit|debt
cbo_a3b2e2fbd9,CBO,An Evaluation of CBO's Projections of Deficits and Debt From 1984 to 2023,,2018,evaluation: fiscal years and series named in the title,deficit|debt
cbo_a3b2e2fbd9,CBO,An Evaluation of CBO's Projections of Deficits and Debt From 1984 to 2023,,2019,evaluation: fiscal years and series named in the title,deficit|debt
cbo_a3b2e2fbd9,CBO,An Evaluation of CBO's Projections of Deficits and Debt From 1984 to 2023,,2020,evaluation: fiscal years and series named in the title,deficit|debt
cbo_a3b2e2fbd9,CBO,An Evaluation of CBO's Projections of Deficits and Debt From 1984 to 2023,,2021,evaluation: fiscal years and series named in the title,deficit|debt
cbo_a3b2e2fbd9,CBO,An Evaluation of CBO's Projections of Deficits and Debt From 1984 to 2023,,2022,evaluation: fiscal years and series named in the title,deficit|debt
cbo_a3b2e2fbd9,CBO,An Evaluation of CBO's Projections of Deficits and Debt From 1984 to 2023,,2023,evaluation: fiscal years and series named in the title,deficit|debt
cbo_ad557d918e,CBO,An Evaluation of CBO's Projections of Outlays from 1984 to 2021,,1984,evaluation: fiscal years and series named in the title,outlay
cbo_ad557d918e,CBO,An Evaluation of CBO's Projections of Outlays from 1984 to 2021,,1985,evaluation: fiscal years and series named in the title,outlay
cbo_ad557d918e,CBO,An Evaluation of CBO's Projections of Outlays from 1984 to 2021,,1986,evaluation: fiscal years and series named in the title,outlay
cbo_ad557d918e,CBO,An Evaluation of CBO's Projections of Outlays from 1984 to 2021,,1987,evaluation: fiscal years and series named in the title,outlay
cbo_ad557d918e,CBO,An Evaluation of CBO's Projections of Outlays from 1984 to 2021,,1988,evaluation: fiscal years and series named in the title,outlay
cbo_ad557d918e,CBO,An Evaluation of CBO's Projections of Outlays from 1984 to 2021,,1989,evaluation: fiscal years and series named in the title,outlay
cbo_ad557d918e,CBO,An Evaluation of CBO's Projections of Outlays from 1984 to 2021,,1990,evaluation: fiscal years and series named in the title,outlay
cbo_ad557d918e,CBO,An Evaluation of CBO's Projections of Outlays from 1984 to 2021,,1991,evaluation: fiscal years and series named in the title,outlay
cbo_ad557d918e,CBO,An Evaluation of CBO's Projections of Outlays from 1984 to 2021,,1992,evaluation: fiscal years and series named in the title,outlay
cbo_ad557d918e,CBO,An Evaluation of CBO's Projections of Outlays from 1984 to 2021,,1993,evaluation: fiscal years and series named in the title,outlay
cbo_ad557d918e,CBO,An Evaluation of CBO's Projections of Outlays from 1984 to 2021,,1994,evaluation: fiscal years and series named in the title,outlay
cbo_ad557d918e,CBO,An Evaluation of CBO's Projections of Outlays from 1984 to 2021,,1995,evaluation: fiscal years and series named in the title,outlay
cbo_ad557d918e,CBO,An Evaluation of CBO's Projections of Outlays from 1984 to 2021,,1996,evaluation: fiscal years and series named in the title,outlay
cbo_ad557d918e,CBO,An Evaluation of CBO's Projections of Outlays from 1984 to 2021,,1997,evaluation: fiscal years and series named in the title,outlay
cbo_ad557d918e,CBO,An Evaluation of CBO's Projections of Outlays from 1984 to 2021,,1998,evaluation: fiscal years and series named in the title,outlay
cbo_ad557d918e,CBO,An Evaluation of CBO's Projections of Outlays from 1984 to 2021,,1999,evaluation: fiscal years and series named in the title,outlay
cbo_ad557d918e,CBO,An Evaluation of CBO's Projections of Outlays from 1984 to 2021,,2000,evaluation: fiscal years and series named in the title,outlay
cbo_ad557d918e,CBO,An Evaluation of CBO's Projections of Outlays from 1984 to 2021,,2001,evaluation: fiscal years and series named in the title,outlay
cbo_ad557d918e,CBO,An Evaluation of CBO's Projections of Outlays from 1984 to 2021,,2002,evaluation: fiscal years and series named in the title,outlay
cbo_ad557d918e,CBO,An Evaluation of CBO's Projections of Outlays from 1984 to 2021,,2003,evaluation: fiscal years and series named in the title,outlay
cbo_ad557d918e,CBO,An Evaluation of CBO's Projections of Outlays from 1984 to 2021,,2004,evaluation: fiscal years and series named in the title,outlay
cbo_ad557d918e,CBO,An Evaluation of CBO's Projections of Outlays from 1984 to 2021,,2005,evaluation: fiscal years and series named in the title,outlay
cbo_ad557d918e,CBO,An Evaluation of CBO's Projections of Outlays from 1984 to 2021,,2006,evaluation: fiscal years and series named in the title,outlay
cbo_ad557d918e,CBO,An Evaluation of CBO's Projections of Outlays from 1984 to 2021,,2007,evaluation: fiscal years and series named in the title,outlay
cbo_ad557d918e,CBO,An Evaluation of CBO's Projections of Outlays from 1984 to 2021,,2008,evaluation: fiscal years and series named in the title,outlay
cbo_ad557d918e,CBO,An Evaluation of CBO's Projections of Outlays from 1984 to 2021,,2009,evaluation: fiscal years and series named in the title,outlay
cbo_ad557d918e,CBO,An Evaluation of CBO's Projections of Outlays from 1984 to 2021,,2010,evaluation: fiscal years and series named in the title,outlay
cbo_ad557d918e,CBO,An Evaluation of CBO's Projections of Outlays from 1984 to 2021,,2011,evaluation: fiscal years and series named in the title,outlay
cbo_ad557d918e,CBO,An Evaluation of CBO's Projections of Outlays from 1984 to 2021,,2012,evaluation: fiscal years and series named in the title,outlay
cbo_ad557d918e,CBO,An Evaluation of CBO's Projections of Outlays from 1984 to 2021,,2013,evaluation: fiscal years and series named in the title,outlay
cbo_ad557d918e,CBO,An Evaluation of CBO's Projections of Outlays from 1984 to 2021,,2014,evaluation: fiscal years and series named in the title,outlay
cbo_ad557d918e,CBO,An Evaluation of CBO's Projections of Outlays from 1984 to 2021,,2015,evaluation: fiscal years and series named in the title,outlay
cbo_ad557d918e,CBO,An Evaluation of CBO's Projections of Outlays from 1984 to 2021,,2016,evaluation: fiscal years and series named in the title,outlay
cbo_ad557d918e,CBO,An Evaluation of CBO's Projections of Outlays from 1984 to 2021,,2017,evaluation: fiscal years and series named in the title,outlay
cbo_ad557d918e,CBO,An Evaluation of CBO's Projections of Outlays from 1984 to 2021,,2018,evaluation: fiscal years and series named in the title,outlay
cbo_ad557d918e,CBO,An Evaluation of CBO's Projections of Outlays from 1984 to 2021,,2019,evaluation: fiscal years and series named in the title,outlay
cbo_ad557d918e,CBO,An Evaluation of CBO's Projections of Outlays from 1984 to 2021,,2020,evaluation: fiscal years and series named in the title,outlay
cbo_ad557d918e,CBO,An Evaluation of CBO's Projections of Outlays from 1984 to 2021,,2021,evaluation: fiscal years and series named in the title,outlay
