trajectory_id,passage_id,document,page,section,text
cbo.revenue.customs_duties__2025,cbo_21d1ff1083_p00001,Accuracy of CBO’s Baseline Projections (Jan 2026),1,,"The many changes to tariffs in 2025 illustrate the conse­ quences of holding administrative policies unchanged in CBO’s baseline. The projections of revenues from cus­ toms duties reflect the estimated effects of tariffs in place when the projections were finalized and incorporate the assumption that those tariffs continue without further changes. 1 Specifically, the projection of customs duties in CBO’s January 2025 projections is based on the tariffs in place on January 17, 2025. Actual tariff revenues in 2025 were much higher, reflecting the higher tariff rates put in place by administrative action after January 20, 2025. Customs duties accounted for 4 percent of reve­ nue in 2025, whereas they accounted for only 2 percent in 2024. The difference between actual revenues from customs duties ($195 billion) and CBO’s January pro­ jections ($76 billion) almost entirely stems from those"
cbo.revenue.customs_duties__2025,cbo_21d1ff1083_p00002,Accuracy of CBO’s Baseline Projections (Jan 2026),1,,1. Customs duties include other fees in addition to tariff revenues.
cbo.revenue.customs_duties__2025,cbo_21d1ff1083_p00003,Accuracy of CBO’s Baseline Projections (Jan 2026),1,,"administrative actions. 2 Indeed, customs duties alone account for about half of the difference between actual revenues in 2025 and CBO’s January 17, 2025 projection of revenues."
cbo.revenue.customs_duties__2025,cbo_21d1ff1083_p00004,Accuracy of CBO’s Baseline Projections (Jan 2026),1,,"One simplified way to isolate the effects of tariff changes and focus on factors that the agency attempted to esti­ mate is to exclude customs duties from total revenues. 3 Excluding customs duties, the actual federal budget deficit was $95 billion smaller than CBO projected it would be in June 2024 (see Table 1). That amount is equal to 0.3 percent of gross domestic product (GDP), which is about three-tenths as large as the average error over the previous 40 years (in absolute terms). The actual deficit excluding customs duties was $13 billion larger than CBO projected it would be in January 2025. The largest contributors to the difference between the actual deficit excluding customs duties and CBO’s January projections were an underestimate of revenues from individual income taxes and underestimates of outlays attributable to higher- than-expected outlays for Medicaid and Medicare."
cbo.revenue.customs_duties__2025,cbo_21d1ff1083_p00005,Accuracy of CBO’s Baseline Projections (Jan 2026),1,,"Historically, CBO’s measures of accuracy have catego­ rized the effects from nonroutine changes in administra­ tive policy (such as those regarding tariffs) as projection errors because they can be difficult to separate from other effects. The body of this report maintains that conven­ tion and includes differences in revenues resulting from"
cbo.revenue.customs_duties__2025,cbo_21d1ff1083_p00006,Accuracy of CBO’s Baseline Projections (Jan 2026),1,,"2. For more information about the effects of tariff changes in 2025, see Congressional Budget Office, “CBO’s Updated Projections of the Budgetary Effects of Tariffs as of November 15, 2025,” CBO Blog (November 2025), www.cbo.gov/publication/61877 ."
cbo.revenue.customs_duties__2025,cbo_21d1ff1083_p00010,Accuracy of CBO’s Baseline Projections (Jan 2026),2,The Accuracy of CBO’s Budget Projections for Fiscal Year 2025,changes in customs duties in the measurement of errors. This report also maintains the practice in earlier reports of removing the estimated effects of legislation enacted after the baseline projections were developed. 4
cbo.revenue.customs_duties__2025,cbo_21d1ff1083_p00013,Accuracy of CBO’s Baseline Projections (Jan 2026),2,The Accuracy of CBO’s Budget Projections for Fiscal Year 2025,"• In 2025, revenues totaled $5.2 trillion. CBO’s June 2024 projection of $4.9 trillion for federal revenues in 2025, adjusted for subsequent legislation, was too low—by $334 billion, or 6 percent. That difference was nearly equal to the average absolute error of about 6 percent in CBO’s revenue projections for 1983 to 2024. The agency’s projection in January 2025 was closer to the actual amount, but still too low by $203 billion (or 4 percent). The largest factor contributing to the underestimate in the January 2025 projection—accounting for about half of the miss—was the increases in tariffs put in place by the Administration beginning in February 2025. • CBO underestimated total federal outlays for 2025, which were $7.0 trillion. CBO’s June 2024 projection"
cbo.revenue.customs_duties__2025,cbo_21d1ff1083_p00022,Accuracy of CBO’s Baseline Projections (Jan 2026),3,(percent) c,"Individual income taxes 2,656 -163 -87 -6 -3 8 Payroll taxes 1,748 -11 10 -1 1 3 Corporate income taxes 452 -42 -7 -9 -2 18 Customs duties 195 -119 -114 -61 -59 9 Other 183 * -5 ** -3 6 Total 5,235 -334 -203 -6 -4 6"
cbo.revenue.customs_duties__2025,cbo_21d1ff1083_p00038,Accuracy of CBO’s Baseline Projections (Jan 2026),4,(percent) c,"• In addition to changes to tariffs, the amounts that CBO categorized as errors in revenues and outlays in 2025 include a variety of other administrative and judicial actions that the agency did not attempt to predict. 5 Examples of such administrative actions affecting revenues include immigration policy and changes that affect when taxes are paid."
cbo.revenue.customs_duties__2025,cbo_21d1ff1083_p00048,Accuracy of CBO’s Baseline Projections (Jan 2026),5,(percent) c,"Revenues CBO’s projection of revenues for 2025 was $4.9 trillion, $0.3 trillion less than the actual amount (see Table 3). The size of that error is consistent with the average absolute error for budget-year revenue projections for 1983 to 2024 (about 6 percent). CBO underestimated receipts from the largest sources—individual income taxes, pay­ roll taxes, corporate income taxes, and customs duties. Projections of revenues are sensitive to underlying eco­ nomic conditions, administrative actions and how policies are implemented, and how taxpayers respond to them."
cbo.revenue.customs_duties__2025,cbo_21d1ff1083_p00050,Accuracy of CBO’s Baseline Projections (Jan 2026),5,(percent) c,"Federal agencies take administrative actions to imple­ ment laws and programs under their authority that affect tax receipts. For example, administrative actions throughout 2025 increased tariff rates, on net. That sig­ nificantly increased revenue from customs duties. Other administrative actions taken in 2025 have resulted in decreases in net immigration that likely reduced income, payroll, and excise taxes. Additionally, the IRS postponed certain deadlines in 2025 for some taxpayers in federally declared disaster areas in California, which probably fur­ ther reduced receipts as payments were shifted into 2026."
cbo.revenue.customs_duties__2025,cbo_21d1ff1083_p00052,Accuracy of CBO’s Baseline Projections (Jan 2026),5,"CBO’s June 2024 Baseline Projections of Revenues for 2025, Compared With Actual Revenues","Individual income taxes 2,493 2,656 -163 -6 Payroll taxes 1,737 1,748 -11 -1 Corporate income taxes 411 452 -42 -9 Customs duties 76 195 -119 -61 Other receipts"
cbo.revenue.customs_duties__2025,cbo_21d1ff1083_p00065,Accuracy of CBO’s Baseline Projections (Jan 2026),6,"CBO’s June 2024 Baseline Projections of Revenues for 2025, Compared With Actual Revenues","Customs Duties. CBO’s June 2024 projection of reve­ nues from customs duties, which include tariffs, for 2025 was $76 billion, $119 billion (or 61 percent) lower than the actual amount collected. In CBO’s estimation, nearly all of that difference reflects the effects of tariff rate increases put in place by the Administration beginning in February 2025. Those tariff changes were not accounted for in CBO’s projections."
cbo.revenue.customs_duties__2025,cbo_21d1ff1083_p00110,Accuracy of CBO’s Baseline Projections (Jan 2026),11,Errors in CBO’s Budget-Year Projections of Deficits,"Revenues In CBO’s budget-year projections for 1983 to 2024, the average absolute error in revenue projections was 6 per­ cent, and CBO overestimated total revenues about as often as it underestimated them. In the agency’s adjusted June 2024 baseline projections, revenues in 2025 were less than the actual amount recorded that year by 6 per­ cent (see Figure 2). CBO’s projection errors for most sources of revenue were smaller than historical averages, even though the projection error for customs duties (including tariffs) was larger than its historical average. For the 1983–2024 period, revenues from customs duties account for 1.4 percent of total revenues on average."
cbo.revenue.customs_duties__2025,cbo_21d1ff1083_p00111,Accuracy of CBO’s Baseline Projections (Jan 2026),11,Errors in CBO’s Budget-Year Projections of Deficits,"CBO underestimated receipts from customs duties in 2025 by 61 percent. Historically, CBO’s projections of customs duties had an average absolute error of 8 percent."
cbo.revenue.customs_duties__2025,cbo_21d1ff1083_p00134,Accuracy of CBO’s Baseline Projections (Jan 2026),13,revenues,"The main exception was the agency’s projection of customs duties, which did not reflect the effects of the Administration’s tariff rate changes put in place in February 2025 and modified in subsequent months."
cbo.revenue.customs_duties__2025,cbo_a955150a23_p00003,Accuracy of CBO’s Baseline Projections (Aug 2026),2,At a Glance,"The period from 2020 to 2025 saw various unanticipated economic, legislative, and technical factors that significantly affected revenues. Those factors included the COVID-19 pandemic and lawmakers’ responses to it, administrative actions that altered tariffs and regulations, and inflation that was higher than expected. • Comparison with the Administration’s projections. Since 1982, CBO and the Administration’s Office of Management and Budget (OMB) have had similar errors in their revenue projections for the next budget year, on average. For revenue projections for the sixth year of a projection period, the errors in CBO’s projections were smaller than those in OMB’s projections."
cbo.revenue.customs_duties__2025,cbo_a955150a23_p00042,Accuracy of CBO’s Baseline Projections (Aug 2026),6,An Evaluation of CBO’s Projections of Revenues From 1982 to 2025,"The Quality of CBO’s Forecasts of Revenues by Source The centeredness, dispersion, and accuracy of CBO’s projections vary significantly among the seven types of federal revenues that CBO forecasts: revenues from individual income taxes, payroll taxes, corporate income taxes, excise taxes, customs duties, estate and gift taxes, and miscellaneous sources of receipts. CBO’s projections for payroll and individual income taxes—the largest sources of federal revenues—exhibited smaller average errors, narrower two-thirds spreads, and lower RMSEs than the agency’s projections for corporate income taxes, estate and gift taxes, and miscellaneous receipts."
cbo.revenue.customs_duties__2025,cbo_a955150a23_p00061,Accuracy of CBO’s Baseline Projections (Aug 2026),8,Description Fiscal year Projection year,"and households, including a sample of tax returns that is prepared by the Internal Revenue Service (IRS). 2 In other cases, revenues are projected by multiplying the projected tax base by the tax rate scheduled to occur under current law. For instance, to project revenues from customs duties, CBO projects the value of imports and multiplies it by the applicable tariff rates under current law. That current-law assumption has a particularly large impact when tariff rates on imports change frequently, as they did in 2025."
cbo.revenue.customs_duties__2025,cbo_a955150a23_p00163,Accuracy of CBO’s Baseline Projections (Aug 2026),17,Root mean square error,Budget year projections Individual income taxes -0.7 16.3 8.2 11.1 Payroll taxes 0.8 6.4 2.6 3.5 Corporate income taxes 5.7 31.6 17.8 27.0 Excise taxes 4.5 13.1 6.9 9.8 Customs duties -0.7 17.2 9.6 14.8 Estate and gift taxes -6.4 28.0 13.7 17.3 Miscellaneous receipts -3.3 21.4 12.2 17.6 Total revenues 0.1 12.2 5.7 7.9
cbo.revenue.customs_duties__2025,cbo_a955150a23_p00164,Accuracy of CBO’s Baseline Projections (Aug 2026),17,Root mean square error,6th-year projections Individual income taxes 2.4 33.6 12.8 15.4 Payroll taxes 4.5 15.8 7.7 9.3 Corporate income taxes 11.2 66.2 28.2 34.4 Excise taxes 14.4 21.8 15.3 19.8 Customs duties -2.9 47.0 17.1 22.1 Estate and gift taxes -12.7 51.1 30.5 37.7 Miscellaneous receipts 2.7 59.8 32.5 49.3 Total revenues 3.1 25.3 10.1 11.7
cbo.revenue.customs_duties__2025,cbo_a955150a23_p00174,Accuracy of CBO’s Baseline Projections (Aug 2026),18,Root mean square,Individual income taxes 47.4 5.2 Payroll taxes 35.2 1.3 Corporate income taxes 9.5 2.3 Excise taxes 3.0 0.4 Customs duties 1.5 0.4 Estate and gift taxes 0.9 0.2 Miscellaneous receipts 2.6 0.5 Total revenues 100.0 7.9
cbo.revenue.customs_duties__2025,cbo_a955150a23_p00230,Accuracy of CBO’s Baseline Projections (Aug 2026),24,Reestimates of the Effects on Revenues of Legislative Provisions Enacted in Response to the COVID-19 Pandemic,"Customs Duties. In its April 2018 baseline, CBO projected that revenues from customs duties would grow steadily from $41 billion in 2019 to $52 billion in 2025 (see Figure 5). 27 Because of new U.S. tariffs implemented through executive actions, actual revenues from customs duties were an average of about $30 billion higher each year from 2019 to 2024 than CBO had projected. In 2025, tariffs on most imported goods (including con­ sumer products and intermediate inputs used in manu­ facturing) were increased through executive actions. As"
cbo.revenue.customs_duties__2025,cbo_a955150a23_p00234,Accuracy of CBO’s Baseline Projections (Aug 2026),24,Comparison of CBO’s April 2018 Projections of Revenues From Customs Duties and Actual Revenues,"Revenues from customs duties over the 2019–2025 period exceeded CBO’s April 2018 projections because of new tariffs or tariff increases imposed through administrative actions, particularly in 2025."
cbo.revenue.customs_duties__2025,cbo_a955150a23_p00235,Accuracy of CBO’s Baseline Projections (Aug 2026),25,Comparison of CBO’s April 2018 Projections of Revenues From Customs Duties and Actual Revenues,"a result, revenues from customs duties were $118 billion greater in 2025 than in 2024. 28"
cbo.revenue.customs_duties__2025,cbo_a955150a23_p00296,Accuracy of CBO’s Baseline Projections (Aug 2026),30,Total revenues,"For decades, tariff policies remained fairly stable. During that time, CBO’s baseline projections of customs duties were based on a relatively simple model that began with recent trade data and extrapolated later collections of customs duties by using projections of total imports and adjusting for scheduled statutory changes in tariff rates. Beginning in 2018, the Administration imposed higher tariff rates on certain goods, particularly those imported from China. Rates rose again in 2025 after the Administration levied broad-based tariffs on most imports into the United States. Since then, tariff policies have changed frequently. In response, CBO invested significant resources to review its methods for mod­ eling tariffs and to develop an improved model that better accounts for shifting incentives for individuals and businesses to substitute imports among countries and products that are subject to differing tariff rates. 40 CBO continues to evaluate customs duties collections and adjusts each new baseline to account for observed changes in patterns of imports."
cbo.revenue.customs_duties__2025,cbo_a955150a23_p00298,Accuracy of CBO’s Baseline Projections (Aug 2026),30,Total revenues,"40. Congressional Budget Office, CBO’s Conventional Tariff Analysis Model (May 2026), www.cbo.gov/publication/61388 . For examples of changes that CBO made in response to new information about tariffs, see Phillip L. Swagel, “CBO’s Updated Projections of the Budgetary Effects of Tariffs as of November 15, 2025,” CBO Blog (November 20, 2025), www.cbo.gov/publication/61877 ."
cbo.revenue.customs_duties__2025,cbo_a955150a23_p00341,Accuracy of CBO’s Baseline Projections (Aug 2026),37,Figures,5. Comparison of CBO’s April 2018 Projections of Revenues From Customs Duties and Actual Revenues 20
cbo.outlay.other_mandatory__2023,cbo_9c10e4359f_p00107,Accuracy of CBO’s Baseline Projections (Dec 2023),10,"CBO’s Baseline Projections of Mandatory Outlays for 2023, Compared With Actual Outlays",Other Mandatory Programs. CBO’s projections of outlays for all other mandatory programs exceeded actual amounts by $13 billion (or 3 percent). The largest dif­ ference was in outlays from the Public Health and Social Services Emergency Fund: CBO’s projection exceeded the actual amount by $14 billion (or 133 percent).
cbo.revenue.miscellaneous_receipts__2023,cbo_9c10e4359f_p00046,Accuracy of CBO’s Baseline Projections (Dec 2023),4,"CBO’s Baseline Projections of Revenues for 2023, Compared With Actual Revenues","Excise taxes 97 76 21 28 Estate and gift taxes 29 34 -5 -14 Customs duties 99 80 19 24 Federal Reserve remittances 30 1 29 n.a. Miscellaneous receipts 34 38 -4 -10 Subtotal 290 229 61 27 Total 4,916 4,439 477 11"
cbo.revenue.miscellaneous_receipts__2023,cbo_9c10e4359f_p00070,Accuracy of CBO’s Baseline Projections (Dec 2023),7,The Budgetary Effects of Employee Retention Tax Credits,"The agency’s projection of excise taxes for 2023 was $21 billion (or 28 percent) more than the actual amount collected. For taxpayers affected by natural disasters, including most taxpayers in California, the IRS post­ poned to fiscal year 2024 the filing deadlines for pay­ ments typically due throughout the year. In addition, refunds for excise taxes attributed to the nontaxable use of gasoline were much larger than anticipated and far exceeded amounts recorded in previous years. The over­ estimates of excise taxes were partly offset by a $5 billion (or 14 percent) underestimate of estate and gift taxes and by a $4 billion (or 10 percent) underestimate of other miscellaneous receipts."
obr.apd__2020-21,obr_913193d785_p00200,Forecast evaluation report - December 2021,39,Table 3.2: 2020-21 receipts forecasts versus outturn,Stamp duty land tax 1 9.5 13.8 (-4.3) 7.9 (1.6) 8.4 (1.1) 9.1 (0.4) 9.6 (-0.1) Stamp duty on shares 3.7 3.6 (0.1) 3.6 (0.1) 3.2 (0.5) 3.4 (0.3) 3.5 (0.2) Tobacco duties 9.8 9.0 (0.8) 9.0 (0.8) 9.0 (0.8) 8.7 (1.1) 9.0 (0.8) Alcohol duties 12.1 11.9 (0.3) 10.8 (1.4) 10.9 (1.2) 12.9 (-0.8) 12.7 (-0.5) Air passenger duty 0.3 4.0 (-3.7) 2.6 (-2.2) 1.3 (-1.0) 0.5 (-0.1) 0.6 (-0.3) Insurance premium tax 6.3 6.6 (-0.3) 6.6 (-0.3) 6.6 (-0.2) 6.4 (-0.1) 6.3 (-0.0) Climate change levy 1.8 2.2 (-0.4) 2.2 (-0.4) 1.8 (-0.1) 1.8 (-0.1) 1.7 (0.1) Other HMRC taxes 7.2 7.6 (-0.4) 7.6 (-0.4) 6.7 (0.4) 6.8 (0.3) 6.8 (0.4) of which:
obr.apd__2020-21,obr_913193d785_p00306,Forecast evaluation report - December 2021,55,March 2020 receipts forecast error,"About £1 billion can be attributed to economic factors, with both average property prices and transaction volumes lower than forecast in March 2020 (albeit surprising to the upside relative to later forecasts). • Air passenger duty. The £3.7 billion shortfall was the largest percentage error across our receipts forecast at 92 per cent. £0.6 billion related to economic determinants thanks to the weakness of real GDP, but the bulk (£3.1 billion) is the fiscal forecasting error that captures the fact that the pandemic and lockdown restrictions had a much more detrimental effect on air travel than on the wider economy. • Other receipts. Tobacco and alcohol duties both exceeded our March 2020 forecast, as consumption held up in the face of the pandemic. Statistical issues were important for interest and dividends and environmental levies."
obr.apd__2020-21,obr_913193d785_p00308,Forecast evaluation report - December 2021,57,Table 3.11: March 2020 receipts forecast error by source,Fiscal forecast difference Income tax and NICs 357.7 340.3 -17.4 0.0 -1.8 -11.3 -4.3 Value added tax (VAT) 140.6 116.7 -23.8 0.0 -6.3 -19.8 2.3 Onshore corporation tax 57.2 51.3 -5.9 -0.5 -1.0 -1.4 -3.0 Fuel duties 27.5 20.9 -6.6 0.0 0.0 -2.1 -4.5 Business rates 31.5 19.5 -12.0 0.0 -11.9 0.0 -0.1 Stamp duty land tax 13.8 9.5 -4.3 0.0 -2.9 -1.0 -0.4 Air passenger duty 4.0 0.3 -3.7 0.0 0.0 -0.6 -3.1 Tobacco duties 9.0 9.8 0.8 0.0 -0.1 -0.1 0.9 Alcohol duties 11.9 12.1 0.3 0.0 0.0 -2.0 2.3 Environmental levies 9.6 8.5 -1.1 -1.1 0.0 0.0 0.0 EU ETS auction receipts 1.2 1.3 0.1 0.0 0.0 0.1 0.0 Other taxes 122.2 119.4 -2.8 0.4 -1.0 0.0 -2.2 National Accounts taxes 786.2 709.8 -76.4 -1.2 -24.9 -38.1 -12.2 Interest and dividends 27.6 23.3 -4.3 0.7 0.0 -0.9 -4.1 Gross operating surplus 57.0 57.6 0.6 3.0 0.0 0.0 -2.4 Other non-tax receipts 2.1 1.4 -0.7 0.0 0.0 0.0 -0.7 Current receipts 872.9 792.1 -80.9 2.5 -24.9 -39.0 -19.5
obr.apd__2020-21,obr_913193d785_p00359,Forecast evaluation report - December 2021,69,Novel use of data,"The steep drops in fuel and air passenger duty were consistent with other indicators, whereas the tax data showed that overall alcohol sales had held up despite the closure of pubs and restaurants. DWP’s administrative data for universal credit (UC) are similarly timely, revealing both how quickly the caseload rose at the start of the pandemic and how little additional effect there was from subsequent lockdowns. • The Treasury’s cash management data were used to sense-check departments’ forecasts of their own spending. With large additional amounts being allocated to departments’ budgets and huge uncertainty over the cost of some pandemic-related activities, we placed increasingly greater emphasis on the Treasury’s cash management data to understand the extent to which departments would underspend their allocations. The evidence suggests that we should have placed even greater emphasis on this source, which proved a better guide than departments’ own forecasts for accrued spending to the very large underspends that were recorded in outturn."
obr.apd__2020-21,obr_913193d785_p00365,Forecast evaluation report - December 2021,70,New forecasting approaches,"4.18 Where model outputs plus judgements about in-year residuals generated changes in medium-term effective tax rates relative to our pre-pandemic judgements, we tested their plausibility. If they failed that test, further adjustments were applied to the forecast. Through this process, we assumed some scarring in business rates and air passenger duty, for example, but ensured there was no additional scarring beyond that generated by economy forecast judgements in respect of small companies’ corporation tax or VAT."
obr.studentloans__2022-23,obr_928bd20e8e_p00219,Forecast evaluation report – October 2023,42,Table 3.4: Breakdown of March 2021 spending forecast differences for 2022-23,Student loans 11.7 2.0 -9.6 0.0 -10.3 0.7
obr.studentloans__2022-23,obr_928bd20e8e_p00234,Forecast evaluation report – October 2023,43,Table 3.5: Breakdown of March 2022 spending forecast differences for 2022-23,Student loans 2.9 2.0 -0.9 0.0 0.0 -0.9
obr.fuel__2020-21,obr_913193d785_p00199,Forecast evaluation report - December 2021,39,Table 3.2: 2020-21 receipts forecasts versus outturn,Onshore 51.3 57.2 (-5.9) 47.3 (4.0) 36.8 (14.5) 43.2 (8.1) 45.0 (6.4) Offshore 0.7 0.9 (-0.2) 0.9 (-0.2) 0.6 (0.0) 0.6 (0.1) 0.6 (0.1) Petroleum revenue tax -0.2 -0.3 (0.0) -0.3 (0.0) -0.3 (0.0) -0.3 (0.0) -0.3 (0.0) Fuel duties 20.9 27.5 (-6.6) 20.1 (0.8) 22.8 (-1.8) 21.8 (-0.9) 21.5 (-0.6) Business rates 19.5 31.5 (-12.0) 18.5 (1.0) 20.3 (-0.8) 19.3 (0.3) 18.1 (1.5) Council tax 38.4 37.9 (0.5) 37.9 (0.5) 37.2 (1.2) 38.1 (0.3) 38.1 (0.4) VAT refunds 20.2 20.2 (0.1) 20.2 (0.1) 20.3 (-0.1) 25.2 (-4.9) 21.5 (-1.3) Capital gains tax 11.1 11.4 (-0.3) 11.4 (-0.3) 10.5 (0.7) 8.1 (3.0) 10.1 (1.0) Inheritance tax 5.4 5.5 (-0.2) 5.5 (-0.2) 5.4 (-0.0) 5.2 (0.2) 5.2 (0.1) Stamp duties 1 13.2 17.4 (-4.2) 11.5 (1.7) 11.6 (1.6) 12.5 (0.7) 13.1 (0.1) of which:
obr.fuel__2020-21,obr_913193d785_p00305,Forecast evaluation report - December 2021,55,March 2020 receipts forecast error,"The fiscal forecasting error is likely to reflect a variety of issues such as greater losses in some sectors and modelling issues around payment patterns including the move to a quicker payment regime for very large companies. The largest policy costs were due to anticipatory effects in respect of the super-deduction and loss carry back measures. • Fuel duties. The £6.6 billion (24 per cent) shortfall is entirely explained by economic factors and fiscal forecasting errors that relate to the amount of fuel purchased. Underperformance in real GDP and consumption lowered receipts by £2.1 billion, while the additional shortfall in road travel relative to this weaker than expected economic activity is captured by the £4.5 billion fiscal forecasting error. • Business rates. The £12.0 billion (38 per cent) shortfall is almost entirely explained by business rates relief measures, which cost £11.9 billion. • Stamp duty land tax (SDLT). The £4.3 billion shortfall was largely due to the stamp duty holiday that was announced in July 2020, which is estimated to have cost £2.9 billion in 2020-21."
obr.fuel__2020-21,obr_913193d785_p00308,Forecast evaluation report - December 2021,57,Table 3.11: March 2020 receipts forecast error by source,Fiscal forecast difference Income tax and NICs 357.7 340.3 -17.4 0.0 -1.8 -11.3 -4.3 Value added tax (VAT) 140.6 116.7 -23.8 0.0 -6.3 -19.8 2.3 Onshore corporation tax 57.2 51.3 -5.9 -0.5 -1.0 -1.4 -3.0 Fuel duties 27.5 20.9 -6.6 0.0 0.0 -2.1 -4.5 Business rates 31.5 19.5 -12.0 0.0 -11.9 0.0 -0.1 Stamp duty land tax 13.8 9.5 -4.3 0.0 -2.9 -1.0 -0.4 Air passenger duty 4.0 0.3 -3.7 0.0 0.0 -0.6 -3.1 Tobacco duties 9.0 9.8 0.8 0.0 -0.1 -0.1 0.9 Alcohol duties 11.9 12.1 0.3 0.0 0.0 -2.0 2.3 Environmental levies 9.6 8.5 -1.1 -1.1 0.0 0.0 0.0 EU ETS auction receipts 1.2 1.3 0.1 0.0 0.0 0.1 0.0 Other taxes 122.2 119.4 -2.8 0.4 -1.0 0.0 -2.2 National Accounts taxes 786.2 709.8 -76.4 -1.2 -24.9 -38.1 -12.2 Interest and dividends 27.6 23.3 -4.3 0.7 0.0 -0.9 -4.1 Gross operating surplus 57.0 57.6 0.6 3.0 0.0 0.0 -2.4 Other non-tax receipts 2.1 1.4 -0.7 0.0 0.0 0.0 -0.7 Current receipts 872.9 792.1 -80.9 2.5 -24.9 -39.0 -19.5
