measure_type,code,name
spending,RDEL,PSCE in RDEL (£ billion)
spending,CDEL,PSGI in CDEL (£ billion)
spending,Total welfare,Welfare spending (£ billion)
spending,Welfare in,Welfare spending: inside welfare cap (£ billion)
spending,Welfare out,Welfare spending: outside welfare cap (£ billion)
spending,LASFEcurr,Locally financed current expenditure (£ billion)
spending,LASFEcap,Locally financed capital expenditure (£ billion)
spending,PSDebtint,Public sector debt interest (£ billion)
spending,Debtint,Central government gross debt interest (£ billion)
spending,APF,Reductions of debt interest due to APF
spending,Netdebtint,Central government debt interest (net of APF) (£ billion)
spending,PCDebtint,Public corporations' debt interest (£ billion)
spending,Pensions,Unfunded public service pension payments (£ billion)
spending,EU,Expenditure transfers to EU institutions  (£ billion)
spending,PCcapex,Public corporations' capital expenditure (£ billion)
spending,Ctaxcreds,Company tax credits (£ billion)
spending,BBCcur,BBC current expenditure (£ billion)
spending,Lotterycur,National lottery current grants (£ billion)
spending,Lotterycap,National lottery capital grants (£ billion)
spending,Studentloans,Student loans expenditure (£ billion)
spending,Fundedpensions,Funded public sector pension schemes (£ billion)
spending,GGIpensions,General government imputed pensions (£ billion)
spending,Taxlit,Tax litigation (£ billion)
spending,GGdepreciation,General government depreciation (£ billion)
spending,NRcap,Network Rail capital expenditure (£ billion)
spending,NRcur,Network Rail current expenditure (£ billion)
spending,R&D,Research and development expenditure (£ billion)
spending,SUME,Single use military expenditure (£ billion)
tax,IT,Income tax (£ billion)
tax,SA IT,Self assessed income tax (£ billion)
tax,PAYE IT,Pay as you earn (PAYE) income tax (£ billion)
tax,NICS,National insurance contributions (NICs) (£ billion)
tax,VAT,Value added tax (VAT) (£ billion)
tax,Onshore,Onshore corporation tax (£ billion)
tax,Alcohol,Alcohol duties (£ billion)
tax,Oilandgas,UK oil and gas revenues (£ billion)
tax,Fuel,Fuel duties (£ billion)
tax,Business,Business rates receipts (£ billion)
tax,CGT,Capital gains tax (£ billion)
tax,IHT,Inheritance tax (£ billion)
tax,PTT,Property transaction taxes (£ billion)
tax,Shares,Stamp taxes on shares (£ billion)
tax,Tobacco,Tobacco duties (£ billion)
tax,Spirits,Spirits duties (£ billion)
tax,Wine,Wine duties (£ billion)
tax,Beercider,Beer and cider duties (£ billion)
tax,VED,Vehicle excise duties (£ billion)
tax,VATrefunds,VAT refunds (£ billion)
tax,Council,Council tax (£ billion)
tax,APD,Air passenger duty (£ billion)
tax,IPT,Insurance premium tax (£ billion)
tax,CCL,Climate change levy (£ billion)
tax,Bank,Bank levy (£ billion)
tax,Licence,Licence fee receipts (£ billion)
tax,ETS,Emission trading scheme auction receipts (£ billion)
tax,EGL,Electricity generators levy (£ billion)
tax,CBAM,Carbon border adjustment mechanism (£ billion)
tax,Vapes,Vaping tax (£ billion)
tax,Scotland,Scottish taxes (£ billion)
tax,HSC,Health and social care levy (£ billion)
