series_id,target_period,outturn_latest,forecast_min,forecast_max,gap,median_abs_revision,gap_over_median,classification_change_recorded,classification_events
obr.bank,2011-12,2.382,1.2,2.1,0.28200000000000003,0.07544274127794659,3.737934163355146,False,
obr.businessinv,2009,-14.02741674092611,-19.3,-18.8,4.77258325907389,0.9000000000000004,5.302870287859876,False,
obr.cacb,2002-03,1.544693153917884,-1.6,0.7,0.8446931539178841,0.20000000000000007,4.223465769589419,False,
obr.cacb,2008-09,3.906007520023252,-0.7,3.1,0.8060075200232517,0.20000000000000007,4.030037600116257,False,
obr.capsnb,2002-03,3.07004629312588,1.602793354958468,2.1715062031514307,0.8985400899744493,0.26865704115922817,3.3445618476900476,False,
obr.capsnb,2004-05,4.155186864703694,1.451523663236199,3.2492370404206357,0.9059498242830584,0.26865704115922817,3.3721424920559526,False,
obr.cb_gbp,2008-09,67.736,49.705,49.705,18.031000000000006,5.749546748224236,3.1360732923110732,False,
obr.cdel,2014-15,45.539850194,34.7,42.1,3.4398501940000017,0.9773554684862091,3.5195487260411635,False,
obr.ctaxcreds,2016-17,4.439831111401972,1.4,3.236732543283937,1.203098568118035,0.19999999999999996,6.015492840590177,False,
obr.ctaxcreds,2017-18,5.453418930744118,1.8,3.726736684462576,1.726682246281542,0.19999999999999996,8.633411231407713,False,
obr.deflator,2010,1.340388007054671,2.9,3.2,1.559611992945329,0.17937115888888577,8.694887197063016,False,
obr.demand,2009,-4.407891031359002,-5.5,-5.3,0.892108968640998,0.2198350653609511,4.058083123255284,False,
obr.demand,2014,4.208111088442368,1.6,3.5,0.7081110884423678,0.2198350653609511,3.2211016348993624,False,
obr.earnings,2009,0.1354471438320903,1.0,1.8,0.8645528561679097,0.20000000000000018,4.322764280839545,False,
obr.earnings,2010,0.9999813175032735,1.7,2.4,0.7000186824967265,0.20000000000000018,3.500093412483629,False,
obr.earnings,2012,0.6436322506825132,2.0,2.7,1.3563677493174868,0.20000000000000018,6.781838746587428,False,
obr.earnings,2020,-0.3395343426151554,1.0885678163380152,4.4,1.4281021589531706,0.20000000000000018,7.140510794765847,False,
obr.eurogdp,2009,-4.424562473566008,-4.0,-4.0,0.4245624735660076,0.09526952307661318,4.456435383061443,False,
obr.eurogdp,2021,7.14745146935345,1.4297721961603465,5.270045540362944,1.8774059289905054,0.09526952307661318,19.706259340468684,False,
obr.exports,2009,-7.932920849241365,-11.1,-10.1,2.167079150758634,0.3999999999999999,5.417697876896587,False,
obr.exports,2022,15.21375426586182,-0.5941834702953286,10.286237633522965,4.927516632338854,0.3999999999999999,12.318791580847138,False,
obr.fixedinv,2009,-11.60477187778702,-15.4,-14.9,3.295228122212981,0.5865464317237334,5.618017507205724,False,
obr.fixedinv,2021,9.256607917099746,1.8019779132267821,5.667979374144627,3.588628542955119,0.5865464317237334,6.118234378153002,False,
obr.fundedpensions,2018-19,16.5715,20.252213104228815,20.252213104228815,3.680713104228815,0.031980732779993915,115.09158122015725,False,
obr.fundedpensions,2019-20,22.6561,18.452754499781523,20.32249818980908,2.333601810190917,0.031980732779993915,72.96899124371349,False,
obr.fundedpensions,2020-21,16.5083,18.792,21.379517673834098,2.283700000000003,0.031980732779993915,71.40862017485135,False,
obr.fundedpensions,2021-22,17.9544,19.83542363241657,22.319339777792145,1.8810236324165714,0.031980732779993915,58.81740250783989,False,
obr.fundedpensions,2023-24,12.539062099999999,18.192081367220002,24.40844742084413,5.653019267220003,0.031980732779993915,176.76328138285638,False,
obr.ggdepreciation,2010-11,31.593,15.2,15.2,16.393,0.3999999999999986,40.982500000000144,False,
obr.ggdepreciation,2011-12,33.294,16.0,16.3,16.993999999999996,0.3999999999999986,42.48500000000014,False,
obr.ggdepreciation,2012-13,35.004,16.9,17.3,17.703999999999997,0.3999999999999986,44.26000000000015,False,
obr.ggdepreciation,2013-14,36.553,17.6,27.7,8.852999999999998,0.3999999999999986,22.132500000000075,False,
obr.ggdepreciation,2014-15,37.665,18.3,28.9,8.765,0.3999999999999986,21.91250000000008,False,
obr.ggdepreciation,2015-16,38.668,19.0,30.3,8.367999999999999,0.3999999999999986,20.92000000000007,False,
obr.ggdepreciation,2016-17,40.198,19.8,31.8,8.398,0.3999999999999986,20.995000000000072,False,
obr.ggdepreciation,2017-18,41.61,20.5,33.3,8.310000000000002,0.3999999999999986,20.77500000000008,False,
obr.ggdepreciation,2018-19,42.869,21.7,41.073,1.7959999999999994,0.3999999999999986,4.490000000000014,False,
obr.ggipensions,2013-14,2.120824774179031,1.9,1.9,0.220824774179031,0.00878295439389054,25.142425233659146,False,
obr.ggipensions,2014-15,1.565342869473021,1.8,1.9,0.23465713052697912,0.00878295439389054,26.71733450992386,False,
obr.ggipensions,2015-16,1.7162795653322656,1.8,2.0,0.08372043466773449,0.00878295439389054,9.532149537969907,False,
obr.ggipensions,2017-18,1.1814396893362709,1.334,2.2096035828089993,0.15256031066372922,0.00878295439389054,17.370044727757072,False,
obr.ggipensions,2018-19,0.8631183245904738,0.905,2.307944630574733,0.04188167540952625,0.00878295439389054,4.768517919056863,False,
obr.ggipensions,2019-20,1.2851528003995547,1.334,2.4146328664230077,0.04884719960044537,0.00878295439389054,5.5615909419299365,False,
obr.ggipensions,2021-22,0.7477507580015063,1.048020376981468,2.611864338649832,0.30026961897996174,0.00878295439389054,34.18776934431431,False,
obr.govconsumption,2010,-0.02279760371853845,1.0,1.8,1.0227976037185385,0.3,3.409325345728462,False,
obr.govtinv,2009,7.318305718048457,15.5,18.2,8.181694281951543,1.5,5.454462854634362,False,
obr.hhconsumption,2010,2.712984974403154,0.2,1.2,1.5129849744031538,0.20088544059602143,7.531581034017051,False,
obr.imports,2009,-7.247462696547935,-12.3,-11.9,4.652537303452065,0.3999999999999999,11.631343258630165,False,
obr.inventories,2009,-0.8858598929405275,-1.2,-1.1,0.21414010705947262,0.030756973045504517,6.9623271036020125,False,
obr.inventories,2010,0.9990810018261793,1.2,1.4,0.20091899817382064,0.030756973045504517,6.5324698199840325,False,
obr.inventories,2012,0.1813481549643121,-0.6,0.0,0.1813481549643121,0.030756973045504517,5.896163926665021,False,
obr.inventories,2014,0.8652871232371647,0.0,0.3,0.5652871232371648,0.030756973045504517,18.379153319178396,False,
obr.inventories,2016,-1.002194248945602,-0.5452656143747974,0.2,0.45692863457080457,0.030756973045504517,14.85609893713484,False,
obr.inventories,2017,0.379527393691318,-0.555108747088129,0.0492242412614228,0.33030315242989516,0.030756973045504517,10.739130666116468,False,
obr.lasfecap,2013-14,8.532474999999998,4.4,7.0,1.532474999999998,0.5,3.064949999999996,False,
obr.ngdp,1981-82,298.739,255.0,255.0,43.738999999999976,10.0,4.373899999999997,False,
obr.ngdp,1982-83,327.91,275.0,282.0,45.910000000000025,10.0,4.591000000000003,False,
obr.ngdp,1983-84,358.644,296.0,307.0,51.644000000000005,10.0,5.1644000000000005,False,
obr.ngdp,1984-85,386.718,322.0,336.0,50.71800000000002,10.0,5.071800000000001,False,
obr.ngdp,1985-86,424.559,346.0,360.0,64.55900000000003,10.0,6.455900000000002,False,
obr.ngdp,1986-87,456.205,371.0,386.0,70.20499999999998,10.0,7.020499999999998,False,
obr.ngdp,1987-88,512.832,392.0,426.0,86.832,10.0,8.6832,False,
obr.ngdp,1988-89,572.031,412.0,478.1,93.93099999999993,10.0,9.393099999999993,False,
obr.ngdp,1989-90,631.607,455.0,519.0,112.60699999999997,10.0,11.260699999999996,False,
obr.ngdp,1990-91,681.464,489.0,558.0,123.46400000000006,10.0,12.346400000000006,False,
obr.ngdp,1991-92,716.584,545.0,604.0,112.58399999999995,10.0,11.258399999999995,False,
obr.ngdp,1992-93,741.206,599.0,631.0,110.20600000000002,10.0,11.020600000000002,False,
obr.ngdp,1993-94,783.22,628.0,668.0,115.22000000000003,10.0,11.522000000000002,False,
obr.ngdp,1994-95,823.67,671.0,710.0,113.66999999999996,10.0,11.366999999999996,False,
obr.ngdp,1995-96,866.285,708.0,752.0,114.28499999999997,10.0,11.428499999999996,False,
obr.ngdp,1996-97,926.554,745.0,793.0,133.55399999999997,10.0,13.355399999999998,False,
obr.ngdp,1997-98,970.388,785.0,806.0,164.38800000000003,10.0,16.438800000000004,False,
obr.ngdp,1998-99,1014.098,826.0,857.0,157.09799999999996,10.0,15.709799999999996,False,
obr.ngdp,1999-00,1060.973,864.0,907.0,153.97299999999996,10.0,15.397299999999996,False,
obr.ngdp,2000-01,1117.633,903.0,956.0,161.63300000000004,10.0,16.163300000000003,False,
obr.ngdp,2001-02,1159.585,943.0,1005.0,154.58500000000004,10.0,15.458500000000004,False,
obr.ngdp,2002-03,1210.146,1004.0,1056.0,154.14599999999996,10.0,15.414599999999997,False,
obr.ngdp,2003-04,1277.594,1052.0,1118.0,159.59400000000005,10.0,15.959400000000006,False,
obr.ngdp,2004-05,1346.417,1124.0,1178.0,168.41699999999992,10.0,16.841699999999992,False,
obr.ngdp,2005-06,1423.557,1189.0,1243.0,180.55700000000002,10.0,18.0557,False,
obr.ngdp,2006-07,1493.448,1263.0,1325.0,168.4480000000001,10.0,16.84480000000001,False,
obr.ngdp,2007-08,1571.927,1342.0,1421.0,150.9269999999999,10.0,15.09269999999999,False,
obr.ngdp,2008-09,1593.267,1428.0,1473.0,120.26700000000005,10.0,12.026700000000005,False,
obr.ngdp,2014-15,1888.114,1658.0,1841.0,47.11400000000003,10.0,4.711400000000003,False,
obr.ngdp,2016-17,2027.118,1806.0,1986.826,40.291999999999916,10.0,4.0291999999999915,False,
obr.ngdp,2017-18,2114.617,1889.0,2066.856,47.76099999999997,10.0,4.776099999999997,False,
obr.ngdp,2022-23,2634.336,2350.9103480000003,2553.88,80.45599999999968,10.0,8.045599999999968,False,
obr.ngdp,2023-24,2790.07,2440.849576,2751.517,38.55300000000034,10.0,3.855300000000034,False,
obr.nomconsumerspending,2008,3.221306923833245,4.0,4.0,0.7786930761667552,0.2407175594876465,3.2348827307162744,False,
obr.nomconsumerspending,2021,10.25040737029337,3.1063384869225663,8.965596971374223,1.2848103989191468,0.2407175594876465,5.337418681270249,False,
obr.nomconsumerspending,2022,16.76814603131633,3.2769149522487773,13.852433183794123,2.915712847522208,0.2407175594876465,12.112588935049589,False,
obr.non_oilpnfcprofits,2009,-10.52807627982083,-6.5,-5.1,4.02807627982083,0.7602357170477383,5.298457030489519,False,
obr.non_oilpnfcprofits,2010,5.273900787239172,-1.0,2.4,2.873900787239172,0.7602357170477383,3.780275936520762,False,
obr.non_oilpnfcprofits,2011,3.800232667306158,6.4,11.9,2.599767332693842,0.7602357170477383,3.419685861103251,False,
obr.nrcap,2013-14,6.756,3.1,3.1,3.656,0.20000000000000018,18.279999999999983,False,
obr.pccapex,2010-11,18.213,7.4,9.5,8.713000000000001,0.908919473493647,9.58610774011643,False,
obr.pccapex,2011-12,16.055,6.7,9.2,6.855,0.908919473493647,7.541922249339852,False,
obr.pccapex,2012-13,14.818,6.2,9.2,5.618,0.908919473493647,6.180965601282464,False,
obr.pccapex,2013-14,13.455,5.9,9.2,4.255000000000001,0.908919473493647,4.681382811224081,False,
obr.pcdebtint,2014-15,3.739,2.5,2.9,0.839,0.01200000000000001,69.9166666666666,False,
obr.pcdebtint,2015-16,3.821,2.7830000000000013,3.3000000000000007,0.5209999999999995,0.01200000000000001,43.416666666666586,False,
obr.pcdebtint,2016-17,4.103,3.3,3.943232836665837,0.15976716333416263,0.01200000000000001,13.313930277846874,False,
obr.pscr,1989-90,34.58479719192473,39.1,39.1,4.515202808075273,0.30000000000000426,15.050676026917362,False,
obr.pscr,1990-91,33.77493161781106,39.2,40.0,5.42506838218894,0.30000000000000426,18.083561273962875,False,
obr.pscr,1991-92,33.41157491654852,38.0,39.1,4.588425083451483,0.30000000000000426,15.294750278171392,False,
obr.pscr,1992-93,31.93282299387754,37.0,38.6,5.06717700612246,0.30000000000000426,16.89059002040796,False,
obr.pscr,1993-94,31.2156226858354,36.1,38.9,4.8843773141646025,0.30000000000000426,16.28125771388178,False,
obr.pscr,1994-95,32.091614360119955,37.2,39.6,5.108385639880048,0.30000000000000426,17.02795213293325,False,
obr.pscr,1995-96,33.1416335270725,38.4,39.3,5.258366472927499,0.30000000000000426,17.527888243091414,False,
obr.pscr,1996-97,32.304539184980044,38.0,39.9,5.695460815019956,0.30000000000000426,18.984869383399584,False,
obr.pscr,1997-98,34.376249500199926,38.5,40.1,4.1237504998000745,0.30000000000000426,13.745834999333386,False,
obr.pscr,1998-99,34.97630406528758,38.7,40.3,3.723695934712424,0.30000000000000426,12.41231978237457,False,
obr.pscr,1999-00,35.67621419206709,39.0,40.4,3.3237858079329072,0.30000000000000426,11.079286026442867,False,
obr.pscr,2000-01,36.36363636363636,39.4,40.5,3.036363636363639,0.30000000000000426,10.121212121211986,False,
obr.pscr,2001-02,35.565396240896526,39.1,40.6,3.534603759103476,0.30000000000000426,11.782012530344751,False,
obr.pscr,2002-03,34.52335503319434,37.6,40.5,3.0766449668056595,0.30000000000000426,10.255483222685386,False,
obr.pscr,2003-04,35.29094532378831,37.8,40.6,2.50905467621169,0.30000000000000426,8.36351558737218,False,
obr.pscr,2004-05,35.88895565044113,38.1,40.2,2.2110443495588683,0.30000000000000426,7.3701478318627895,False,
obr.pscr,2005-06,36.50911062921962,39.2,40.4,2.6908893707803827,0.30000000000000426,8.969631235934482,False,
obr.pscr,2006-07,36.928034990170396,39.3,40.6,2.3719650098296015,0.30000000000000426,7.906550032765225,False,
obr.pscr,2007-08,37.161140434638504,39.1,40.9,1.938859565361497,0.30000000000000426,6.462865217871565,False,
obr.pscr,2008-09,35.74291063581936,36.9,41.0,1.1570893641806421,0.30000000000000426,3.856964547268752,False,
obr.pscr_gbp,1989-90,218.44,203.0,203.0,15.439999999999998,5.0,3.0879999999999996,False,
obr.pscr_gbp,1999-00,378.515,338.0,356.2,22.314999999999998,5.0,4.462999999999999,False,
obr.pscr_gbp,2000-01,406.412,357.0,383.2,23.21199999999999,5.0,4.642399999999998,False,
obr.pscr_gbp,2004-05,483.215,444.0,468.0,15.214999999999975,5.0,3.042999999999995,False,
obr.pscr_gbp,2005-06,519.728,473.0,494.0,25.727999999999952,5.0,5.14559999999999,False,
obr.pscr_gbp,2006-07,551.501,497.0,522.0,29.500999999999976,5.0,5.9001999999999954,False,
obr.pscr_gbp,2007-08,584.146,548.0,553.8,30.346000000000004,5.0,6.0692,False,
obr.pscr_gbp,2016-17,754.239,694.1,735.3,18.939000000000078,5.0,3.787800000000016,True,FRD classifications: Cash transfers from the APF to the Exchequer3; FRD classifications: Changes to ROCs methodology4; FRD classifications: ESA10 and PSF review classification changes5; FRD classifications: Moving corporate taxes to a time-shifted accruals basis10; FRD classifications: Private regis
obr.pscr_gbp,2017-18,779.441,723.0,762.7,16.740999999999985,5.0,3.348199999999997,True,"FRD classifications: Changes to ROCs methodology4; FRD classifications: ESA10 and PSF review classification changes5; FRD classifications: Moving corporate taxes to a time-shifted accruals basis10; FRD classifications: Private registered providers of social housing in Scotland, Wales and Northern Ir"
obr.psdebtint,2010-11,57.352,43.205,44.1961334625,13.155866537499996,2.983184023068759,4.410008378888656,False,
obr.psdebtint,2011-12,60.114000000000004,44.90781118125,49.62080401875,10.493195981250004,2.983184023068759,3.517448437678277,False,
obr.psnb,1976-77,4.929894701278225,7.0,7.0,2.070105298721775,0.2999999999999998,6.900350995739255,False,
obr.psnb,1981-82,2.008107411486281,3.0,4.25,0.9918925885137191,0.2999999999999998,3.3063086283790657,False,
obr.psnb,1991-92,3.316289506882655,-1.1,2.4,0.9162895068826549,0.2999999999999998,3.054298356275518,False,
obr.psnb_gbp,2002-03,35.015,1.0,24.0,11.015,3.4293016958368483,3.2120241894646204,False,
obr.psnb_gbp,2004-05,51.662,6.0,39.7,11.961999999999996,3.4293016958368483,3.4881737044372016,False,
obr.psnb_gbp,2008-09,116.293,23.0,96.1,20.193000000000012,3.4293016958368483,5.888370808702597,False,
obr.psnd,2008-09,50.2434945780172,35.51879397602371,44.0,6.243494578017199,1.0339378482815818,6.038558882812897,False,
obr.psnd,2009-10,64.38547853462434,37.08040504127338,55.6,8.785478534624339,1.0339378482815818,8.4971050718628,False,
obr.psnd,2010-11,70.62288575492826,38.19751794009384,65.4,5.222885754928257,1.0339378482815818,5.05145039772822,False,
obr.psni,2009-10,3.0444077163113326,3.483042689013538,3.5265206282627095,0.4386349727022054,0.09713799000340884,4.515586257105099,False,
obr.rdel,2016-17,286.709906,299.0,325.2,12.29009400000001,3.5,3.5114554285714314,False,
obr.rhhdi,2015,6.035289969532642,1.1,3.9,2.1352899695326424,0.3361650236035407,6.351909983505351,False,
obr.savingratio,2009,11.62233687440122,6.0,7.0,4.6223368744012205,0.7999999999999998,5.777921093001527,False,
obr.savingratio,2010,12.09608706347462,4.1,7.5,4.59608706347462,0.7999999999999998,5.745108829343276,False,
obr.savingratio,2011,9.894036308298302,3.4,6.8,3.0940363082983025,0.7999999999999998,3.8675453853728787,False,
obr.savingratio,2015,10.07201516385804,3.4,7.4,2.67201516385804,0.7999999999999998,3.340018954822551,False,
obr.tme,1989-90,34.60442965324957,38.1,38.1,3.4955703467504335,0.3167129606892516,11.037029678681742,False,
obr.tme,1990-91,34.84835589260768,38.7,39.5,3.8516441073923247,0.3167129606892516,12.161308773124167,False,
obr.tme,1991-92,36.727864423431164,38.5,40.5,1.7721355765688358,0.3167129606892516,5.595399609514551,False,
obr.tme,1994-95,37.42433256037005,39.3,44.1,1.8756674396299502,0.3167129606892516,5.922294545660523,False,
obr.tme,1995-96,37.24363229191317,41.1,43.9,3.856367708086829,0.3167129606892516,12.176223226527728,False,
obr.tme,1996-97,35.426213690729305,40.0,43.5,4.5737863092706945,0.3167129606892516,14.441424497806846,False,
obr.tme,1997-98,35.47106930423707,40.0,43.2,4.528930695762931,0.3167129606892516,14.299795896911744,False,
obr.tme,1998-99,34.98843307057109,38.9,40.8,3.9115669294289077,0.3167129606892516,12.350511077653085,False,
obr.tme,1999-00,34.60144603114311,38.3,40.4,3.698553968856885,0.3167129606892516,11.677936895313183,False,
obr.tme,2000-01,34.90573381423061,37.9,40.4,2.9942661857693906,0.3167129606892516,9.454195304331947,False,
obr.tme,2001-02,36.05143219341402,37.8,40.7,1.7485678065859744,0.3167129606892516,5.520985951382053,False,
obr.tme,2002-03,37.41680755875738,39.8,40.7,2.3831924412426204,0.3167129606892516,7.524770808419587,False,
obr.tme,2003-04,38.697583113258204,40.0,41.5,1.3024168867417956,0.3167129606892516,4.112294248733586,False,
obr.tme,2007-08,40.02730406691914,41.7,43.1,1.6726959330808597,0.3167129606892516,5.2814255830914805,False,
obr.tme_gbp,1989-90,218.564,197.7,197.7,20.864000000000004,3.3000000000000114,6.322424242424222,False,
obr.tme_gbp,1990-91,237.479,212.7,216.0,21.479000000000013,3.3000000000000114,6.50878787878786,False,
obr.tme_gbp,1991-92,263.186,225.0,236.5,26.68599999999998,3.3000000000000114,8.086666666666632,False,
obr.tme_gbp,1992-93,283.035,238.0,260.8,22.235000000000014,3.3000000000000114,6.737878787878769,False,
obr.tme_gbp,1993-94,295.829,250.0,280.7,15.129000000000019,3.3000000000000114,4.584545454545444,False,
obr.tme_gbp,1994-95,308.253,279.0,296.8,11.452999999999975,3.3000000000000114,3.470606060606041,False,
obr.tme_gbp,1999-00,367.112,340.0,353.7,13.412000000000035,3.3000000000000114,4.064242424242421,False,
obr.tme_gbp,2000-01,390.118,348.0,373.0,17.117999999999995,3.3000000000000114,5.187272727272708,False,
obr.tme_gbp,2001-02,418.047,356.0,394.9,23.147000000000048,3.3000000000000114,7.014242424242415,False,
obr.tme_gbp,2002-03,452.798,408.0,421.0,31.798000000000002,3.3000000000000114,9.635757575757543,False,
obr.tme_gbp,2003-04,494.398,428.0,460.2,34.198000000000036,3.3000000000000114,10.363030303030278,False,
obr.tme_gbp,2004-05,534.877,450.0,487.6,47.27699999999993,3.3000000000000114,14.326363636363565,False,
obr.tme_gbp,2005-06,565.101,485.0,523.2,41.900999999999954,3.3000000000000114,12.697272727272669,False,
obr.tme_gbp,2006-07,592.439,510.0,554.6,37.83899999999994,3.3000000000000114,11.46636363636358,False,
obr.tme_gbp,2007-08,629.2,568.0,589.2,40.0,3.3000000000000114,12.12121212121208,False,
obr.tme_gbp,2008-09,685.773,604.0,629.8,55.97300000000007,3.3000000000000114,16.961515151515115,False,
obr.tme_gbp,2009-10,720.342,634.0,675.7,44.64199999999994,3.3000000000000114,13.527878787878723,False,
obr.tme_gbp,2010-11,743.018,664.0,706.6,36.418000000000006,3.3000000000000114,11.03575757575754,False,
obr.tme_gbp,2011-12,745.503,690.9,717.0,28.503000000000043,3.3000000000000114,8.63727272727271,False,
obr.tme_gbp,2012-13,759.134,673.3,747.0,12.134000000000015,3.3000000000000114,3.676969696969689,True,FRD classifications: Reclassification of B&B and NRAM into the public sector2; FRD classifications: Royal Mail Pension Plan transferred to the public sector (ESA95 treatment)1
obr.tme_gbp,2014-15,786.136,730.4,776.0,10.135999999999967,3.3000000000000114,3.071515151515131,True,FRD classifications: Changes to ROCs methodology4; FRD classifications: ESA10 and PSF review classification changes5; FRD classifications: Multilateral development bank subscriptions added to spending and other small changes6; FRD classifications: Reclassification of B&B and NRAM into the public sec
obr.tme_gbp,2015-16,793.657,742.3,763.8,29.857000000000085,3.3000000000000114,9.047575757575752,True,FRD classifications: Changes to ROCs methodology4; FRD classifications: ESA10 and PSF review classification changes5; FRD classifications: Multilateral development bank subscriptions added to spending and other small changes6; FRD classifications: Reclassification of B&B and NRAM into the public sec
obr.tme_gbp,2016-17,811.403,740.3,778.7920255279153,32.61097447208476,3.3000000000000114,9.882113476389287,True,FRD classifications: Changes to ROCs methodology4; FRD classifications: ESA10 and PSF review classification changes5; FRD classifications: Multilateral development bank subscriptions added to spending and other small changes6; FRD classifications: Private registered providers of social housing in Sc
obr.tme_gbp,2017-18,838.724,743.9,802.4128613298341,36.311138670165974,3.3000000000000114,11.003375354595711,True,FRD classifications: Changes to ROCs methodology4; FRD classifications: ESA10 and PSF review classification changes5; FRD classifications: Multilateral development bank subscriptions added to spending and other small changes6; FRD classifications: Private registered providers of social housing in Sc
obr.ukgdp,1983,4.186085097447179,3.0,3.0,1.1860850974471786,0.16546440343585544,7.168219102225095,False,
obr.ukgdp,1985,4.098809499665368,3.5,3.5,0.5988094996653679,0.16546440343585544,3.6189626725213113,False,
obr.ukgdp,1987,5.4550689894669935,2.0,4.5,0.9550689894669935,0.16546440343585544,5.772051085520875,False,
obr.ukgdp,1988,5.421495492538453,2.0,4.5,0.9214954925384529,0.16546440343585544,5.569146435146598,False,
obr.ukgdp,1997,4.879985345389359,2.75,3.5,1.3799853453893594,0.16546440343585544,8.340073857180585,False,
obr.ukgdp,2000,4.524380762626534,2.5,3.0,1.5243807626265342,0.16546440343585544,9.212741417325336,False,
obr.ukgdp,2008,-0.04941165456225916,0.5,2.75,0.5494116545622592,0.16546440343585544,3.3204220554618935,False,
obr.ukgdp,2021,8.543111843708395,1.3594572125186,7.524910378876792,1.018201464831603,0.16546440343585544,6.1535982585301054,False,
obr.vatrefunds,2008-09,13.41,12.0,12.0,1.4100000000000001,0.40000000000000036,3.5249999999999972,False,
obr.vatrefunds,2009-10,12.7,11.2,11.2,1.5,0.40000000000000036,3.749999999999997,False,
obr.vatrefunds,2010-11,14.995,13.2,13.6,1.3949999999999996,0.40000000000000036,3.487499999999996,False,
obr.vatrefunds,2012-13,16.618,13.8,15.2,1.4179999999999993,0.40000000000000036,3.544999999999995,False,
obr.vatrefunds,2013-14,17.137,13.8,15.2,1.9370000000000012,0.40000000000000036,4.8424999999999985,False,
obr.vatrefunds,2014-15,17.14,13.7,15.3,1.8399999999999999,0.40000000000000036,4.599999999999995,False,
obr.vatrefunds,2015-16,17.801,13.4,15.8,2.0009999999999977,0.40000000000000036,5.00249999999999,False,
obr.vatrefunds,2016-17,17.51,13.2,14.7,2.8100000000000023,0.40000000000000036,7.0249999999999995,False,
obr.wages_salaries,2020,-0.2677918613152919,1.5279641012976963,4.9,1.7957559626129882,0.29362220821929075,6.115872411366902,False,
obr.welfare_out,2019-20,100.94674258044752,105.61161173532511,110.9,4.664869154877593,0.7717872276346895,6.044242490477723,False,
obr.worldgdp,2021,6.696100152096205,3.63021571726039,5.883118479085791,0.8129816730104142,0.10000000000000009,8.129816730104135,False,
obr.worldtrade,2009,-9.857598533502632,-11.1,-11.0,1.1424014664973683,0.2199745815348919,5.193333968525645,False,
obr.worldtrade,2021,11.231859620712,3.715007025909963,10.284672018372452,0.9471876023395467,0.2199745815348919,4.305895689085813,False,
