series_id,classification_break,memo_vintage,episode
cbo.debt.total,0.0,0.0,0.07586206896551724
cbo.deficit.total,0.0,0.0,0.08944723618090453
cbo.outlay.defense_discretionary,0.0,0.0,0.10787878787878788
cbo.outlay.fannie_freddie,0.0,0.0,0.12603305785123967
cbo.outlay.medicaid,0.0,0.0,0.09398099260823653
cbo.outlay.medicare,0.0,0.0,0.09398099260823653
cbo.outlay.net_interest,0.0,0.0,0.09398099260823653
cbo.outlay.nondefense_discretionary,0.0,0.0,0.10787878787878788
cbo.outlay.other_mandatory,0.0,0.0,0.09398099260823653
cbo.outlay.social_security,0.0,0.0,0.09398099260823653
cbo.outlay.total,0.0,0.0,0.08944723618090453
cbo.outlay.total_discretionary,0.0,0.0,0.09398099260823653
cbo.outlay.total_mandatory,0.0,0.0,0.09398099260823653
cbo.revenue.corporate_income_taxes,0.0,0.0,0.07880910683012259
cbo.revenue.customs_duties,0.0,0.0,0.07880910683012259
cbo.revenue.estate_and_gift_taxes,0.0,0.0,0.07880910683012259
cbo.revenue.excise_taxes,0.0,0.0,0.07880910683012259
cbo.revenue.individual_income_taxes,0.0,0.0,0.07880910683012259
cbo.revenue.miscellaneous_receipts,0.0,0.0,0.07880910683012259
cbo.revenue.payroll_taxes,0.0,0.0,0.07880910683012259
cbo.revenue.total,0.0,0.0,0.07758620689655173
