parent,vintage_id,target_period,parent_value,children_sum,n_children,residual
£PSCR,obr_2010-06,2008-09,533.8,504.22700000000003,19,29.572999999999922
£PSCR,obr_2010-06,2009-10,514.6,475.71,19,38.89000000000004
£PSCR,obr_2010-06,2010-11,547.7,508.95,19,38.75000000000006
£PSCR,obr_2010-06,2011-12,584.2,545.83,19,38.370000000000005
£PSCR,obr_2010-06,2012-13,621.9,576.12,19,45.77999999999997
£PSCR,obr_2010-06,2013-14,661.9,611.94,19,49.95999999999992
£PSCR,obr_2010-06,2014-15,700.1,647.1800000000001,19,52.91999999999996
£PSCR,obr_2010-06,2015-16,737.0,680.73,19,56.26999999999998
£PSCR,obr_2010-11,2009-10,513.8,484.78099999999995,20,29.019000000000005
£PSCR,obr_2010-11,2010-11,549.7,517.33,20,32.370000000000005
£PSCR,obr_2010-11,2011-12,586.2,552.77,20,33.430000000000064
£PSCR,obr_2010-11,2012-13,620.3,583.1200000000001,20,37.179999999999836
£PSCR,obr_2010-11,2013-14,659.1,616.84,20,42.25999999999999
£PSCR,obr_2010-11,2014-15,698.0,652.0899999999999,20,45.91000000000008
£PSCR,obr_2010-11,2015-16,734.6,685.35,20,49.25
£PSCR,obr_2011-03,2009-10,513.3,485.48099999999994,22,27.819000000000017
£PSCR,obr_2011-03,2010-11,548.5,516.29,22,32.210000000000036
£PSCR,obr_2011-03,2011-12,588.6,554.5799999999999,22,34.020000000000095
£PSCR,obr_2011-03,2012-13,619.7,580.11,22,39.59000000000003
£PSCR,obr_2011-03,2013-14,660.3,616.02,22,44.27999999999997
£PSCR,obr_2011-03,2014-15,697.5,649.7400000000001,22,47.75999999999988
£PSCR,obr_2011-03,2015-16,734.5,682.56,22,51.940000000000055
£PSCR,obr_2011-11,2010-11,551.4,519.6610000000001,22,31.73899999999992
£PSCR,obr_2011-11,2011-12,575.5,545.7399999999999,22,29.760000000000105
£PSCR,obr_2011-11,2012-13,594.4,561.3900000000001,22,33.00999999999988
£PSCR,obr_2011-11,2013-14,623.6,588.13,22,35.47000000000003
£PSCR,obr_2011-11,2014-15,657.4,618.4499999999999,22,38.950000000000045
£PSCR,obr_2011-11,2015-16,693.5,650.78,22,42.72000000000003
£PSCR,obr_2011-11,2016-17,735.2,689.14,22,46.06000000000006
£PSCR,obr_2012-03,2010-11,550.8,519.861,22,30.938999999999965
£PSCR,obr_2012-03,2011-12,570.4,542.42,22,27.980000000000018
£PSCR,obr_2012-03,2012-13,591.5,558.5300000000001,22,32.969999999999914
£PSCR,obr_2012-03,2013-14,622.5,587.205,22,35.29499999999996
£PSCR,obr_2012-03,2014-15,658.4,619.9800000000001,22,38.419999999999845
£PSCR,obr_2012-03,2015-16,692.0,649.855,22,42.14499999999998
£PSCR,obr_2012-03,2016-17,735.3,689.2650000000001,22,46.034999999999854
£PSCR,obr_2012-12,2011-12,569.5,542.525,22,26.975000000000023
£PSCR,obr_2012-12,2012-13,593.8,546.9399999999999,22,46.860000000000014
£PSCR,obr_2012-12,2013-14,620.6,568.04,22,52.56000000000006
£PSCR,obr_2012-12,2014-15,643.0,591.69,22,51.309999999999945
£PSCR,obr_2012-12,2015-16,671.4,617.8299999999999,22,53.57000000000005
£PSCR,obr_2012-12,2016-17,706.1,649.1400000000001,22,56.95999999999992
£PSCR,obr_2012-12,2017-18,734.2,680.61,22,53.59000000000003
£PSCR,obr_2013-03,2011-12,572.6,542.425,22,30.175000000000068
£PSCR,obr_2013-03,2012-13,586.8,542.9410870996646,22,43.858912900335326
£PSCR,obr_2013-03,2013-14,612.4,559.648464973888,22,52.751535026111924
£PSCR,obr_2013-03,2014-15,633.1,580.8656696398715,22,52.234330360128524
£PSCR,obr_2013-03,2015-16,657.6,603.9250542863018,22,53.67494571369821
£PSCR,obr_2013-03,2016-17,694.1,639.2500867792975,22,54.84991322070255
£PSCR,obr_2013-03,2017-18,723.0,669.4382177569078,22,53.56178224309224
£PSCR,obr_2013-12,2012-13,593.3,545.707,22,47.59299999999996
£PSCR,obr_2013-12,2013-14,618.8,563.5584649744293,22,55.24153502557067
£PSCR,obr_2013-12,2014-15,646.6,589.1420995859772,22,57.45790041402279
£PSCR,obr_2013-12,2015-16,672.7,616.0379959876738,22,56.66200401232629
£PSCR,obr_2013-12,2016-17,708.4,649.9616027892956,22,58.43839721070435
£PSCR,obr_2013-12,2017-18,740.8,679.536465469049,22,61.263534530951006
£PSCR,obr_2013-12,2018-19,776.8,711.2674124551714,22,65.53258754482852
£PSCR,obr_2014-03,2012-13,593.4,545.9069999999999,22,47.49300000000005
£PSCR,obr_2014-03,2013-14,619.8,564.4584649769013,22,55.341535023098686
£PSCR,obr_2014-03,2014-15,648.1,591.1042506985464,22,56.99574930145366
£PSCR,obr_2014-03,2015-16,675.4,618.926433941663,22,56.47356605833693
£PSCR,obr_2014-03,2016-17,711.0,652.989264661538,22,58.01073533846204
£PSCR,obr_2014-03,2017-18,743.4,682.739660539701,22,60.66033946029893
£PSCR,obr_2014-03,2018-19,777.7,713.1004136546311,22,64.59958634536895
£PSCR,obr_2014-12,2013-14,622.3,566.573,22,55.726999999999975
£PSCR,obr_2014-12,2014-15,645.8,583.5942506985463,22,62.20574930145369
£PSCR,obr_2014-12,2015-16,670.3,604.4927229406791,22,65.80727705932088
£PSCR,obr_2014-12,2016-17,705.8,635.0581651515758,22,70.7418348484241
£PSCR,obr_2014-12,2017-18,736.7,661.5743080632774,22,75.12569193672266
£PSCR,obr_2014-12,2018-19,769.3,690.0292562715018,22,79.27074372849813
£PSCR,obr_2014-12,2019-20,803.0,719.4382501815967,22,83.56174981840331
£PSCR,obr_2015-03,2013-14,624.1,566.6709999999999,22,57.42900000000009
£PSCR,obr_2015-03,2014-15,646.9,585.094,22,61.805999999999926
£PSCR,obr_2015-03,2015-16,667.4,603.5359429731192,22,63.8640570268808
£PSCR,obr_2015-03,2016-17,700.9,633.8211517160682,22,67.07884828393173
£PSCR,obr_2015-03,2017-18,731.2,659.8868499511912,22,71.3131500488089
£PSCR,obr_2015-03,2018-19,764.5,688.3181165739819,22,76.18188342601809
£PSCR,obr_2015-03,2019-20,804.3,723.9029158586393,22,80.39708414136066
£PSCR,obr_2015-07,2014-15,646.4,587.252,23,59.148000000000025
£PSCR,obr_2015-07,2015-16,672.8,609.0771401331915,23,63.72285986680845
£PSCR,obr_2015-07,2016-17,711.2,643.2689731430557,23,67.9310268569443
£PSCR,obr_2015-07,2017-18,743.7,670.1275675111056,23,73.57243248889449
£PSCR,obr_2015-07,2018-19,777.9,698.4338573973241,23,79.46614260267586
£PSCR,obr_2015-07,2019-20,814.4,729.1618195216046,23,85.2381804783954
£PSCR,obr_2015-07,2020-21,856.1,766.4293356113487,23,89.67066438865129
£PSCR,obr_2015-11,2014-15,654.3,587.55451932477,23,66.74548067522994
£PSCR,obr_2015-11,2015-16,682.2,610.6154447326712,23,71.58455526732882
£PSCR,obr_2015-11,2016-17,723.4,648.8364076303694,23,74.56359236963056
£PSCR,obr_2015-11,2017-18,762.7,679.1148177828331,23,83.5851822171669
£PSCR,obr_2015-11,2018-19,796.5,707.3497386882744,23,89.15026131172556
£PSCR,obr_2015-11,2019-20,831.1,736.9438118835559,23,94.15618811644413
£PSCR,obr_2015-11,2020-21,871.9,771.7670351551715,23,100.1329648448285
£PSCR,obr_2016-03,2014-15,654.8359782451537,588.05451932477,23,66.78145892038367
£PSCR,obr_2016-03,2015-16,681.7728571718019,610.20848391946,23,71.56437325234185
£PSCR,obr_2016-03,2016-17,716.4549919806642,642.6690440153981,23,73.78594796526613
£PSCR,obr_2016-03,2017-18,745.7949848967734,665.1940709231175,23,80.6009139736559
£PSCR,obr_2016-03,2018-19,779.5226495506549,693.4930143052826,23,86.02963524537233
£PSCR,obr_2016-03,2019-20,820.891981207723,729.0294045944617,23,91.86257661326135
£PSCR,obr_2016-03,2020-21,852.1554545183309,755.3168590130969,23,96.83859550523403
£PSCR,obr_2016-11,2015-16,679.75476205024,610.68156372336,23,69.07319832687995
£PSCR,obr_2016-11,2016-17,710.6097162649385,635.1993736483696,23,75.41034261656887
£PSCR,obr_2016-11,2017-18,738.0398996227904,654.8973763900108,23,83.14252323277958
£PSCR,obr_2016-11,2018-19,767.9593752716995,679.5630453976552,23,88.39632987404434
£PSCR,obr_2016-11,2019-20,801.7584458706458,709.7955147318405,23,91.96293113880529
£PSCR,obr_2016-11,2020-21,834.8187149545092,737.8283345147752,23,96.99038043973405
£PSCR,obr_2016-11,2021-22,869.1798387188007,766.9887868433419,23,102.19105187545881
£PSCR,obr_2017-03,2015-16,682.2804770663837,610.9767591402739,23,71.30371792610981
£PSCR,obr_2017-03,2016-17,721.0899139422603,644.8406909521284,23,76.2492229901319
£PSCR,obr_2017-03,2017-18,744.1577563323829,661.6393153534425,23,82.51844097894036
£PSCR,obr_2017-03,2018-19,776.3529282766814,688.3398796952906,23,88.01304858139076
£PSCR,obr_2017-03,2019-20,806.5462624207581,713.6092020169425,23,92.93706040381562
£PSCR,obr_2017-03,2020-21,834.7608931607438,736.9364608852908,23,97.82443227545298
£PSCR,obr_2017-03,2021-22,869.5477317438919,766.2068839130936,23,103.34084783079823
£PSCR,obr_2017-11,2016-17,726.7090186159201,650.6334418569402,23,76.07557675897988
£PSCR,obr_2017-11,2017-18,745.4466871367608,665.1522250642308,23,80.29446207253
£PSCR,obr_2017-11,2018-19,769.8006021835319,689.0158724307192,23,80.78472975281261
£PSCR,obr_2017-11,2019-20,792.0010548874269,707.5579095020264,23,84.4431453854005
£PSCR,obr_2017-11,2020-21,817.1698772062384,729.7063130458856,23,87.4635641603528
£PSCR,obr_2017-11,2021-22,841.6381587611427,750.4781482105087,23,91.16001055063396
£PSCR,obr_2017-11,2022-23,871.2674053083241,777.2384658389622,23,94.02893946936194
£PSCR,obr_2018-03,2016-17,726.4818910319601,650.9869288088903,23,75.49496222306982
£PSCR,obr_2018-03,2017-18,752.2173098287299,672.20207572338,23,80.01523410534992
£PSCR,obr_2018-03,2018-19,775.8135066666316,695.9970262304793,23,79.81648043615235
£PSCR,obr_2018-03,2019-20,800.096308005455,715.7280519243017,23,84.36825608115328
£PSCR,obr_2018-03,2020-21,824.9076819256614,736.8815928684106,23,88.02608905725083
£PSCR,obr_2018-03,2021-22,847.4563662626908,756.2251491478911,23,91.23121711479973
£PSCR,obr_2018-03,2022-23,876.6245790721251,782.8562162322074,23,93.7683628399177
£PSCR,obr_2018-10,2017-18,754.0159,675.8064006101056,23,78.2094993898944
£PSCR,obr_2018-10,2018-19,787.3080858244888,706.9346531231535,23,80.37343270133533
£PSCR,obr_2018-10,2019-20,809.8306134529598,725.256789176224,23,84.57382427673588
£PSCR,obr_2018-10,2020-21,840.4089108593631,751.611363286291,23,88.79754757307217
£PSCR,obr_2018-10,2021-22,869.5625818058027,776.8045973521508,23,92.75798445365183
£PSCR,obr_2018-10,2022-23,900.8437799241345,805.4998537537758,23,95.34392617035871
£PSCR,obr_2018-10,2023-24,935.4964663950417,836.6365594010329,23,98.85990699400884
£PSCR,obr_2019-03,2017-18,753.13578789286,674.8281426003493,23,78.30764529251064
£PSCR,obr_2019-03,2018-19,789.0271094025188,708.5145176016497,23,80.51259180086913
£PSCR,obr_2019-03,2019-20,811.389898550378,726.5441482930715,23,84.84575025730646
£PSCR,obr_2019-03,2020-21,844.0331453127635,755.7964481777865,23,88.23669713497702
£PSCR,obr_2019-03,2021-22,874.0454878056837,781.7328524848633,23,92.31263532082039
£PSCR,obr_2019-03,2022-23,906.5591199590418,810.9216834245145,23,95.6374365345273
£PSCR,obr_2019-03,2023-24,941.4934278939415,841.7593804182411,23,99.73404747570044
£PSCR,obr_2020-03,2018-19,812.9050119522057,707.707457830761,23,105.19755412144468
£PSCR,obr_2020-03,2019-20,839.3269703863288,725.2973738112994,23,114.02959657502936
£PSCR,obr_2020-03,2020-21,872.9200499597459,755.7773340914875,23,117.14271586825839
£PSCR,obr_2020-03,2021-22,910.7540254511389,786.7237182783473,23,124.0303071727916
£PSCR,obr_2020-03,2022-23,949.195094349611,821.4818108487641,23,127.71328350084696
£PSCR,obr_2020-03,2023-24,984.6590541329108,851.967770778873,23,132.69128335403775
£PSCR,obr_2020-03,2024-25,1022.2610299465166,884.7585839684065,23,137.50244597811013
£PSCR,obr_2020-11,2019-20,827.597,713.00876838867,23,114.58823161133
£PSCR,obr_2020-11,2020-21,771.032430142143,663.4347663551833,23,107.59766378695963
£PSCR,obr_2020-11,2021-22,847.2660595821679,729.0093346160911,23,118.25672496607683
£PSCR,obr_2020-11,2022-23,885.887147377904,760.6949040942432,23,125.19224328366079
£PSCR,obr_2020-11,2023-24,926.9927629421802,795.2022868866236,23,131.7904760555566
£PSCR,obr_2020-11,2024-25,964.3928552992915,826.3752414732633,23,138.0176138260282
£PSCR,obr_2020-11,2025-26,1004.2674524727298,860.3504833750208,23,143.91696909770906
£PSCR,obr_2021-03,2019-20,828.1512710843382,713.6030394730083,23,114.54823161132992
£PSCR,obr_2021-03,2020-21,786.3184396572885,675.9482543054131,23,110.37018535187542
£PSCR,obr_2021-03,2021-22,819.3166090584627,701.4303117665675,23,117.88629729189529
£PSCR,obr_2021-03,2022-23,885.3857624273198,761.347248577782,23,124.03851384953782
£PSCR,obr_2021-03,2023-24,944.7131586298406,813.4012387549448,23,131.3119198748958
£PSCR,obr_2021-03,2024-25,994.2249953403702,857.0597291905091,23,137.16526614986117
£PSCR,obr_2021-03,2025-26,1037.797089122268,894.3245649912243,23,143.47252413104377
£PSCR,obr_2021-10,2020-21,795.252,685.7800791610052,23,109.47192083899472
£PSCR,obr_2021-10,2021-22,861.9804683857793,744.5703328567762,23,117.41013552900313
£PSCR,obr_2021-10,2022-23,962.3807361617562,836.9415788764137,23,125.4391572853425
£PSCR,obr_2021-10,2023-24,1019.7720960561184,887.5869999767565,24,132.18509607936187
£PSCR,obr_2021-10,2024-25,1061.2865173705693,925.6363522564224,24,135.65016511414694
£PSCR,obr_2021-10,2025-26,1101.9403623865694,961.9035889298298,24,140.03677345673964
£PSCR,obr_2021-10,2026-27,1147.7882294580081,1000.9803926642829,24,146.8078367937252
£PSCR,obr_2022-03,2020-21,793.045,682.1487858054201,23,110.8962141945799
£PSCR,obr_2022-03,2021-22,899.4905081264686,780.3089957292166,23,119.18151239725205
£PSCR,obr_2022-03,2022-23,987.468589539539,861.3337908041007,23,126.13479873543838
£PSCR,obr_2022-03,2023-24,1050.094796667556,912.2633817430773,24,137.83141492447874
£PSCR,obr_2022-03,2024-25,1090.4196104506166,950.0777741038719,24,140.34183634674469
£PSCR,obr_2022-03,2025-26,1130.8243836396762,986.6156440981524,24,144.20873954152376
£PSCR,obr_2022-03,2026-27,1174.573456594222,1024.4149316424762,24,150.1585249517459
£PSCR,obr_2022-11,2021-22,914.0038328409499,794.8951403883025,23,119.10869245264746
£PSCR,obr_2022-11,2022-23,1004.8584980331459,878.5520736279057,24,126.30642440524025
£PSCR,obr_2022-11,2023-24,1058.746066071956,918.1849611955402,24,140.5611048764158
£PSCR,obr_2022-11,2024-25,1096.0148937145693,951.7487003289201,24,144.26619338564922
£PSCR,obr_2022-11,2025-26,1122.2861121801159,978.5643738051427,24,143.72173837497314
£PSCR,obr_2022-11,2026-27,1159.3656530511234,1015.3147384205819,24,144.05091463054157
£PSCR,obr_2022-11,2027-28,1201.9515454375608,1053.8102313073318,24,148.14131413022892
£PSCR,obr_2023-03,2021-22,917.7003053798418,797.998431,23,119.7018743798418
£PSCR,obr_2023-03,2022-23,1019.6507529397322,886.6594564026758,24,132.99129653705643
£PSCR,obr_2023-03,2023-24,1057.6043470602372,915.2198342564451,24,142.38451280379206
£PSCR,obr_2023-03,2024-25,1103.7421138620657,959.4620036031662,24,144.28011025889953
£PSCR,obr_2023-03,2025-26,1136.93022905158,992.8896275016203,24,144.04060154995966
£PSCR,obr_2023-03,2026-27,1183.7057364822476,1036.3093770366083,24,147.3963594456393
£PSCR,obr_2023-03,2027-28,1230.281313457735,1078.9635090159275,24,151.31780444180754
£PSCR,obr_2023-11,2022-23,1023.159,892.8163493276461,24,130.3426506723539
£PSCR,obr_2023-11,2023-24,1098.4227807067657,951.0491098639617,24,147.37367084280402
£PSCR,obr_2023-11,2024-25,1152.1861902508144,996.8769613496148,24,155.30922890119962
£PSCR,obr_2023-11,2025-26,1187.6905296060008,1032.1915700369766,24,155.49895956902424
£PSCR,obr_2023-11,2026-27,1232.9037244137219,1074.612745921301,24,158.2909784924209
£PSCR,obr_2023-11,2027-28,1284.5058268359385,1123.3252251788824,24,161.18060165705606
£PSCR,obr_2023-11,2028-29,1338.0332382134984,1171.741354953818,24,166.2918832596804
£PSCR,obr_2024-03,2022-23,1028.73,892.4225349999999,24,136.3074650000001
£PSCR,obr_2024-03,2023-24,1102.1889797053825,948.275472226422,24,153.91350747896047
£PSCR,obr_2024-03,2024-25,1139.1216243472645,977.5522681366635,24,161.56935621060097
£PSCR,obr_2024-03,2025-26,1174.1748592520482,1015.2561197062452,24,158.91873954580308
£PSCR,obr_2024-03,2026-27,1221.592401860302,1058.988833613091,26,162.60356824721111
£PSCR,obr_2024-03,2027-28,1272.4995452577255,1106.3331511733038,26,166.16639408442165
£PSCR,obr_2024-03,2028-29,1322.2410101070552,1151.6004713403593,26,170.64053876669595
£PSCR,obr_2024-10,2023-24,1100.811,942.8516549999998,24,157.9593450000001
£PSCR,obr_2024-10,2024-25,1148.6872588739361,985.4403346452724,24,163.24692422866372
£PSCR,obr_2024-10,2025-26,1229.4796666500777,1064.6618998187307,24,164.81776683134694
£PSCR,obr_2024-10,2026-27,1290.5340400341224,1119.8324499147504,26,170.70159011937199
£PSCR,obr_2024-10,2027-28,1345.9792784398599,1171.4134963692177,26,174.56578207064217
£PSCR,obr_2024-10,2028-29,1389.7674838480054,1210.3157862138858,26,179.45169763411968
£PSCR,obr_2024-10,2029-30,1439.914048579725,1255.0683121737236,26,184.84573640600138
£PSCR,obr_2025-03,2023-24,1098.592,939.9367439999999,24,158.65525600000024
£PSCR,obr_2025-03,2024-25,1141.229445996776,975.0822647918101,24,166.14718120496582
£PSCR,obr_2025-03,2025-26,1229.4985058656325,1058.4492889654089,24,171.04921690022366
£PSCR,obr_2025-03,2026-27,1292.3063469533176,1115.037780197152,26,177.26856675616568
£PSCR,obr_2025-03,2027-28,1350.6552226267656,1168.008538003414,26,182.64668462335158
£PSCR,obr_2025-03,2028-29,1394.0199787189486,1206.1086426912452,26,187.91133602770333
£PSCR,obr_2025-03,2029-30,1445.0065045114238,1251.4345650500695,26,193.5719394613543
£PSCR,obr_2025-11,2024-25,1138.597,975.4487839999999,24,163.14821600000005
£PSCR,obr_2025-11,2025-26,1231.518013630808,1057.0864001690634,24,174.43161346174452
£PSCR,obr_2025-11,2026-27,1303.7560118773658,1122.5010374342867,25,181.25497444307916
£PSCR,obr_2025-11,2027-28,1370.2761752111023,1183.261707542392,26,187.01446766871027
£PSCR,obr_2025-11,2028-29,1420.699515517682,1226.8674741887698,26,193.83204132891206
£PSCR,obr_2025-11,2029-30,1483.2949009895292,1282.3172675373346,26,200.9776334521946
£PSCR,obr_2025-11,2030-31,1539.4195043520922,1330.7821005027424,26,208.63740384934977
£PSCR,obr_2026-03,2024-25,1139.044,974.6037839999998,24,164.4402160000003
£PSCR,obr_2026-03,2025-26,1235.2532368396464,1062.2899329549607,24,172.96330388468573
£PSCR,obr_2026-03,2026-27,1303.7934517913395,1121.5679862197915,25,182.22546557154806
£PSCR,obr_2026-03,2027-28,1375.4075484044538,1186.6695438741326,26,188.73800453032118
£PSCR,obr_2026-03,2028-29,1427.4376050521678,1231.26219380085,26,196.17541125131788
£PSCR,obr_2026-03,2029-30,1491.944415242361,1288.4491043612004,26,203.49531088116055
£PSCR,obr_2026-03,2030-31,1551.4845539264122,1339.8841121986852,26,211.600441727727
IT,obr_2010-06,2008-09,153.5,151.0,2,2.5
IT,obr_2010-06,2009-10,145.6,144.6,2,1.0
IT,obr_2010-06,2010-11,150.2,151.6,2,-1.4000000000000057
IT,obr_2010-06,2011-12,156.3,157.5,2,-1.1999999999999886
IT,obr_2010-06,2012-13,167.6,166.89999999999998,2,0.700000000000017
IT,obr_2010-06,2013-14,181.4,180.1,2,1.3000000000000114
IT,obr_2010-06,2014-15,195.2,193.5,2,1.6999999999999886
IT,obr_2010-06,2015-16,208.5,206.29999999999998,2,2.200000000000017
IT,obr_2010-11,2009-10,147.2,148.2,2,-1.0
IT,obr_2010-11,2010-11,151.0,151.2,2,-0.19999999999998863
IT,obr_2010-11,2011-12,156.5,156.7,2,-0.19999999999998863
IT,obr_2010-11,2012-13,168.4,167.9,2,0.5
IT,obr_2010-11,2013-14,182.0,181.1,2,0.9000000000000057
IT,obr_2010-11,2014-15,196.5,195.1,2,1.4000000000000057
IT,obr_2010-11,2015-16,209.9,208.1,2,1.8000000000000114
IT,obr_2011-03,2009-10,147.5,148.2,2,-0.6999999999999886
IT,obr_2011-03,2010-11,151.5,151.79999999999998,2,-0.29999999999998295
IT,obr_2011-03,2011-12,157.6,157.3,2,0.29999999999998295
IT,obr_2011-03,2012-13,165.7,164.4,2,1.299999999999983
IT,obr_2011-03,2013-14,180.0,176.70000000000002,2,3.299999999999983
IT,obr_2011-03,2014-15,192.1,188.6,2,3.5
IT,obr_2011-03,2015-16,204.6,201.1,2,3.5
IT,obr_2011-11,2010-11,153.2,152.6,2,0.5999999999999943
IT,obr_2011-11,2011-12,155.5,155.9,2,-0.4000000000000057
IT,obr_2011-11,2012-13,159.8,160.3,2,-0.5
IT,obr_2011-11,2013-14,170.3,169.5,2,0.8000000000000114
IT,obr_2011-11,2014-15,181.7,181.0,2,0.6999999999999886
IT,obr_2011-11,2015-16,194.8,194.3,2,0.5
IT,obr_2011-11,2016-17,208.3,207.6,2,0.700000000000017
IT,obr_2012-03,2010-11,153.3,152.2,2,1.1000000000000227
IT,obr_2012-03,2011-12,152.6,151.79999999999998,2,0.8000000000000114
IT,obr_2012-03,2012-13,154.8,154.9,2,-0.09999999999999432
IT,obr_2012-03,2013-14,165.0,164.0,2,1.0
IT,obr_2012-03,2014-15,179.4,178.5,2,0.9000000000000057
IT,obr_2012-03,2015-16,190.5,189.79999999999998,2,0.700000000000017
IT,obr_2012-03,2016-17,205.3,204.29999999999998,2,1.0000000000000284
IT,obr_2012-12,2011-12,152.7,152.4,2,0.29999999999998295
IT,obr_2012-12,2012-13,154.0,154.79999999999998,2,-0.799999999999983
IT,obr_2012-12,2013-14,161.6,160.9,2,0.6999999999999886
IT,obr_2012-12,2014-15,172.0,171.6,2,0.4000000000000057
IT,obr_2012-12,2015-16,181.5,181.4,2,0.09999999999999432
IT,obr_2012-12,2016-17,193.9,193.5,2,0.4000000000000057
IT,obr_2012-12,2017-18,206.5,206.0,2,0.5
IT,obr_2013-03,2011-12,152.7,152.3,2,0.39999999999997726
IT,obr_2013-03,2012-13,150.5,151.29999999999998,2,-0.799999999999983
IT,obr_2013-03,2013-14,154.7,154.0,2,0.6999999999999886
IT,obr_2013-03,2014-15,165.5,165.1,2,0.4000000000000057
IT,obr_2013-03,2015-16,174.4,174.20000000000002,2,0.19999999999998863
IT,obr_2013-03,2016-17,186.7,186.2,2,0.5
IT,obr_2013-03,2017-18,198.9,198.5,2,0.4000000000000057
IT,obr_2013-12,2012-13,152.3,152.6,2,-0.29999999999998295
IT,obr_2013-12,2013-14,155.5,155.60000000000002,2,-0.10000000000002274
IT,obr_2013-12,2014-15,167.3,167.0,2,0.30000000000001137
IT,obr_2013-12,2015-16,177.9,177.0,2,0.9000000000000057
IT,obr_2013-12,2016-17,189.5,188.2,2,1.3000000000000114
IT,obr_2013-12,2017-18,201.2,199.8,2,1.3999999999999773
IT,obr_2013-12,2018-19,214.0,212.4,2,1.5999999999999943
IT,obr_2014-03,2012-13,152.3,152.6,2,-0.29999999999998295
IT,obr_2014-03,2013-14,155.6,156.4,2,-0.8000000000000114
IT,obr_2014-03,2014-15,166.5,167.39999999999998,2,-0.8999999999999773
IT,obr_2014-03,2015-16,176.8,177.2,2,-0.39999999999997726
IT,obr_2014-03,2016-17,189.2,189.29999999999998,2,-0.09999999999999432
IT,obr_2014-03,2017-18,201.3,201.39999999999998,2,-0.0999999999999659
IT,obr_2014-03,2018-19,213.2,213.1,2,0.09999999999999432
IT,obr_2014-12,2013-14,157.8,156.4,2,1.4000000000000057
IT,obr_2014-12,2014-15,163.0,162.5,2,0.5
IT,obr_2014-12,2015-16,170.7,170.5,2,0.19999999999998863
IT,obr_2014-12,2016-17,181.0,181.2,2,-0.19999999999998863
IT,obr_2014-12,2017-18,191.5,192.10000000000002,2,-0.6000000000000227
IT,obr_2014-12,2018-19,202.1,203.3,2,-1.200000000000017
IT,obr_2014-12,2019-20,213.9,215.10000000000002,2,-1.200000000000017
IT,obr_2015-03,2013-14,157.7,156.4,2,1.299999999999983
IT,obr_2015-03,2014-15,162.6,162.0,2,0.5999999999999943
IT,obr_2015-03,2015-16,170.5,170.1,2,0.4000000000000057
IT,obr_2015-03,2016-17,182.0,182.9,2,-0.9000000000000057
IT,obr_2015-03,2017-18,192.7,194.0,2,-1.3000000000000114
IT,obr_2015-03,2018-19,202.8,204.6,2,-1.799999999999983
IT,obr_2015-03,2019-20,216.5,218.3,2,-1.8000000000000114
IT,obr_2015-07,2014-15,163.7,163.6,2,0.09999999999999432
IT,obr_2015-07,2015-16,170.2,170.5,2,-0.30000000000001137
IT,obr_2015-07,2016-17,184.8,186.4,2,-1.5999999999999943
IT,obr_2015-07,2017-18,192.6,194.6,2,-2.0
IT,obr_2015-07,2018-19,205.8,208.1,2,-2.299999999999983
IT,obr_2015-07,2019-20,219.9,222.1,2,-2.1999999999999886
IT,obr_2015-07,2020-21,234.6,236.60000000000002,2,-2.0000000000000284
IT,obr_2015-11,2014-15,163.7,163.6,2,0.09999999999999432
IT,obr_2015-11,2015-16,171.8,172.1,2,-0.29999999999998295
IT,obr_2015-11,2016-17,186.9,188.3,2,-1.4000000000000057
IT,obr_2015-11,2017-18,195.1,197.0,2,-1.9000000000000057
IT,obr_2015-11,2018-19,208.2,210.4,2,-2.200000000000017
IT,obr_2015-11,2019-20,219.8,222.0,2,-2.1999999999999886
IT,obr_2015-11,2020-21,233.5,235.5,2,-2.0
IT,obr_2016-03,2014-15,163.7,163.6,2,0.09999999999999432
IT,obr_2016-03,2015-16,169.8,170.6,2,-0.799999999999983
IT,obr_2016-03,2016-17,182.1,183.6,2,-1.5
IT,obr_2016-03,2017-18,186.6,189.1,2,-2.5
IT,obr_2016-03,2018-19,198.2,200.6,2,-2.4000000000000057
IT,obr_2016-03,2019-20,208.1,210.9,2,-2.8000000000000114
IT,obr_2016-03,2020-21,218.8,221.3,2,-2.5
IT,obr_2016-11,2015-16,168.91,170.4862857954001,2,-1.5762857954001106
IT,obr_2016-11,2016-17,173.6904272205223,175.9565600639767,2,-2.266132843454386
IT,obr_2016-11,2017-18,175.4235195071823,178.31959944912958,2,-2.896079941947278
IT,obr_2016-11,2018-19,183.45084464646544,186.45636792826605,2,-3.005523281800606
IT,obr_2016-11,2019-20,192.58507214899066,195.79665420514635,2,-3.2115820561556916
IT,obr_2016-11,2020-21,201.9324856582709,205.1872236123055,2,-3.2547379540345958
IT,obr_2016-11,2021-22,213.13137484216182,216.135982260312,2,-3.0046074181501865
IT,obr_2017-03,2015-16,168.45218142970378,170.4862857954001,2,-2.0341043656963222
IT,obr_2017-03,2016-17,174.72385650555327,177.23546644537933,2,-2.5116099398260587
IT,obr_2017-03,2017-18,174.12798208387628,178.11625546966664,2,-3.9882733857903645
IT,obr_2017-03,2018-19,183.1413254343102,187.0138113269407,2,-3.8724858926304933
IT,obr_2017-03,2019-20,191.14312317743796,195.452362244049,2,-4.309239066611042
IT,obr_2017-03,2020-21,199.72508484908553,204.1871620850849,2,-4.462077235999374
IT,obr_2017-03,2021-22,210.1669575238341,214.73179342741633,2,-4.564835903582235
IT,obr_2017-11,2016-17,177.22433078857918,178.2776343311118,2,-1.0533035425326318
IT,obr_2017-11,2017-18,177.1555533312394,180.01609173876378,2,-2.8605384075243876
IT,obr_2017-11,2018-19,184.727538923935,187.8564958868823,2,-3.1289569629473135
IT,obr_2017-11,2019-20,191.24588726337936,194.24028348354008,2,-2.9943962201607235
IT,obr_2017-11,2020-21,198.90525760627852,201.9173728678105,2,-3.0121152615319886
IT,obr_2017-11,2021-22,206.04439913984797,209.18249236394735,2,-3.1380932240993786
IT,obr_2017-11,2022-23,214.32885993851187,217.57599467648393,2,-3.247134737972061
IT,obr_2018-03,2016-17,177.2933307885792,178.2776343311118,2,-0.984303542532615
IT,obr_2018-03,2017-18,181.56496385599672,183.327603741458,2,-1.762639885461283
IT,obr_2018-03,2018-19,188.48088761391926,189.43977150412604,2,-0.9588838902067778
IT,obr_2018-03,2019-20,195.23729633478416,196.03744638827027,2,-0.8001500534861066
IT,obr_2018-03,2020-21,202.48747308918547,203.29797190489808,2,-0.8104988157126058
IT,obr_2018-03,2021-22,209.50192800904398,210.44530882115987,2,-0.9433808121158904
IT,obr_2018-03,2022-23,218.52225059201842,219.57216690226025,2,-1.0499163102418265
IT,obr_2018-10,2017-18,180.744,183.221,2,-2.477000000000004
IT,obr_2018-10,2018-19,190.21733999557952,192.24841971640714,2,-2.03107972082762
IT,obr_2018-10,2019-20,192.91973104363842,194.9302549247161,2,-2.010523881077688
IT,obr_2018-10,2020-21,203.17341724206338,204.45839900590062,2,-1.2849817638372372
IT,obr_2018-10,2021-22,210.65045324937236,212.1365639060985,2,-1.4861106567261402
IT,obr_2018-10,2022-23,219.66949963126729,221.29643187531937,2,-1.6269322440520853
IT,obr_2018-10,2023-24,229.87308939508375,231.65801350488658,2,-1.7849241098028301
IT,obr_2019-03,2017-18,180.635,183.221,2,-2.5860000000000127
IT,obr_2019-03,2018-19,192.44068944585808,194.67175897240338,2,-2.2310695265452978
IT,obr_2019-03,2019-20,195.68665583508184,197.9738153501611,2,-2.287159515079253
IT,obr_2019-03,2020-21,208.1267610703905,209.61291408861354,2,-1.4861530182230354
IT,obr_2019-03,2021-22,215.83959333125674,217.57972788558556,2,-1.7401345543288187
IT,obr_2019-03,2022-23,224.6915482145357,226.63098349641407,2,-1.9394352818783887
IT,obr_2019-03,2023-24,234.40057094601195,236.51829363786447,2,-2.1177226918525207
IT,obr_2020-03,2018-19,192.58915540062543,194.9876924334794,2,-2.398537032853966
IT,obr_2020-03,2019-20,195.19520806062346,197.60037594575277,2,-2.405167885129316
IT,obr_2020-03,2020-21,207.52980288741188,209.76683688263452,2,-2.237033995222646
IT,obr_2020-03,2021-22,217.38869672049861,220.19780874514552,2,-2.8091120246469075
IT,obr_2020-03,2022-23,227.34153333242716,230.5509003136327,2,-3.209366981205534
IT,obr_2020-03,2023-24,236.56156826654518,239.9546466311449,2,-3.3930783645997167
IT,obr_2020-03,2024-25,246.59764562859647,250.15330529216055,2,-3.555659663564086
IT,obr_2020-11,2019-20,193.593,197.40900000000002,2,-3.816000000000031
IT,obr_2020-11,2020-21,188.2354986630817,191.6170717730246,2,-3.381573109942906
IT,obr_2020-11,2021-22,203.56218972078133,206.380078525287,2,-2.8178888045056567
IT,obr_2020-11,2022-23,205.03868640808977,208.09802721045995,2,-3.0593408023701727
IT,obr_2020-11,2023-24,215.01063329406847,218.21980159360783,2,-3.209168299539357
IT,obr_2020-11,2024-25,225.65411511356248,229.0413839331564,2,-3.3872688195939133
IT,obr_2020-11,2025-26,237.4724281592543,241.0293418622652,2,-3.556913703010906
IT,obr_2021-03,2019-20,193.605,197.40900000000002,2,-3.8040000000000305
IT,obr_2021-03,2020-21,194.78895107406422,198.06857359397515,2,-3.27962251991093
IT,obr_2021-03,2021-22,198.17694988191644,201.47463221465262,2,-3.297682332736173
IT,obr_2021-03,2022-23,208.72624690829497,211.9792147954483,2,-3.2529678871533463
IT,obr_2021-03,2023-24,219.95973247709128,223.1470859794565,2,-3.1873535023652266
IT,obr_2021-03,2024-25,233.23285807436312,236.48682017682506,2,-3.2539621024619407
IT,obr_2021-03,2025-26,248.2404096568075,251.53878501002146,2,-3.29837535321397
IT,obr_2021-10,2020-21,198.052,201.13199999999998,2,-3.079999999999984
IT,obr_2021-10,2021-22,213.24865233492963,215.58477309699566,2,-2.336120762066031
IT,obr_2021-10,2022-23,229.57872374948948,232.22648070877364,2,-2.647756959284152
IT,obr_2021-10,2023-24,240.53700689989392,243.11523618179046,2,-2.57822928189654
IT,obr_2021-10,2024-25,253.04963150905468,255.84008035279868,2,-2.7904488437440023
IT,obr_2021-10,2025-26,268.3667260895547,271.1423487120484,2,-2.7756226224936995
IT,obr_2021-10,2026-27,284.3105615415931,286.91279346469946,2,-2.6022319231063875
IT,obr_2022-03,2020-21,195.554,199.71699999999998,2,-4.1629999999999825
IT,obr_2022-03,2021-22,224.87182173396454,227.59926056305164,2,-2.727438829087106
IT,obr_2022-03,2022-23,245.49494499875684,248.39534768266097,2,-2.900402683904133
IT,obr_2022-03,2023-24,256.6387880032283,259.5912664099552,2,-2.952478406726925
IT,obr_2022-03,2024-25,268.60993184966844,271.54858647303774,2,-2.9386546233693025
IT,obr_2022-03,2025-26,282.9198807094935,285.6901389042116,2,-2.77025819471811
IT,obr_2022-03,2026-27,298.40116815244596,301.0976175373885,2,-2.6964493849425253
IT,obr_2022-11,2021-22,224.992,229.635,2,-4.643000000000001
IT,obr_2022-11,2022-23,247.51583147763986,252.41340737220517,2,-4.897575894565307
IT,obr_2022-11,2023-24,262.952659077288,268.3053173333748,2,-5.352658256086784
IT,obr_2022-11,2024-25,277.8109671015921,283.341134625984,2,-5.5301675243919135
IT,obr_2022-11,2025-26,288.54211407900056,293.9352568210556,2,-5.3931427420550335
IT,obr_2022-11,2026-27,302.91196970299,308.31113370826444,2,-5.399164005274429
IT,obr_2022-11,2027-28,319.2232248797098,325.0380142216137,2,-5.814789341903918
IT,obr_2023-03,2021-22,224.992,229.635,2,-4.643000000000001
IT,obr_2023-03,2022-23,249.81251511592666,255.18013116333333,2,-5.3676160474066705
IT,obr_2023-03,2023-24,267.96007999376104,273.1534598856829,2,-5.193379891921836
IT,obr_2023-03,2024-25,282.1789272108241,287.47124741668114,2,-5.292320205857038
IT,obr_2023-03,2025-26,293.20333889546873,298.9063008311679,2,-5.702961935699193
IT,obr_2023-03,2026-27,306.0595188910806,311.8511535412173,2,-5.7916346501367
IT,obr_2023-03,2027-28,321.24558899043194,327.2069492886693,2,-5.961360298237366
IT,obr_2023-11,2022-23,250.158,254.91299999999998,2,-4.7549999999999955
IT,obr_2023-11,2023-24,277.2065834323416,283.2994456422478,2,-6.0928622099062295
IT,obr_2023-11,2024-25,297.97243818918497,304.6673703440649,2,-6.69493215487995
IT,obr_2023-11,2025-26,311.8675266739097,318.6361969866599,2,-6.768670312750203
IT,obr_2023-11,2026-27,327.6890260614085,334.6990513460531,2,-7.010025284644598
IT,obr_2023-11,2027-28,346.17042322336675,353.4332529945476,2,-7.262829771180861
IT,obr_2023-11,2028-29,363.4634119108805,371.155243987234,2,-7.691832076353478
IT,obr_2024-03,2022-23,250.502,256.25600000000003,2,-5.754000000000019
IT,obr_2024-03,2023-24,279.1746847150423,284.32232678958405,2,-5.14764207454175
IT,obr_2024-03,2024-25,302.7055906983822,309.69627807216847,2,-6.9906873737862725
IT,obr_2024-03,2025-26,315.79986791920123,322.99658341988834,2,-7.196715500687105
IT,obr_2024-03,2026-27,331.3732640333268,338.80308029314875,2,-7.429816259821962
IT,obr_2024-03,2027-28,348.6579385227568,356.34290371568295,2,-7.684965192926143
IT,obr_2024-03,2028-29,363.3393335054715,371.3027880869415,2,-7.963454581470046
IT,obr_2024-10,2023-24,277.419,281.64599999999996,2,-4.226999999999975
IT,obr_2024-10,2024-25,311.3939478064654,318.1642489319857,2,-6.770301125520291
IT,obr_2024-10,2025-26,328.6621678362897,335.7089644917379,2,-7.0467966554481904
IT,obr_2024-10,2026-27,353.2726679914418,355.99579027466405,2,-2.723122283222267
IT,obr_2024-10,2027-28,372.6408051345123,370.79928039605124,2,1.8415247384610325
IT,obr_2024-10,2028-29,379.59246674222237,384.5632778844937,2,-4.970811142271316
IT,obr_2024-10,2029-30,392.0867771049692,399.901805669767,2,-7.815028564797785
IT,obr_2025-03,2023-24,277.418,281.64599999999996,2,-4.227999999999952
IT,obr_2025-03,2024-25,309.955,315.893,2,-5.937999999999988
IT,obr_2025-03,2025-26,330.7164519786657,336.84945197866574,2,-6.133000000000038
IT,obr_2025-03,2026-27,355.9857796658491,357.7957796658491,2,-1.8100000000000023
IT,obr_2025-03,2027-28,378.48170372921305,375.68770372921307,2,2.7939999999999827
IT,obr_2025-03,2028-29,385.27098800021764,389.2649880002176,2,-3.9939999999999714
IT,obr_2025-03,2029-30,398.14867504678216,404.93967504678216,2,-6.790999999999997
IT,obr_2025-11,2024-25,305.905,310.296,2,-4.3910000000000196
IT,obr_2025-11,2025-26,328.96120265559273,334.6985334732371,2,-5.737330817644363
IT,obr_2025-11,2026-27,358.91902849367284,360.5594873645276,2,-1.6404588708547863
IT,obr_2025-11,2027-28,382.99334283988935,380.2484364600871,2,2.7449063798022735
IT,obr_2025-11,2028-29,393.3575456614824,397.39782733123246,2,-4.0402816697500725
IT,obr_2025-11,2029-30,410.93250635935647,417.59145975387355,2,-6.658953394517084
IT,obr_2025-11,2030-31,426.9469688240318,433.8334948123978,2,-6.8865259883660315
IT,obr_2026-03,2024-25,305.905,310.296,2,-4.3910000000000196
IT,obr_2026-03,2025-26,331.43758307444284,336.2452396092478,2,-4.8076565348049485
IT,obr_2026-03,2026-27,359.61886748168655,360.66577799955814,2,-1.046910517871595
IT,obr_2026-03,2027-28,384.6377846939719,381.2821020114117,2,3.3556826825602
IT,obr_2026-03,2028-29,395.62309578328785,399.0533354941648,2,-3.430239710876947
IT,obr_2026-03,2029-30,413.806563754286,419.8182015877544,2,-6.011637833468399
IT,obr_2026-03,2030-31,430.84358809655316,437.09494459880267,2,-6.251356502249507
Alcohol,obr_2010-06,2008-09,8.5,8.5,3,0.0
Alcohol,obr_2010-06,2009-10,9.0,9.0,3,0.0
Alcohol,obr_2010-06,2010-11,9.5,9.5,3,0.0
Alcohol,obr_2010-06,2011-12,9.600000000000001,9.600000000000001,3,0.0
Alcohol,obr_2010-06,2012-13,10.0,10.0,3,0.0
Alcohol,obr_2010-06,2013-14,10.4,10.4,3,0.0
Alcohol,obr_2010-06,2014-15,11.0,11.0,3,0.0
Alcohol,obr_2010-06,2015-16,11.5,11.5,3,0.0
Alcohol,obr_2010-11,2009-10,9.2,9.2,3,0.0
Alcohol,obr_2010-11,2010-11,9.5,9.5,3,0.0
Alcohol,obr_2010-11,2011-12,9.6,9.6,3,0.0
Alcohol,obr_2010-11,2012-13,10.0,10.0,3,0.0
Alcohol,obr_2010-11,2013-14,10.6,10.6,3,0.0
Alcohol,obr_2010-11,2014-15,11.0,11.0,3,0.0
Alcohol,obr_2010-11,2015-16,11.700000000000001,11.700000000000001,3,0.0
Alcohol,obr_2011-03,2009-10,9.2,9.2,3,0.0
Alcohol,obr_2011-03,2010-11,9.5,9.5,3,0.0
Alcohol,obr_2011-03,2011-12,9.7,9.7,3,0.0
Alcohol,obr_2011-03,2012-13,10.1,10.1,3,0.0
Alcohol,obr_2011-03,2013-14,10.5,10.5,3,0.0
Alcohol,obr_2011-03,2014-15,11.100000000000001,11.100000000000001,3,0.0
Alcohol,obr_2011-03,2015-16,11.7,11.7,3,0.0
Alcohol,obr_2011-11,2010-11,9.5,9.5,3,0.0
Alcohol,obr_2011-11,2011-12,9.899999999999999,9.899999999999999,3,0.0
Alcohol,obr_2011-11,2012-13,10.4,10.4,3,0.0
Alcohol,obr_2011-11,2013-14,10.8,10.8,3,0.0
Alcohol,obr_2011-11,2014-15,11.4,11.4,3,0.0
Alcohol,obr_2011-11,2015-16,11.8,11.8,3,0.0
Alcohol,obr_2011-11,2016-17,12.5,12.5,3,0.0
Alcohol,obr_2012-03,2010-11,9.5,9.5,3,0.0
Alcohol,obr_2012-03,2011-12,10.0,10.0,3,0.0
Alcohol,obr_2012-03,2012-13,10.6,10.6,3,0.0
Alcohol,obr_2012-03,2013-14,10.9,10.9,3,0.0
Alcohol,obr_2012-03,2014-15,11.3,11.3,3,0.0
Alcohol,obr_2012-03,2015-16,12.0,12.0,3,0.0
Alcohol,obr_2012-03,2016-17,12.7,12.7,3,0.0
Alcohol,obr_2012-12,2011-12,10.1,10.1,3,0.0
Alcohol,obr_2012-12,2012-13,10.1,10.1,3,0.0
Alcohol,obr_2012-12,2013-14,10.100000000000001,10.100000000000001,3,0.0
Alcohol,obr_2012-12,2014-15,10.7,10.7,3,0.0
Alcohol,obr_2012-12,2015-16,11.4,11.4,3,0.0
Alcohol,obr_2012-12,2016-17,11.799999999999999,11.799999999999999,3,0.0
Alcohol,obr_2012-12,2017-18,12.4,12.4,3,0.0
Alcohol,obr_2013-03,2011-12,10.1,10.1,3,0.0
Alcohol,obr_2013-03,2012-13,10.100000000000001,10.100000000000001,3,0.0
Alcohol,obr_2013-03,2013-14,10.0,10.0,3,0.0
Alcohol,obr_2013-03,2014-15,10.6,10.6,3,0.0
Alcohol,obr_2013-03,2015-16,11.1,11.1,3,0.0
Alcohol,obr_2013-03,2016-17,11.6,11.6,3,0.0
Alcohol,obr_2013-03,2017-18,12.3,12.3,3,0.0
Alcohol,obr_2013-12,2012-13,10.1,10.1,3,0.0
Alcohol,obr_2013-12,2013-14,10.3,10.3,3,0.0
Alcohol,obr_2013-12,2014-15,10.5,10.5,3,0.0
Alcohol,obr_2013-12,2015-16,11.0,11.0,3,0.0
Alcohol,obr_2013-12,2016-17,11.6,11.6,3,0.0
Alcohol,obr_2013-12,2017-18,12.399999999999999,12.399999999999999,3,0.0
Alcohol,obr_2013-12,2018-19,13.100000000000001,13.100000000000001,3,0.0
Alcohol,obr_2014-03,2012-13,10.1,10.1,3,0.0
Alcohol,obr_2014-03,2013-14,10.4,10.4,3,0.0
Alcohol,obr_2014-03,2014-15,10.4,10.4,3,0.0
Alcohol,obr_2014-03,2015-16,10.9,10.9,3,0.0
Alcohol,obr_2014-03,2016-17,11.4,11.4,3,0.0
Alcohol,obr_2014-03,2017-18,12.2,12.2,3,0.0
Alcohol,obr_2014-03,2018-19,12.8,12.8,3,0.0
Alcohol,obr_2014-12,2013-14,10.3,10.3,3,0.0
Alcohol,obr_2014-12,2014-15,10.6,10.6,3,0.0
Alcohol,obr_2014-12,2015-16,10.8,10.8,3,0.0
Alcohol,obr_2014-12,2016-17,11.4,11.4,3,0.0
Alcohol,obr_2014-12,2017-18,12.100000000000001,12.100000000000001,3,0.0
Alcohol,obr_2014-12,2018-19,12.7,12.7,3,0.0
Alcohol,obr_2014-12,2019-20,13.3,13.3,3,0.0
Alcohol,obr_2015-03,2013-14,10.3,10.3,3,0.0
Alcohol,obr_2015-03,2014-15,10.8,10.8,3,0.0
Alcohol,obr_2015-03,2015-16,10.5,10.5,3,0.0
Alcohol,obr_2015-03,2016-17,10.799999999999999,10.799999999999999,3,0.0
Alcohol,obr_2015-03,2017-18,11.5,11.5,3,0.0
Alcohol,obr_2015-03,2018-19,11.799999999999999,11.799999999999999,3,0.0
Alcohol,obr_2015-03,2019-20,12.200000000000001,12.200000000000001,3,0.0
Alcohol,obr_2015-07,2014-15,10.4,10.4,3,0.0
Alcohol,obr_2015-07,2015-16,10.7,10.7,3,0.0
Alcohol,obr_2015-07,2016-17,10.7,10.7,3,0.0
Alcohol,obr_2015-07,2017-18,11.4,11.4,3,0.0
Alcohol,obr_2015-07,2018-19,11.9,11.9,3,0.0
Alcohol,obr_2015-07,2019-20,12.399999999999999,12.399999999999999,3,0.0
Alcohol,obr_2015-07,2020-21,12.899999999999999,12.899999999999999,3,0.0
Alcohol,obr_2015-11,2014-15,10.5,10.5,3,0.0
Alcohol,obr_2015-11,2015-16,10.9,10.9,3,0.0
Alcohol,obr_2015-11,2016-17,10.899999999999999,10.899999999999999,3,0.0
Alcohol,obr_2015-11,2017-18,11.600000000000001,11.600000000000001,3,0.0
Alcohol,obr_2015-11,2018-19,12.0,12.0,3,0.0
Alcohol,obr_2015-11,2019-20,12.600000000000001,12.600000000000001,3,0.0
Alcohol,obr_2015-11,2020-21,13.0,13.0,3,0.0
Alcohol,obr_2016-03,2014-15,10.5,10.5,3,0.0
Alcohol,obr_2016-03,2015-16,10.9,10.9,3,0.0
Alcohol,obr_2016-03,2016-17,11.0,11.0,3,0.0
Alcohol,obr_2016-03,2017-18,11.5,11.5,3,0.0
Alcohol,obr_2016-03,2018-19,12.0,12.0,3,0.0
Alcohol,obr_2016-03,2019-20,12.600000000000001,12.600000000000001,3,0.0
Alcohol,obr_2016-03,2020-21,13.0,13.0,3,0.0
Alcohol,obr_2016-11,2015-16,10.69635225268,10.69635225268,3,0.0
Alcohol,obr_2016-11,2016-17,11.15062935274501,11.15062935274501,3,0.0
Alcohol,obr_2016-11,2017-18,11.622250207974268,11.622250207974268,3,0.0
Alcohol,obr_2016-11,2018-19,12.185376984728306,12.185376984728306,3,0.0
Alcohol,obr_2016-11,2019-20,12.759040550074676,12.759040550074676,3,0.0
Alcohol,obr_2016-11,2020-21,13.24158021233093,13.24158021233093,3,0.0
Alcohol,obr_2016-11,2021-22,13.742718168934726,13.742718168934726,3,0.0
Alcohol,obr_2017-03,2015-16,10.69735225268,10.69735225268,3,0.0
Alcohol,obr_2017-03,2016-17,11.002629893654177,11.002629893654177,3,0.0
Alcohol,obr_2017-03,2017-18,11.683961426845002,11.683961426845,3,1.7763568394002505e-15
Alcohol,obr_2017-03,2018-19,12.094200603966698,12.094200603966698,3,0.0
Alcohol,obr_2017-03,2019-20,12.58857949101844,12.58857949101844,3,0.0
Alcohol,obr_2017-03,2020-21,12.999373999156846,12.999373999156846,3,0.0
Alcohol,obr_2017-03,2021-22,13.420564992003484,13.420564992003483,3,1.7763568394002505e-15
Alcohol,obr_2017-11,2016-17,11.117,11.116999999999999,3,1.7763568394002505e-15
Alcohol,obr_2017-11,2017-18,11.492619807724463,11.492619807724461,3,1.7763568394002505e-15
Alcohol,obr_2017-11,2018-19,11.539451946965091,11.539451946965091,3,0.0
Alcohol,obr_2017-11,2019-20,11.85409351920613,11.854093519206131,3,-1.7763568394002505e-15
Alcohol,obr_2017-11,2020-21,12.198184294526559,12.198184294526557,3,1.7763568394002505e-15
Alcohol,obr_2017-11,2021-22,12.59162598682252,12.59162598682252,3,0.0
Alcohol,obr_2017-11,2022-23,12.991646097192675,12.991646097192675,3,0.0
Alcohol,obr_2018-03,2016-17,11.117,11.116999999999999,3,1.7763568394002505e-15
Alcohol,obr_2018-03,2017-18,11.574621007069993,11.574621007069993,3,0.0
Alcohol,obr_2018-03,2018-19,11.583482630418441,11.583482630418441,3,0.0
Alcohol,obr_2018-03,2019-20,11.879087805979784,11.879087805979784,3,0.0
Alcohol,obr_2018-03,2020-21,12.222827244263696,12.222827244263696,3,0.0
Alcohol,obr_2018-03,2021-22,12.593110319593904,12.593110319593903,3,1.7763568394002505e-15
Alcohol,obr_2018-03,2022-23,13.004555054169622,13.004555054169623,3,-1.7763568394002505e-15
Alcohol,obr_2018-10,2017-18,11.584999999999999,11.584999999999999,3,0.0
Alcohol,obr_2018-10,2018-19,12.32374138438854,12.32374138438854,3,0.0
Alcohol,obr_2018-10,2019-20,12.654873763813374,12.654873763813374,3,0.0
Alcohol,obr_2018-10,2020-21,13.008582507063464,13.008582507063462,3,1.7763568394002505e-15
Alcohol,obr_2018-10,2021-22,13.576561162207566,13.576561162207568,3,-1.7763568394002505e-15
Alcohol,obr_2018-10,2022-23,14.084780794812488,14.084780794812488,3,0.0
Alcohol,obr_2018-10,2023-24,14.604512397210812,14.604512397210812,3,0.0
Alcohol,obr_2019-03,2017-18,11.585341990243784,11.585341990243784,3,0.0
Alcohol,obr_2019-03,2018-19,12.124011129894395,12.124011129894395,3,0.0
Alcohol,obr_2019-03,2019-20,12.595293552017706,12.595293552017706,3,0.0
Alcohol,obr_2019-03,2020-21,12.94437465895954,12.944374658959541,3,-1.7763568394002505e-15
Alcohol,obr_2019-03,2021-22,13.51191107706131,13.51191107706131,3,0.0
Alcohol,obr_2019-03,2022-23,14.021898129554986,14.021898129554984,3,1.7763568394002505e-15
Alcohol,obr_2019-03,2023-24,14.53074731347277,14.530747313472771,3,-1.7763568394002505e-15
Alcohol,obr_2020-03,2018-19,12.09797133526,12.09797133526,3,0.0
Alcohol,obr_2020-03,2019-20,12.08380535573727,12.083805355737269,3,1.7763568394002505e-15
Alcohol,obr_2020-03,2020-21,11.887412685766835,11.887412685766835,3,0.0
Alcohol,obr_2020-03,2021-22,12.37159325284945,12.37159325284945,3,0.0
Alcohol,obr_2020-03,2022-23,12.834441053700399,12.8344410537004,3,-1.7763568394002505e-15
Alcohol,obr_2020-03,2023-24,13.345694101105924,13.345694101105925,3,-1.7763568394002505e-15
Alcohol,obr_2020-03,2024-25,13.85037530223484,13.85037530223484,3,0.0
Alcohol,obr_2020-11,2019-20,11.534,11.534,3,0.0
Alcohol,obr_2020-11,2020-21,12.939150135614918,12.93915013561492,3,-1.7763568394002505e-15
Alcohol,obr_2020-11,2021-22,12.717922324819353,12.717922324819353,3,0.0
Alcohol,obr_2020-11,2022-23,12.904572106458932,12.904572106458932,3,0.0
Alcohol,obr_2020-11,2023-24,13.369800496635614,13.369800496635616,3,-1.7763568394002505e-15
Alcohol,obr_2020-11,2024-25,13.931865525140342,13.931865525140342,3,0.0
Alcohol,obr_2020-11,2025-26,14.392224180573963,14.392224180573963,3,0.0
Alcohol,obr_2021-03,2019-20,11.533,11.533000000000001,3,-1.7763568394002505e-15
Alcohol,obr_2021-03,2020-21,12.672668729215992,12.672668729215994,3,-1.7763568394002505e-15
Alcohol,obr_2021-03,2021-22,12.388065739381373,12.388065739381373,3,0.0
Alcohol,obr_2021-03,2022-23,12.658195608153331,12.658195608153331,3,0.0
Alcohol,obr_2021-03,2023-24,13.097819063219564,13.097819063219564,3,0.0
Alcohol,obr_2021-03,2024-25,13.759978774585136,13.759978774585136,3,0.0
Alcohol,obr_2021-03,2025-26,14.256499740338695,14.256499740338695,3,0.0
Alcohol,obr_2021-10,2020-21,12.447,12.447000000000001,3,-1.7763568394002505e-15
Alcohol,obr_2021-10,2021-22,12.819092783036147,12.819092783036147,3,0.0
Alcohol,obr_2021-10,2022-23,12.571627996227953,12.571627996227953,3,0.0
Alcohol,obr_2021-10,2023-24,13.03935426238594,13.039354262385938,3,1.7763568394002505e-15
Alcohol,obr_2021-10,2024-25,13.699636164197585,13.699636164197585,3,0.0
Alcohol,obr_2021-10,2025-26,14.222448279119316,14.222448279119314,3,1.7763568394002505e-15
Alcohol,obr_2021-10,2026-27,14.777630061790362,14.777630061790362,3,0.0
Alcohol,obr_2022-03,2020-21,12.155999999999999,12.155999999999999,3,0.0
Alcohol,obr_2022-03,2021-22,13.076230364096933,13.076230364096933,3,0.0
Alcohol,obr_2022-03,2022-23,12.713741603072352,12.71374160307235,3,1.7763568394002505e-15
Alcohol,obr_2022-03,2023-24,13.331907272744804,13.331907272744804,3,0.0
Alcohol,obr_2022-03,2024-25,13.89159327132563,13.89159327132563,3,0.0
Alcohol,obr_2022-03,2025-26,14.462587993380971,14.462587993380971,3,0.0
Alcohol,obr_2022-03,2026-27,14.963636073868452,14.96363607386845,3,1.7763568394002505e-15
Alcohol,obr_2022-11,2021-22,13.178999999999998,13.178999999999998,3,0.0
Alcohol,obr_2022-11,2022-23,12.560726820339607,12.560726820339605,3,1.7763568394002505e-15
Alcohol,obr_2022-11,2023-24,13.664162192027916,13.664162192027918,3,-1.7763568394002505e-15
Alcohol,obr_2022-11,2024-25,14.178047812363069,14.178047812363069,3,0.0
Alcohol,obr_2022-11,2025-26,14.670741901677047,14.670741901677047,3,0.0
Alcohol,obr_2022-11,2026-27,15.254294826183155,15.254294826183157,3,-1.7763568394002505e-15
Alcohol,obr_2022-11,2027-28,15.968703930469543,15.968703930469543,3,0.0
Alcohol,obr_2023-03,2021-22,13.178999999999998,13.178999999999998,3,0.0
Alcohol,obr_2023-03,2022-23,12.439321204156517,12.439321204156519,3,-1.7763568394002505e-15
Alcohol,obr_2023-03,2023-24,13.074717201287768,13.074717201287768,3,0.0
Alcohol,obr_2023-03,2024-25,13.9100815089507,13.910081508950702,3,-1.7763568394002505e-15
Alcohol,obr_2023-03,2025-26,14.47285713450211,14.47285713450211,3,0.0
Alcohol,obr_2023-03,2026-27,15.069551914095957,15.069551914095957,3,0.0
Alcohol,obr_2023-03,2027-28,15.792316417923129,15.792316417923129,3,0.0
Alcohol,obr_2023-11,2022-23,12.384,12.384,3,0.0
Alcohol,obr_2023-11,2023-24,12.976977756219842,12.976977756219842,3,0.0
Alcohol,obr_2023-11,2024-25,13.473273230751218,13.47327323075122,3,-1.7763568394002505e-15
Alcohol,obr_2023-11,2025-26,14.43269446942742,14.432694469427418,3,1.7763568394002505e-15
Alcohol,obr_2023-11,2026-27,15.257396452801729,15.25739645280173,3,-1.7763568394002505e-15
Alcohol,obr_2023-11,2027-28,16.198187016841782,16.19818701684178,3,3.552713678800501e-15
Alcohol,obr_2023-11,2028-29,17.053791560612073,17.053791560612073,3,0.0
Alcohol,obr_2024-03,2022-23,12.384,12.384,3,0.0
Alcohol,obr_2024-03,2023-24,12.627891748781181,12.627891748781181,3,0.0
Alcohol,obr_2024-03,2024-25,12.668531731584544,12.668531731584544,3,0.0
Alcohol,obr_2024-03,2025-26,13.480687159714048,13.480687159714048,3,0.0
Alcohol,obr_2024-03,2026-27,14.30694951414129,14.306949514141289,3,1.7763568394002505e-15
Alcohol,obr_2024-03,2027-28,15.17061893577868,15.170618935778682,3,-1.7763568394002505e-15
Alcohol,obr_2024-03,2028-29,15.986848584252638,15.986848584252638,3,0.0
Alcohol,obr_2024-10,2023-24,12.515,12.515,3,0.0
Alcohol,obr_2024-10,2024-25,12.444431112037417,12.444431112037417,3,0.0
Alcohol,obr_2024-10,2025-26,13.108187310579105,13.108187310579105,3,0.0
Alcohol,obr_2024-10,2026-27,13.799723822488213,13.799723822488211,3,1.7763568394002505e-15
Alcohol,obr_2024-10,2027-28,14.469609255565338,14.469609255565338,3,0.0
Alcohol,obr_2024-10,2028-29,15.177483730019794,15.177483730019794,3,0.0
Alcohol,obr_2024-10,2029-30,15.896866390258719,15.896866390258719,3,0.0
Alcohol,obr_2025-03,2023-24,12.515,12.515,3,0.0
Alcohol,obr_2025-03,2024-25,12.415000228218101,12.415000228218103,3,-1.7763568394002505e-15
Alcohol,obr_2025-03,2025-26,13.02701458262871,13.027014582628707,3,1.7763568394002505e-15
Alcohol,obr_2025-03,2026-27,13.653156853275318,13.653156853275316,3,1.7763568394002505e-15
Alcohol,obr_2025-03,2027-28,14.295512770119618,14.295512770119618,3,0.0
Alcohol,obr_2025-03,2028-29,14.97388571943899,14.973885719438991,3,-1.7763568394002505e-15
Alcohol,obr_2025-03,2029-30,15.70497016565102,15.704970165651021,3,-1.7763568394002505e-15
Alcohol,obr_2025-11,2024-25,12.545,12.545,3,0.0
Alcohol,obr_2025-11,2025-26,11.90019866324867,11.90019866324867,3,0.0
Alcohol,obr_2025-11,2026-27,12.321964921553354,12.321964921553352,3,1.7763568394002505e-15
Alcohol,obr_2025-11,2027-28,12.752230428121182,12.752230428121184,3,-1.7763568394002505e-15
Alcohol,obr_2025-11,2028-29,13.200005002987073,13.200005002987073,3,0.0
Alcohol,obr_2025-11,2029-30,13.66130304246009,13.661303042460089,3,1.7763568394002505e-15
Alcohol,obr_2025-11,2030-31,14.05834345127003,14.058343451270028,3,1.7763568394002505e-15
Alcohol,obr_2026-03,2024-25,12.545,12.545,3,0.0
Alcohol,obr_2026-03,2025-26,12.296892895520237,12.296892895520237,3,0.0
Alcohol,obr_2026-03,2026-27,12.685895433779173,12.685895433779173,3,0.0
Alcohol,obr_2026-03,2027-28,13.121343186701242,13.121343186701242,3,0.0
Alcohol,obr_2026-03,2028-29,13.605948132050743,13.605948132050743,3,0.0
Alcohol,obr_2026-03,2029-30,14.091977194647255,14.091977194647253,3,1.7763568394002505e-15
Alcohol,obr_2026-03,2030-31,14.518351128653666,14.518351128653666,3,0.0
£TME,obr_2010-06,2008-09,629.8,615.576185,13,14.223814999999945
£TME,obr_2010-06,2009-10,669.3,666.1128088320872,13,3.187191167912715
£TME,obr_2010-06,2010-11,696.8,690.9873232320684,13,5.812676767931521
£TME,obr_2010-06,2011-12,699.8,690.1784577883562,13,9.621542211643714
£TME,obr_2010-06,2012-13,711.0,698.6497655647354,13,12.35023443526461
£TME,obr_2010-06,2013-14,722.0,708.302995614797,13,13.697004385202945
£TME,obr_2010-06,2014-15,737.5,722.4597167183986,13,15.040283281601432
£TME,obr_2010-06,2015-16,757.5,740.2871681045654,13,17.212831895434647
£TME,obr_2010-11,2009-10,669.8,666.7689869999999,13,3.03101300000003
£TME,obr_2010-11,2010-11,698.2,691.1661328031503,13,7.033867196849769
£TME,obr_2010-11,2011-12,703.7,692.2918612412599,13,11.408138758740165
£TME,obr_2010-11,2012-13,711.3,700.9154469913436,13,10.384553008656326
£TME,obr_2010-11,2013-14,719.3,709.1002244881018,13,10.19977551189811
£TME,obr_2010-11,2014-15,733.0,721.887547556317,13,11.112452443682969
£TME,obr_2010-11,2015-16,752.9,739.9655102837901,13,12.934489716209896
£TME,obr_2011-03,2009-10,669.7,663.6349789999999,15,6.065021000000115
£TME,obr_2011-03,2010-11,694.4,688.5604617665178,15,5.839538233482131
£TME,obr_2011-03,2011-12,710.4,708.2144173743221,15,2.1855826256778528
£TME,obr_2011-03,2012-13,720.2,710.7981704530187,15,9.40182954698139
£TME,obr_2011-03,2013-14,730.1,718.9226168239154,15,11.177383176084618
£TME,obr_2011-03,2014-15,743.6,732.3253306928974,15,11.274669307102613
£TME,obr_2011-03,2015-16,763.8,751.2375251876929,15,12.562474812307073
£TME,obr_2011-11,2010-11,688.5,683.259543,15,5.240456999999992
£TME,obr_2011-11,2011-12,702.6,705.5602143701717,15,-2.960214370171684
£TME,obr_2011-11,2012-13,714.5,707.9196242685975,15,6.580375731402455
£TME,obr_2011-11,2013-14,723.1,716.1734887363018,15,6.926511263698217
£TME,obr_2011-11,2014-15,736.4,729.4991448286705,15,6.900855171329454
£TME,obr_2011-11,2015-16,746.6,738.9892584476818,15,7.610741552318245
£TME,obr_2011-11,2016-17,758.7,750.8340807539859,15,7.865919246014187
£TME,obr_2012-03,2010-11,687.6,681.964048,15,5.635951999999975
£TME,obr_2012-03,2011-12,696.4,697.2321952228998,15,-0.8321952228998271
£TME,obr_2012-03,2012-13,683.4,704.0814320086065,15,-20.68143200860652
£TME,obr_2012-03,2013-14,720.0,709.8443050976629,15,10.155694902337132
£TME,obr_2012-03,2014-15,733.5,723.0938042950629,15,10.40619570493709
£TME,obr_2012-03,2015-16,744.0,733.064268516014,15,10.935731483986046
£TME,obr_2012-03,2016-17,756.3,744.7789476614531,15,11.521052338546838
£TME,obr_2012-12,2011-12,690.9,693.1235730000001,15,-2.2235730000001013
£TME,obr_2012-12,2012-13,674.3,666.2485659076729,15,8.0514340923271
£TME,obr_2012-12,2013-14,719.9,706.6703202144633,15,13.229679785536632
£TME,obr_2012-12,2014-15,731.0,717.737302111126,15,13.262697888873959
£TME,obr_2012-12,2015-16,744.7,730.4173324380973,15,14.282667561902713
£TME,obr_2012-12,2016-17,755.1,740.4222830151139,15,14.67771698488616
£TME,obr_2012-12,2017-18,765.5,750.1502452348026,15,15.349754765197417
£TME,obr_2013-03,2011-12,693.6,694.323573,15,-0.7235729999999876
£TME,obr_2013-03,2012-13,673.3,663.6306206908754,15,9.669379309124565
£TME,obr_2013-03,2013-14,720.0,708.4456024818062,15,11.55439751819381
£TME,obr_2013-03,2014-15,730.4,718.7670126821603,15,11.632987317839707
£TME,obr_2013-03,2015-16,744.7,731.9965106509583,15,12.703489349041774
£TME,obr_2013-03,2016-17,754.9,742.1782060141796,15,12.72179398582034
£TME,obr_2013-03,2017-18,765.1,751.0670199853292,15,14.032980014670784
£TME,obr_2013-12,2012-13,673.9,690.5109252241903,15,-16.610925224190282
£TME,obr_2013-12,2013-14,717.8,704.6965711854585,15,13.103428814541417
£TME,obr_2013-12,2014-15,730.5,717.2156560384524,15,13.28434396154762
£TME,obr_2013-12,2015-16,744.3,729.4489109554687,15,14.85108904453125
£TME,obr_2013-12,2016-17,756.3,740.7319521060145,15,15.568047893985408
£TME,obr_2013-12,2017-18,765.5,747.4816495188779,15,18.01835048112207
£TME,obr_2013-12,2018-19,778.7,757.8458330492472,15,20.85416695075287
£TME,obr_2014-03,2012-13,673.7,690.9842682144316,15,-17.284268214431563
£TME,obr_2014-03,2013-14,715.5,702.7439460228027,15,12.756053977197325
£TME,obr_2014-03,2014-15,732.0,717.8992402573193,15,14.10075974268068
£TME,obr_2014-03,2015-16,743.6,728.1361665838606,15,15.463833416139437
£TME,obr_2014-03,2016-17,752.5,737.3546513882391,15,15.145348611760937
£TME,obr_2014-03,2017-18,761.2,743.8898931632532,15,17.310106836746854
£TME,obr_2014-03,2018-19,776.5,756.4334907012307,15,20.066509298769347
£TME,obr_2014-12,2013-14,719.9,715.6747083585741,19,4.225291641425883
£TME,obr_2014-12,2014-15,737.1,729.7891204463459,19,7.310879553654104
£TME,obr_2014-12,2015-16,746.2,738.1606597019767,19,8.039340298023376
£TME,obr_2014-12,2016-17,746.7,739.1221068611384,19,7.577893138861668
£TME,obr_2014-12,2017-18,751.3,742.8575852517058,19,8.44241474829414
£TME,obr_2014-12,2018-19,765.3,756.3912722008864,19,8.908727799113535
£TME,obr_2014-12,2019-20,779.9,769.7175856829376,19,10.182414317062353
£TME,obr_2015-03,2013-14,721.5,717.0344449061278,19,4.46555509387224
£TME,obr_2015-03,2014-15,737.1,730.4649846477752,19,6.635015352224855
£TME,obr_2015-03,2015-16,742.6,735.5276439915133,19,7.072356008486736
£TME,obr_2015-03,2016-17,740.3,732.5854715249916,19,7.714528475008365
£TME,obr_2015-03,2017-18,743.9,736.2528107702235,19,7.6471892297764725
£TME,obr_2015-03,2018-19,759.2,750.1046032203778,19,9.095396779622206
£TME,obr_2015-03,2019-20,797.3,786.4266458394137,19,10.873354160586246
£TME,obr_2015-07,2014-15,735.5,727.9925831039338,19,7.507416896066161
£TME,obr_2015-07,2015-16,742.3,734.039483792959,19,8.26051620704095
£TME,obr_2015-07,2016-17,754.3,743.7336180274061,19,10.566381972593831
£TME,obr_2015-07,2017-18,768.0,755.854788464169,19,12.145211535830981
£TME,obr_2015-07,2018-19,784.3,769.2323707267868,19,15.067629273213129
£TME,obr_2015-07,2019-20,804.4,786.3361193951304,19,18.06388060486961
£TME,obr_2015-07,2020-21,844.5,824.2971268889577,19,20.202873111042322
£TME,obr_2015-11,2014-15,749.0,738.8099082057499,20,10.190091794250066
£TME,obr_2015-11,2015-16,755.7,746.1563794298961,20,9.54362057010394
£TME,obr_2015-11,2016-17,773.3,761.9684323122161,20,11.331567687783831
£TME,obr_2015-11,2017-18,787.5,774.328770501085,20,13.171229498914954
£TME,obr_2015-11,2018-19,801.2,785.6193301110711,20,15.580669888928924
£TME,obr_2015-11,2019-20,821.0,802.6699950821247,20,18.33000491787527
£TME,obr_2015-11,2020-21,857.2,837.1659074888275,20,20.034092511172503
£TME,obr_2016-03,2014-15,746.691,738.80390820575,21,7.887091794250068
£TME,obr_2016-03,2015-16,753.9346578351988,745.73438660003,21,8.20027123516877
£TME,obr_2016-03,2016-17,771.9456054116804,761.3936379852827,21,10.55196742639771
£TME,obr_2016-03,2017-18,784.5784857961819,772.0667130795578,21,12.511772716624137
£TME,obr_2016-03,2018-19,800.9613537086948,786.3259893797202,21,14.63536432897456
£TME,obr_2016-03,2019-20,810.4472787848761,793.6185534367006,21,16.828725348175453
£TME,obr_2016-03,2020-21,841.1129783338466,822.9589565216814,21,18.154021812165183
£TME,obr_2016-11,2015-16,755.7859999999997,738.8862795981602,19,16.899720401839545
£TME,obr_2016-11,2016-17,778.7920255279153,758.5930762985693,19,20.198949229346
£TME,obr_2016-11,2017-18,797.0118547131276,773.3269654520109,19,23.684889261116723
£TME,obr_2016-11,2018-19,814.4754663034992,788.3216436399508,19,26.15382266354834
£TME,obr_2016-11,2019-20,823.6991407726399,797.0050263726114,19,26.694114400028525
£TME,obr_2016-11,2020-21,855.5611669492907,826.7032158119573,19,28.85795113733343
£TME,obr_2016-11,2021-22,886.3989547900162,856.0187091803637,19,30.380245609652548
£TME,obr_2017-03,2015-16,753.9369999999999,736.9476922368625,19,16.98930776313739
£TME,obr_2017-03,2016-17,772.8396394081418,754.4803303247935,19,18.359309083348307
£TME,obr_2017-03,2017-18,802.4128613298341,781.3778797372618,19,21.034981592572308
£TME,obr_2017-03,2018-19,817.1652467105666,793.3933606674365,19,23.771886043130166
£TME,obr_2017-03,2019-20,827.9061046158569,802.6861400556612,19,25.21996456019565
£TME,obr_2017-03,2020-21,855.3514304544198,827.76865403958,19,27.582776414839714
£TME,obr_2017-03,2021-22,886.350527188212,857.1370447177853,19,29.213482470426698
£TME,obr_2017-11,2016-17,772.39,753.6329253663347,19,18.757074633665297
£TME,obr_2017-11,2017-18,795.3291649052247,773.3319272178047,19,21.99723768742001
£TME,obr_2017-11,2018-19,809.2990489971988,786.2358357259889,19,23.063213271209975
£TME,obr_2017-11,2019-20,826.7433670284913,802.5903522856022,19,24.153014742889127
£TME,obr_2017-11,2020-21,849.9378963376885,823.9707595668774,19,25.967136770811067
£TME,obr_2017-11,2021-22,871.7087693732284,844.5445439507163,19,27.164225422512118
£TME,obr_2017-11,2022-23,896.830561895655,869.1212800658532,19,27.709281829801853
£TME,obr_2018-03,2016-17,772.235,752.9159977740569,19,19.31900222594311
£TME,obr_2018-03,2017-18,797.3769943666764,774.5494862067553,19,22.82750815992108
£TME,obr_2018-03,2018-19,812.8685242762194,789.6654395765026,19,23.203084699716783
£TME,obr_2018-03,2019-20,833.9997627336999,808.7622334766181,19,25.237529257081746
£TME,obr_2018-03,2020-21,853.6433151300084,826.9486082043387,19,26.69470692566972
£TME,obr_2018-03,2021-22,873.4497495108078,845.8999425383086,19,27.549806972499255
£TME,obr_2018-03,2022-23,898.0128282857629,870.539709928335,19,27.473118357427893
£TME,obr_2018-10,2017-18,793.8250000000002,754.3853313632986,19,39.439668636701526
£TME,obr_2018-10,2018-19,812.7857704181079,755.6376203204796,19,57.14815009762822
£TME,obr_2018-10,2019-20,841.5861571544092,781.442615722538,17,60.1435414318712
£TME,obr_2018-10,2020-21,867.0660895331221,803.494628845751,17,63.571460687371086
£TME,obr_2018-10,2021-22,893.3794832673366,828.0087157833225,17,65.3707674840141
£TME,obr_2018-10,2022-23,921.6522718571696,855.3323651777796,17,66.31990667938999
£TME,obr_2018-10,2023-24,955.2508713300723,886.8799716758402,17,68.37089965423206
£TME,obr_2019-03,2017-18,795.04,744.3589877669996,19,50.68101223300039
£TME,obr_2019-03,2018-19,811.8492705986421,755.286498332785,19,56.56277226585712
£TME,obr_2019-03,2019-20,840.7260796875682,781.5285687132518,17,59.1975109743164
£TME,obr_2019-03,2020-21,865.1896948325171,802.0367256060782,17,63.15296922643893
£TME,obr_2019-03,2021-22,891.678018762082,826.1067046598243,17,65.5713141022577
£TME,obr_2019-03,2022-23,920.9746022984617,853.413008285688,17,67.56159401277375
£TME,obr_2019-03,2023-24,954.948581669268,885.0214389552565,17,69.92714271401155
£TME,obr_2020-03,2018-19,851.3139999999999,797.912872349141,21,53.401127650858825
£TME,obr_2020-03,2019-20,886.7753262983651,821.4111000584829,19,65.36422623988221
£TME,obr_2020-03,2020-21,927.7056671260477,859.9783376736432,19,67.72732945240455
£TME,obr_2020-03,2021-22,977.4073644646671,905.5738742044563,19,71.83349026021085
£TME,obr_2020-03,2022-23,1010.6810303304283,936.3450148188214,19,74.33601551160689
£TME,obr_2020-03,2023-24,1044.8936757450776,967.2101176421148,19,77.68355810296282
£TME,obr_2020-03,2024-25,1080.184724201149,999.1784587275375,19,81.0062654736115
£TME,obr_2020-11,2019-20,883.653,825.1840540141168,19,58.46894598588324
£TME,obr_2020-11,2020-21,1164.5793248190737,970.1766657227757,19,194.40265909629795
£TME,obr_2020-11,2021-22,1011.4940824445871,935.6921856253291,19,75.80189681925799
£TME,obr_2020-11,2022-23,990.4850930389608,915.4487574332795,19,75.0363356056813
£TME,obr_2020-11,2023-24,1027.3871584368082,948.5438654675212,19,78.84329296928706
£TME,obr_2020-11,2024-25,1063.9669277437927,982.1794672179966,19,81.78746052579606
£TME,obr_2020-11,2025-26,1106.099682717918,1020.7263329239005,19,85.3733497940176
£TME,obr_2021-03,2019-20,885.2279999999998,826.7706844465858,19,58.45731555341399
£TME,obr_2021-03,2020-21,1140.9483409529691,955.1669197811825,19,185.78142117178663
£TME,obr_2021-03,2021-22,1053.2509458613313,949.239840400365,19,104.01110546096629
£TME,obr_2021-03,2022-23,992.3060850780184,917.6709141307215,19,74.63517094729696
£TME,obr_2021-03,2023-24,1030.0539858053535,951.7490618892353,19,78.30492391611813
£TME,obr_2021-03,2024-25,1068.6642638546248,987.6468522359729,19,81.01741161865186
£TME,obr_2021-03,2025-26,1111.4754774337785,1027.101630716404,19,84.37384671737436
£TME,obr_2021-10,2020-21,1115.1959999999997,950.512331627413,19,164.68366837258668
£TME,obr_2021-10,2021-22,1044.9742451140341,951.7368889301721,19,93.23735618386206
£TME,obr_2021-10,2022-23,1045.3824346898803,968.4088282033263,19,76.97360648655399
£TME,obr_2021-10,2023-24,1081.355967254791,1001.9641865743911,19,79.39178068039996
£TME,obr_2021-10,2024-25,1107.6085816152079,1028.0657847312193,19,79.54279688398856
£TME,obr_2021-10,2025-26,1148.310212913588,1065.197333981194,19,83.11287893239387
£TME,obr_2021-10,2026-27,1191.7442947158665,1104.4503742976842,19,87.29392041818232
£TME,obr_2022-03,2020-21,1114.9620000000002,942.5574120814784,19,172.40458791852177
£TME,obr_2022-03,2021-22,1027.3203833458674,941.2881736204066,19,86.0322097254608
£TME,obr_2022-03,2022-23,1086.609280154618,1004.4889201834244,19,82.1203599711937
£TME,obr_2022-03,2023-24,1100.2893650170527,1016.4719812173626,19,83.8173837996901
£TME,obr_2022-03,2024-25,1126.9429035784217,1042.4419748306154,19,84.50092874780626
£TME,obr_2022-03,2025-26,1165.6513987373808,1075.568079154403,19,90.08331958297777
£TME,obr_2022-03,2026-27,1206.1243251911528,1115.2314623126672,19,90.89286287848563
£TME,obr_2022-11,2021-22,1047.2760000000003,965.4432153340852,19,81.83278466591514
£TME,obr_2022-11,2022-23,1181.8924172661254,1068.5144707702825,19,113.37794649584293
£TME,obr_2022-11,2023-24,1198.774140568105,1112.9568201983732,19,85.81732036973176
£TME,obr_2022-11,2024-25,1180.341475702211,1105.2560959766247,19,75.08537972558634
£TME,obr_2022-11,2025-26,1199.2011224013552,1121.2276565801676,19,77.97346582118757
£TME,obr_2022-11,2026-27,1239.7110506859497,1160.2962690700558,19,79.41478161589384
£TME,obr_2022-11,2027-28,1271.1492839423695,1192.6027070814082,19,78.5465768609613
£TME,obr_2023-03,2021-22,1040.071,981.7497592779138,19,58.321240722086145
£TME,obr_2023-03,2022-23,1172.0231574309682,1055.2148086912214,19,116.80834873974686
£TME,obr_2023-03,2023-24,1189.1700272371033,1086.9061206720564,19,102.26390656504691
£TME,obr_2023-03,2024-25,1189.1400293920508,1098.9731723932055,19,90.16685699884533
£TME,obr_2023-03,2025-26,1213.614532690831,1125.5596433419698,19,88.05488934886125
£TME,obr_2023-03,2026-27,1247.1652450520621,1164.0464611285702,19,83.11878392349195
£TME,obr_2023-03,2027-28,1279.539569758006,1197.1471010265427,19,82.3924687314634
£TME,obr_2023-11,2022-23,1151.425,1046.8802627332059,18,104.54473726679407
£TME,obr_2023-11,2023-24,1222.332663097006,1130.9784885575714,19,91.35417453943455
£TME,obr_2023-11,2024-25,1236.7565161151272,1150.3647903539688,19,86.39172576115834
£TME,obr_2023-11,2025-26,1264.5261694756418,1176.4847009598157,19,88.04146851582618
£TME,obr_2023-11,2026-27,1301.3093113061068,1209.4859942444225,19,91.82331706168429
£TME,obr_2023-11,2027-28,1333.5644369090749,1242.1965787845916,19,91.36785812448329
£TME,obr_2023-11,2028-29,1373.0372358330578,1279.6810447496846,19,93.35619108337323
£TME,obr_2024-03,2022-23,1157.412,1042.2372679528487,17,115.17473204715134
£TME,obr_2024-03,2023-24,1216.2739049695556,1119.0659250205986,19,97.20797994895702
£TME,obr_2024-03,2024-25,1226.3482059732546,1131.6819154237965,19,94.66629054945815
£TME,obr_2024-03,2025-26,1251.657174461426,1157.5443606154247,19,94.11281384600125
£TME,obr_2024-03,2026-27,1290.2530429531496,1193.1028699708852,19,97.1501729822644
£TME,obr_2024-03,2027-28,1323.0616969261953,1226.828563410796,19,96.23313351539923
£TME,obr_2024-03,2028-29,1361.6757700200976,1263.4812538657957,19,98.19451615430194
£TME,obr_2024-10,2023-24,1222.685,1116.208271104216,17,106.47672889578394
£TME,obr_2024-10,2024-25,1276.179122710102,1171.9719571656922,19,104.20716554440992
£TME,obr_2024-10,2025-26,1335.0561808124394,1226.825638297504,19,108.23054251493545
£TME,obr_2024-10,2026-27,1378.9937093523713,1269.2405563556308,19,109.75315299674048
£TME,obr_2024-10,2027-28,1418.147176903324,1308.5260852921813,19,109.62109161114267
£TME,obr_2024-10,2028-29,1461.6741989636578,1349.077452888119,19,112.5967460755387
£TME,obr_2024-10,2029-30,1510.497834854921,1394.7152454538207,19,115.78258940110027
£TME,obr_2025-03,2023-24,1229.9359999999997,1117.5077138642237,17,112.42828613577603
£TME,obr_2025-03,2024-25,1278.5585649749064,1175.0485499870754,19,103.51001498783103
£TME,obr_2025-03,2025-26,1347.1860091384792,1238.720812790295,19,108.46519634818424
£TME,obr_2025-03,2026-27,1389.4675834403672,1280.6814648385064,19,108.78611860186084
£TME,obr_2025-03,2027-28,1430.8197404448263,1321.217955351512,19,109.60178509331422
£TME,obr_2025-03,2028-29,1471.4446599551075,1360.1075415092444,19,111.3371184458631
£TME,obr_2025-03,2029-30,1519.0488941782933,1405.634411348484,19,113.41448282980923
£TME,obr_2025-11,2024-25,1288.0529999999997,1220.9365965752104,17,67.11640342478927
£TME,obr_2025-11,2025-26,1369.7880458714735,1304.7314038415138,19,65.05664202995968
£TME,obr_2025-11,2026-27,1415.851642120837,1347.5667604284317,19,68.28488169240518
£TME,obr_2025-11,2027-28,1468.7440634291795,1400.8486909507608,19,67.89537247841872
£TME,obr_2025-11,2028-29,1507.6386235057553,1439.8524292281286,19,67.78619427762669
£TME,obr_2025-11,2029-30,1551.1625213689997,1485.23467090037,19,65.92785046862969
£TME,obr_2025-11,2030-31,1606.5744197578447,1537.894853708551,19,68.67956604929373
£TME,obr_2026-03,2024-25,1291.7859999999998,1225.7815689313504,17,66.00443106864941
£TME,obr_2026-03,2025-26,1367.9883125951724,1299.36849719088,19,68.61981540429247
£TME,obr_2026-03,2026-27,1419.2548755569867,1356.0848537188303,19,63.170021838156345
£TME,obr_2026-03,2027-28,1471.8749163531106,1409.226441851451,19,62.64847450165962
£TME,obr_2026-03,2028-29,1513.4532390311035,1450.592789340274,19,62.860449690829455
£TME,obr_2026-03,2029-30,1555.3478586662206,1494.8445710431847,19,60.50328762303593
£TME,obr_2026-03,2030-31,1610.5044651277906,1546.8324484262728,19,63.672016701517805
Total welfare,obr_2014-12,2013-14,206.74370835857408,206.7,2,0.04370835857409361
Total welfare,obr_2014-12,2014-15,214.95846865883146,214.89999999999998,2,0.058468658831486664
Total welfare,obr_2014-12,2015-16,218.32219221010388,218.4,2,-0.07780778989612713
Total welfare,obr_2014-12,2016-17,222.4728693605365,222.5,2,-0.027130639463507578
Total welfare,obr_2014-12,2017-18,227.52457913702258,227.5,2,0.02457913702258452
Total welfare,obr_2014-12,2018-19,234.14278956922365,234.1,2,0.04278956922365751
Total welfare,obr_2014-12,2019-20,240.66798884079506,240.70000000000002,2,-0.032011159204955675
Total welfare,obr_2015-03,2013-14,209.43044490612786,209.39999999999998,2,0.030444906127883087
Total welfare,obr_2015-03,2014-15,214.47373101204897,214.5,2,-0.02626898795102761
Total welfare,obr_2015-03,2015-16,216.8783888551845,216.89999999999998,2,-0.021611144815466332
Total welfare,obr_2015-03,2016-17,219.50203732860047,219.5,2,0.002037328600465571
Total welfare,obr_2015-03,2017-18,223.6083903070064,223.6,2,0.008390307006408193
Total welfare,obr_2015-03,2018-19,229.26861364945657,229.2,2,0.0686136494565801
Total welfare,obr_2015-03,2019-20,235.11055952781197,235.1,2,0.010559527811977887
Total welfare,obr_2015-07,2014-15,214.27058310393392,214.2,2,0.0705831039339273
Total welfare,obr_2015-07,2015-16,216.92597345305882,217.0,2,-0.07402654694118382
Total welfare,obr_2015-07,2016-17,213.7985971752799,213.8,2,-0.0014028247201167687
Total welfare,obr_2015-07,2017-18,216.48783905544357,216.39999999999998,2,0.08783905544359527
Total welfare,obr_2015-07,2018-19,219.40506651435857,219.4,2,0.0050665143585604255
Total welfare,obr_2015-07,2019-20,222.18883056470222,222.2,2,-0.011169435297773589
Total welfare,obr_2015-07,2020-21,227.34376919235163,227.3,2,0.04376919235161836
Total welfare,obr_2015-11,2014-15,213.92790820575001,214.0,2,-0.07209179424998524
Total welfare,obr_2015-11,2015-16,217.23460038162713,217.2,2,0.034600381627143406
Total welfare,obr_2015-11,2016-17,217.81061223263666,217.8,2,0.010612232636646013
Total welfare,obr_2015-11,2017-18,219.75788349817543,219.7,2,0.05788349817544258
Total welfare,obr_2015-11,2018-19,221.48816527490595,221.5,2,-0.011834725094047371
Total welfare,obr_2015-11,2019-20,224.06795325515054,224.1,2,-0.03204674484945258
Total welfare,obr_2015-11,2020-21,229.3916747139207,229.39999999999998,2,-0.008325286079269745
Total welfare,obr_2016-03,2014-15,213.92790820575001,214.0,2,-0.07209179424998524
Total welfare,obr_2016-03,2015-16,216.61372075225887,216.60000000000002,2,0.013720752258848279
Total welfare,obr_2016-03,2016-17,218.25058897451092,218.2,2,0.05058897451093003
Total welfare,obr_2016-03,2017-18,219.2464135788773,219.2,2,0.04641357887732056
Total welfare,obr_2016-03,2018-19,221.2372932447862,221.2,2,0.037293244786212654
Total welfare,obr_2016-03,2019-20,224.21056618482663,224.3,2,-0.08943381517337912
Total welfare,obr_2016-03,2020-21,229.50036777920621,229.5,2,0.000367779206214891
Total welfare,obr_2016-11,2015-16,216.13841725546226,216.1384172554623,2,-2.842170943040401e-14
Total welfare,obr_2016-11,2016-17,218.3650305817618,218.3650305817618,2,0.0
Total welfare,obr_2016-11,2017-18,221.2499380607244,221.2499380607244,2,0.0
Total welfare,obr_2016-11,2018-19,224.64143421166398,224.64143421166398,2,0.0
Total welfare,obr_2016-11,2019-20,227.47084597434824,227.4708459743482,2,2.842170943040401e-14
Total welfare,obr_2016-11,2020-21,233.18933740694297,233.18933740694297,2,0.0
Total welfare,obr_2016-11,2021-22,241.8026484010559,241.80264840105588,2,2.842170943040401e-14
Total welfare,obr_2017-03,2015-16,216.13841725546226,216.1384172554623,2,-2.842170943040401e-14
Total welfare,obr_2017-03,2016-17,217.89681568285877,217.8968156828588,2,-2.842170943040401e-14
Total welfare,obr_2017-03,2017-18,221.14464275352984,221.1446427535298,2,2.842170943040401e-14
Total welfare,obr_2017-03,2018-19,224.39675942986275,224.39675942986275,2,0.0
Total welfare,obr_2017-03,2019-20,226.813392138821,226.81339213882103,2,-2.842170943040401e-14
Total welfare,obr_2017-03,2020-21,231.916921052391,231.916921052391,2,0.0
Total welfare,obr_2017-03,2021-22,240.26084581291605,240.26084581291605,2,0.0
Total welfare,obr_2017-11,2016-17,216.94173388147,216.94173388147,2,0.0
Total welfare,obr_2017-11,2017-18,219.7523352350979,219.7523352350979,2,0.0
Total welfare,obr_2017-11,2018-19,224.5245588421388,224.5245588421388,2,0.0
Total welfare,obr_2017-11,2019-20,227.99164282610863,227.99164282610863,2,0.0
Total welfare,obr_2017-11,2020-21,231.83132833049737,231.83132833049737,2,0.0
Total welfare,obr_2017-11,2021-22,239.59417815050804,239.59417815050801,2,2.842170943040401e-14
Total welfare,obr_2017-11,2022-23,248.49595698276232,248.49595698276232,2,0.0
Total welfare,obr_2018-03,2016-17,216.89273388146998,216.89273388147,2,-2.842170943040401e-14
Total welfare,obr_2018-03,2017-18,219.3311449900847,219.33114499008474,2,-2.842170943040401e-14
Total welfare,obr_2018-03,2018-19,224.4658436950064,224.4658436950064,2,0.0
Total welfare,obr_2018-03,2019-20,228.38612444928077,228.38612444928077,2,0.0
Total welfare,obr_2018-03,2020-21,231.62517880396564,231.62517880396564,2,0.0
Total welfare,obr_2018-03,2021-22,238.83119047094902,238.83119047094902,2,0.0
Total welfare,obr_2018-03,2022-23,247.14040089038866,247.14040089038866,2,0.0
Total welfare,obr_2018-10,2017-18,218.81696896453002,218.81696896453002,2,0.0
Total welfare,obr_2018-10,2018-19,223.00795796310004,223.00795796310007,2,-2.842170943040401e-14
Total welfare,obr_2018-10,2019-20,227.38752808506806,227.38752808506803,2,2.842170943040401e-14
Total welfare,obr_2018-10,2020-21,231.61098166621028,231.61098166621028,2,0.0
Total welfare,obr_2018-10,2021-22,239.10964587528912,239.10964587528912,2,0.0
Total welfare,obr_2018-10,2022-23,248.229797374921,248.229797374921,2,0.0
Total welfare,obr_2018-10,2023-24,258.3780636486643,258.37806364866424,2,5.684341886080802e-14
Total welfare,obr_2019-03,2017-18,218.81696896453002,218.81696896453002,2,0.0
Total welfare,obr_2019-03,2018-19,222.97283703608662,222.97283703608662,2,0.0
Total welfare,obr_2019-03,2019-20,227.33045580451935,227.33045580451935,2,0.0
Total welfare,obr_2019-03,2020-21,232.19677432607463,232.19677432607463,2,0.0
Total welfare,obr_2019-03,2021-22,240.01320262541782,240.01320262541782,2,0.0
Total welfare,obr_2019-03,2022-23,249.4923716612185,249.4923716612185,2,0.0
Total welfare,obr_2019-03,2023-24,260.46736845847266,260.4673684584727,2,-5.684341886080802e-14
Total welfare,obr_2020-03,2018-19,222.79154883424104,222.79154883424104,2,0.0
Total welfare,obr_2020-03,2019-20,224.60397473262114,224.6039747326211,2,2.842170943040401e-14
Total welfare,obr_2020-03,2020-21,231.21844169770688,231.21844169770685,2,2.842170943040401e-14
Total welfare,obr_2020-03,2021-22,237.7754406349894,237.77544063498937,2,2.842170943040401e-14
Total welfare,obr_2020-03,2022-23,246.80935037564714,246.8093503756471,2,2.842170943040401e-14
Total welfare,obr_2020-03,2023-24,256.9162405546251,256.9162405546251,2,0.0
Total welfare,obr_2020-03,2024-25,266.832275342033,266.832275342033,2,0.0
Total welfare,obr_2020-11,2019-20,227.69189759802435,227.69189759802435,2,0.0
Total welfare,obr_2020-11,2020-21,246.22076419323432,246.22076419323432,2,0.0
Total welfare,obr_2020-11,2021-22,246.69502539366363,246.69502539366363,2,0.0
Total welfare,obr_2020-11,2022-23,251.7967661609847,251.7967661609847,2,0.0
Total welfare,obr_2020-11,2023-24,259.45368543795024,259.4536854379502,2,5.684341886080802e-14
Total welfare,obr_2020-11,2024-25,267.5011810821302,267.5011810821302,2,0.0
Total welfare,obr_2020-11,2025-26,277.76817122866333,277.7681712286634,2,-5.684341886080802e-14
Total welfare,obr_2021-03,2019-20,227.67233553177292,227.67233553177294,2,-2.842170943040401e-14
Total welfare,obr_2021-03,2020-21,244.81388780449714,244.81388780449714,2,0.0
Total welfare,obr_2021-03,2021-22,249.05804341714378,249.05804341714378,2,0.0
Total welfare,obr_2021-03,2022-23,254.882196730959,254.882196730959,2,0.0
Total welfare,obr_2021-03,2023-24,263.2833880521833,263.2833880521832,2,5.684341886080802e-14
Total welfare,obr_2021-03,2024-25,271.9405657424411,271.9405657424411,2,0.0
Total welfare,obr_2021-03,2025-26,282.3284220462227,282.3284220462227,2,0.0
Total welfare,obr_2021-10,2020-21,245.44425563779248,245.44425563779248,2,0.0
Total welfare,obr_2021-10,2021-22,246.66058984142427,246.66058984142427,2,0.0
Total welfare,obr_2021-10,2022-23,253.9563956787683,253.95639567876833,2,-2.842170943040401e-14
Total welfare,obr_2021-10,2023-24,267.05240482585435,267.05240482585435,2,0.0
Total welfare,obr_2021-10,2024-25,278.5074194341341,278.50741943413414,2,-5.684341886080802e-14
Total welfare,obr_2021-10,2025-26,289.85767848723054,289.8576784872306,2,-5.684341886080802e-14
Total welfare,obr_2021-10,2026-27,300.3210943363326,300.3210943363326,2,0.0
Total welfare,obr_2022-03,2020-21,245.35029702734622,245.35029702734622,2,0.0
Total welfare,obr_2022-03,2021-22,244.70671766231737,244.70671766231737,2,0.0
Total welfare,obr_2022-03,2022-23,250.2942624794629,250.29426247946287,2,2.842170943040401e-14
Total welfare,obr_2022-03,2023-24,270.7733795334848,270.7733795334848,2,0.0
Total welfare,obr_2022-03,2024-25,284.6181451357837,284.6181451357837,2,0.0
Total welfare,obr_2022-03,2025-26,295.96442087651843,295.9644208765184,2,5.684341886080802e-14
Total welfare,obr_2022-03,2026-27,306.6731391982862,306.6731391982862,2,0.0
Total welfare,obr_2022-11,2021-22,245.22493700973925,245.22493700973928,2,-2.842170943040401e-14
Total welfare,obr_2022-11,2022-23,260.8452687938157,260.84526879381565,2,5.684341886080802e-14
Total welfare,obr_2022-11,2023-24,292.32207589657884,292.32207589657884,2,0.0
Total welfare,obr_2022-11,2024-25,306.0375249250569,306.0375249250569,2,0.0
Total welfare,obr_2022-11,2025-26,314.78505770682557,314.78505770682557,2,0.0
Total welfare,obr_2022-11,2026-27,320.7158618843478,320.71586188434776,2,5.684341886080802e-14
Total welfare,obr_2022-11,2027-28,327.4992469571168,327.4992469571168,2,0.0
Total welfare,obr_2023-03,2021-22,244.25912418501855,244.25912418501855,2,0.0
Total welfare,obr_2023-03,2022-23,261.54466436434717,261.5446643643472,2,-5.684341886080802e-14
Total welfare,obr_2023-03,2023-24,294.52691681667505,294.52691681667505,2,0.0
Total welfare,obr_2023-03,2024-25,307.0084261334064,307.0084261334064,2,0.0
Total welfare,obr_2023-03,2025-26,316.75335429043696,316.75335429043696,2,0.0
Total welfare,obr_2023-03,2026-27,323.3363926121577,323.3363926121577,2,0.0
Total welfare,obr_2023-03,2027-28,330.52335182697465,330.5233518269747,2,-5.684341886080802e-14
Total welfare,obr_2023-11,2022-23,261.4790892452994,261.48739657680085,2,-0.008307331501441695
Total welfare,obr_2023-11,2023-24,295.3691924643407,295.3691924643407,2,0.0
Total welfare,obr_2023-11,2024-25,316.42805752065374,316.42805752065374,2,0.0
Total welfare,obr_2023-11,2025-26,333.90156548884516,333.90156548884516,2,0.0
Total welfare,obr_2023-11,2026-27,343.16005133761655,343.16005133761655,2,0.0
Total welfare,obr_2023-11,2027-28,350.86961902324646,350.86961902324646,2,0.0
Total welfare,obr_2023-11,2028-29,361.6841241128702,361.6841241128702,2,0.0
Total welfare,obr_2024-03,2022-23,261.48739657680085,261.48739657680085,2,0.0
Total welfare,obr_2024-03,2023-24,295.848450616908,295.84845061690794,2,5.684341886080802e-14
Total welfare,obr_2024-03,2024-25,315.140890745693,315.140890745693,2,0.0
Total welfare,obr_2024-03,2025-26,329.0088567039406,329.0088567039406,2,0.0
Total welfare,obr_2024-03,2026-27,339.7275388051888,339.72753880518883,2,-5.684341886080802e-14
Total welfare,obr_2024-03,2027-28,348.2332966912949,348.233296691295,2,-5.684341886080802e-14
Total welfare,obr_2024-03,2028-29,360.068866671289,360.068866671289,2,0.0
Total welfare,obr_2024-10,2023-24,296.3001609889729,296.3001609889729,2,0.0
Total welfare,obr_2024-10,2024-25,313.56144355137036,313.5614435513703,2,5.684341886080802e-14
Total welfare,obr_2024-10,2025-26,327.4863022750381,327.4863022750381,2,0.0
Total welfare,obr_2024-10,2026-27,340.48636814984445,340.48636814984445,2,0.0
Total welfare,obr_2024-10,2027-28,349.4968796489221,349.4968796489221,2,0.0
Total welfare,obr_2024-10,2028-29,361.3991735010263,361.3991735010263,2,0.0
Total welfare,obr_2024-10,2029-30,377.67532794777446,377.67532794777446,2,0.0
Total welfare,obr_2025-03,2023-24,296.3526074381409,296.3526074381409,2,0.0
Total welfare,obr_2025-03,2024-25,313.03835184271725,313.03835184271725,2,0.0
Total welfare,obr_2025-03,2025-26,326.12956089869624,326.12956089869624,2,0.0
Total welfare,obr_2025-03,2026-27,342.1269171474416,342.1269171474416,2,0.0
Total welfare,obr_2025-03,2027-28,348.82602281024907,348.82602281024907,2,0.0
Total welfare,obr_2025-03,2028-29,358.5102035403747,358.51020354037473,2,-5.684341886080802e-14
Total welfare,obr_2025-03,2029-30,373.39710125109553,373.39710125109553,2,0.0
Total welfare,obr_2025-11,2024-25,314.6534544604814,314.6534544604814,2,0.0
Total welfare,obr_2025-11,2025-26,332.98917068251575,332.9891706825158,2,-5.684341886080802e-14
Total welfare,obr_2025-11,2026-27,351.89298453852876,351.8929845385288,2,-5.684341886080802e-14
Total welfare,obr_2025-11,2027-28,362.1172563904556,362.1172563904556,2,0.0
Total welfare,obr_2025-11,2028-29,372.8814719303142,372.8814719303142,2,0.0
Total welfare,obr_2025-11,2029-30,389.3618344793186,389.3618344793186,2,0.0
Total welfare,obr_2025-11,2030-31,406.20619707790826,406.20619707790826,2,0.0
Total welfare,obr_2026-03,2024-25,314.75931821253016,314.75931821253016,2,0.0
Total welfare,obr_2026-03,2025-26,332.86938709268827,332.86938709268827,2,0.0
Total welfare,obr_2026-03,2026-27,352.794973201588,352.79497320158794,2,5.684341886080802e-14
Total welfare,obr_2026-03,2027-28,363.0597537497132,363.0597537497132,2,0.0
Total welfare,obr_2026-03,2028-29,373.814191669534,373.814191669534,2,0.0
Total welfare,obr_2026-03,2029-30,389.919366811487,389.919366811487,2,0.0
Total welfare,obr_2026-03,2030-31,406.9062964507486,406.9062964507485,2,5.684341886080802e-14
