parent,vintage_id,target_period,parent_value,children_sum,n_children,residual,residual_change,prev_vintage_id,share_of_parent
IT,obr_2010-11,2009-10,147.2,148.2,2,-1.0,-2.0,obr_2010-06,0.013586956521739132
IT,obr_2011-11,2012-13,159.8,160.3,2,-0.5,-1.799999999999983,obr_2011-03,0.011264080100125048
IT,obr_2011-03,2013-14,180.0,176.70000000000002,2,3.299999999999983,2.3999999999999773,obr_2010-11,0.013333333333333208
IT,obr_2011-11,2013-14,170.3,169.5,2,0.8000000000000114,-2.4999999999999716,obr_2011-03,0.014679976512037413
IT,obr_2014-12,2013-14,157.8,156.4,2,1.4000000000000057,2.200000000000017,obr_2014-03,0.013941698352344847
IT,obr_2011-03,2014-15,192.1,188.6,2,3.5,2.0999999999999943,obr_2010-11,0.010931806350858898
IT,obr_2011-11,2014-15,181.7,181.0,2,0.6999999999999886,-2.8000000000000114,obr_2011-03,0.015410016510732039
IT,obr_2011-11,2015-16,194.8,194.3,2,0.5,-3.0,obr_2011-03,0.015400410677618069
IT,obr_2018-03,2018-19,188.48088761391926,189.43977150412604,2,-0.9588838902067778,2.1700730727405357,obr_2017-11,0.01151349136887382
IT,obr_2018-03,2019-20,195.23729633478416,196.03744638827027,2,-0.8001500534861066,2.194246166674617,obr_2017-11,0.011238867818124372
IT,obr_2018-03,2020-21,202.48747308918547,203.29797190489808,2,-0.8104988157126058,2.2016164458193828,obr_2017-11,0.010872852588020012
IT,obr_2018-03,2021-22,209.50192800904398,210.44530882115987,2,-0.9433808121158904,2.194712411983488,obr_2017-11,0.010475857825464712
IT,obr_2018-03,2022-23,218.52225059201842,219.57216690226025,2,-1.0499163102418265,2.1972184277302347,obr_2017-11,0.010054895653772333
IT,obr_2024-10,2026-27,353.2726679914418,355.99579027466405,2,-2.723122283222267,4.706693976599695,obr_2024-03,0.013323119513773754
IT,obr_2024-10,2027-28,372.6408051345123,370.79928039605124,2,1.8415247384610325,9.526489931387175,obr_2024-03,0.02556480610852157
£PSCR,obr_2010-11,2009-10,513.8,484.78099999999995,20,29.019000000000005,-9.871000000000038,obr_2010-06,0.019211755546905487
£PSCR,obr_2010-11,2010-11,549.7,517.33,20,32.370000000000005,-6.380000000000052,obr_2010-06,0.011606330725850558
£PSCR,obr_2010-11,2012-13,620.3,583.1200000000001,20,37.179999999999836,-8.600000000000136,obr_2010-06,0.013864259229405347
£PSCR,obr_2011-11,2012-13,594.4,561.3900000000001,22,33.00999999999988,-6.580000000000155,obr_2011-03,0.01106998654105006
£PSCR,obr_2012-12,2012-13,593.8,546.9399999999999,22,46.860000000000014,13.8900000000001,obr_2012-03,0.023391714381946954
£PSCR,obr_2010-11,2013-14,659.1,616.84,20,42.25999999999999,-7.699999999999932,obr_2010-06,0.011682597481413946
£PSCR,obr_2011-11,2013-14,623.6,588.13,22,35.47000000000003,-8.809999999999945,obr_2011-03,0.014127645926876115
£PSCR,obr_2012-12,2013-14,620.6,568.04,22,52.56000000000006,17.2650000000001,obr_2012-03,0.027819851756364967
£PSCR,obr_2010-11,2014-15,698.0,652.0899999999999,20,45.91000000000008,-7.009999999999877,obr_2010-06,0.010042979942693233
£PSCR,obr_2011-11,2014-15,657.4,618.4499999999999,22,38.950000000000045,-8.809999999999832,obr_2011-03,0.013401277760875923
£PSCR,obr_2012-12,2014-15,643.0,591.69,22,51.309999999999945,12.8900000000001,obr_2012-03,0.020046656298600467
£PSCR,obr_2015-11,2014-15,654.3,587.55451932477,23,66.74548067522994,7.597480675229917,obr_2015-07,0.011611616498899462
£PSCR,obr_2011-11,2015-16,693.5,650.78,22,42.72000000000003,-9.220000000000027,obr_2011-03,0.013294881038212008
£PSCR,obr_2012-12,2015-16,671.4,617.8299999999999,22,53.57000000000005,11.425000000000068,obr_2012-03,0.01701668156091759
£PSCR,obr_2014-12,2015-16,670.3,604.4927229406791,22,65.80727705932088,9.333711000983953,obr_2014-03,0.01392467701176183
£PSCR,obr_2015-11,2015-16,682.2,610.6154447326712,23,71.58455526732882,7.861695400520375,obr_2015-07,0.011524033128877712
£PSCR,obr_2012-12,2016-17,706.1,649.1400000000001,22,56.95999999999992,10.925000000000068,obr_2012-03,0.015472312703583157
£PSCR,obr_2014-12,2016-17,705.8,635.0581651515758,22,70.7418348484241,12.731099509962064,obr_2014-03,0.018037828719130157
£PSCR,obr_2013-12,2017-18,740.8,679.536465469049,22,61.263534530951006,7.701752287858767,obr_2013-03,0.010396533865900065
£PSCR,obr_2014-12,2017-18,736.7,661.5743080632774,22,75.12569193672266,14.465352476423732,obr_2014-03,0.01963533660434876
£PSCR,obr_2015-11,2017-18,762.7,679.1148177828331,23,83.5851822171669,10.01274972827241,obr_2015-07,0.013128031635338154
£PSCR,obr_2014-12,2018-19,769.3,690.0292562715018,22,79.27074372849813,14.671157383129184,obr_2014-03,0.0190707882271275
£PSCR,obr_2015-11,2018-19,796.5,707.3497386882744,23,89.15026131172556,9.684118709049699,obr_2015-07,0.012158341128750406
£PSCR,obr_2020-03,2018-19,812.9050119522057,707.707457830761,23,105.19755412144468,24.68496232057555,obr_2019-03,0.03036635518004026
£PSCR,obr_2015-11,2019-20,831.1,736.9438118835559,23,94.15618811644413,8.91800763804872,obr_2015-07,0.010730366548007124
£PSCR,obr_2017-11,2019-20,792.0010548874269,707.5579095020264,23,84.4431453854005,-8.493915018415123,obr_2017-03,0.010724625890330951
£PSCR,obr_2020-03,2019-20,839.3269703863288,725.2973738112994,23,114.02959657502936,29.183846317722896,obr_2019-03,0.03477053323365749
£PSCR,obr_2015-11,2020-21,871.9,771.7670351551715,23,100.1329648448285,10.462300456177218,obr_2015-07,0.011999427062939808
£PSCR,obr_2017-11,2020-21,817.1698772062384,729.7063130458856,23,87.4635641603528,-10.360868115100175,obr_2017-03,0.012678964807809827
£PSCR,obr_2020-03,2020-21,872.9200499597459,755.7773340914875,23,117.14271586825839,28.90601873328137,obr_2019-03,0.03311416519143345
£PSCR,obr_2020-11,2020-21,771.032430142143,663.4347663551833,23,107.59766378695963,-9.545052081298763,obr_2020-03,0.012379572775608276
£PSCR,obr_2017-11,2021-22,841.6381587611427,750.4781482105087,23,91.16001055063396,-12.180837280164269,obr_2017-03,0.014472772121090575
£PSCR,obr_2020-03,2021-22,910.7540254511389,786.7237182783473,23,124.0303071727916,31.717671851971204,obr_2019-03,0.03482572787560281
£PSCR,obr_2020-03,2022-23,949.195094349611,821.4818108487641,23,127.71328350084696,32.07584696631966,obr_2019-03,0.03379268093278342
£PSCR,obr_2020-03,2023-24,984.6590541329108,851.967770778873,23,132.69128335403775,32.957235878337315,obr_2019-03,0.03347070820098171
£TME,obr_2011-03,2011-12,710.4,708.2144173743221,15,2.1855826256778528,-9.222556133062312,obr_2010-11,0.01298220176388276
£TME,obr_2012-03,2012-13,683.4,704.0814320086065,15,-20.68143200860652,-27.261807740008976,obr_2011-11,0.039891436552544596
£TME,obr_2012-12,2012-13,674.3,666.2485659076729,15,8.0514340923271,28.73286610093362,obr_2012-03,0.042611398637006706
£TME,obr_2013-12,2012-13,673.9,690.5109252241903,15,-16.610925224190282,-26.280304533314848,obr_2013-03,0.038997335707545405
£TME,obr_2014-12,2013-14,719.9,715.6747083585741,19,4.225291641425883,-8.530762335771442,obr_2014-03,0.011849926845077708
£TME,obr_2016-11,2015-16,755.7859999999997,738.8862795981602,19,16.899720401839545,8.699449166670775,obr_2016-03,0.011510466146066186
£TME,obr_2014-12,2016-17,746.7,739.1221068611384,19,7.577893138861668,-7.567455472899269,obr_2014-03,0.01013453257385733
£TME,obr_2016-11,2016-17,778.7920255279153,758.5930762985693,19,20.198949229346,9.64698180294829,obr_2016-03,0.012387109121217498
£TME,obr_2014-12,2017-18,751.3,742.8575852517058,19,8.44241474829414,-8.867692088452714,obr_2014-03,0.011803130691405183
£TME,obr_2016-11,2017-18,797.0118547131276,773.3269654520109,19,23.684889261116723,11.173116544492586,obr_2016-03,0.014018758288751152
£TME,obr_2018-10,2017-18,793.8250000000002,754.3853313632986,19,39.439668636701526,16.612160476780446,obr_2018-03,0.020926728783775318
£TME,obr_2019-03,2017-18,795.04,744.3589877669996,19,50.68101223300039,11.241343596298861,obr_2018-10,0.014139343424606135
£TME,obr_2014-12,2018-19,765.3,756.3912722008864,19,8.908727799113535,-11.157781499655812,obr_2014-03,0.014579617796492634
£TME,obr_2016-11,2018-19,814.4754663034992,788.3216436399508,19,26.15382266354834,11.51845833457378,obr_2016-03,0.014142179612665754
£TME,obr_2018-10,2018-19,812.7857704181079,755.6376203204796,19,57.14815009762822,33.945065397911435,obr_2018-03,0.04176385295285084
£TME,obr_2016-11,2019-20,823.6991407726399,797.0050263726114,19,26.694114400028525,9.865389051853072,obr_2016-03,0.011976932551610064
£TME,obr_2018-10,2019-20,841.5861571544092,781.442615722538,17,60.1435414318712,34.90601217478945,obr_2018-03,0.041476457137572795
£TME,obr_2016-11,2020-21,855.5611669492907,826.7032158119573,19,28.85795113733343,10.703929325168247,obr_2016-03,0.012511004167400074
£TME,obr_2018-10,2020-21,867.0660895331221,803.494628845751,17,63.571460687371086,36.876753761701366,obr_2018-03,0.04253049935508136
£TME,obr_2020-11,2020-21,1164.5793248190737,970.1766657227757,19,194.40265909629795,126.6753296438934,obr_2020-03,0.10877346604412146
£TME,obr_2021-10,2020-21,1115.1959999999997,950.512331627413,19,164.68366837258668,-21.097752799199952,obr_2021-03,0.01891842581860046
£TME,obr_2018-10,2021-22,893.3794832673366,828.0087157833225,17,65.3707674840141,37.82096051151484,obr_2018-03,0.04233470906808056
£TME,obr_2021-03,2021-22,1053.2509458613313,949.239840400365,19,104.01110546096629,28.2092086417083,obr_2020-11,0.02678298913716073
£TME,obr_2021-10,2021-22,1044.9742451140341,951.7368889301721,19,93.23735618386206,-10.77374927710423,obr_2021-03,0.010310062020646767
£TME,obr_2023-03,2021-22,1040.071,981.7497592779138,19,58.321240722086145,-23.511543943828997,obr_2022-11,0.022605710517675234
£TME,obr_2018-10,2022-23,921.6522718571696,855.3323651777796,17,66.31990667938999,38.846788321962094,obr_2018-03,0.0421490723867952
£TME,obr_2022-11,2022-23,1181.8924172661254,1068.5144707702825,19,113.37794649584293,31.25758652464924,obr_2022-03,0.026447065797200225
£TME,obr_2023-11,2022-23,1151.425,1046.8802627332059,18,104.54473726679407,-12.263611472952789,obr_2023-03,0.010650812230890235
£TME,obr_2023-03,2023-24,1189.1700272371033,1086.9061206720564,19,102.26390656504691,16.44658619531515,obr_2022-11,0.013830306700150235
£TME,obr_2023-03,2024-25,1189.1400293920508,1098.9731723932055,19,90.16685699884533,15.081477273258997,obr_2022-11,0.012682675631539728
£TME,obr_2025-11,2024-25,1288.0529999999997,1220.9365965752104,17,67.11640342478927,-36.39361156304176,obr_2025-03,0.028254746942122544
£TME,obr_2022-11,2025-26,1199.2011224013552,1121.2276565801676,19,77.97346582118757,-12.109853761790191,obr_2022-03,0.010098267534590581
£TME,obr_2024-10,2025-26,1335.0561808124394,1226.825638297504,19,108.23054251493545,14.117728668934205,obr_2024-03,0.01057463264230795
£TME,obr_2025-11,2025-26,1369.7880458714735,1304.7314038415138,19,65.05664202995968,-43.40855431822456,obr_2025-03,0.031689978934374176
£TME,obr_2025-11,2026-27,1415.851642120837,1347.5667604284317,19,68.28488169240518,-40.501236909455656,obr_2025-03,0.02860556551588125
£TME,obr_2025-11,2027-28,1468.7440634291795,1400.8486909507608,19,67.89537247841872,-41.7064126148955,obr_2025-03,0.028395970171631278
£TME,obr_2025-11,2028-29,1507.6386235057553,1439.8524292281286,19,67.78619427762669,-43.550924168236406,obr_2025-03,0.028886845620183302
£TME,obr_2025-11,2029-30,1551.1625213689997,1485.23467090037,19,65.92785046862969,-47.486632361179545,obr_2025-03,0.030613576402857882
