sheet,cell,raw
Worldtrade,HOFD:Worldtrade!N29,'N/A'
Worldtrade,HOFD:Worldtrade!O29,'N/A'
Worldtrade,HOFD:Worldtrade!P29,'N/A'
Worldtrade,HOFD:Worldtrade!Q29,'N/A'
Worldtrade,HOFD:Worldtrade!R29,'N/A'
Worldtrade,HOFD:Worldtrade!S29,'N/A'
Worldtrade,HOFD:Worldtrade!T29,'N/A'
EuroGDP,HOFD:EuroGDP!N29,'N/A'
EuroGDP,HOFD:EuroGDP!O29,'N/A'
EuroGDP,HOFD:EuroGDP!P29,'N/A'
EuroGDP,HOFD:EuroGDP!Q29,'N/A'
EuroGDP,HOFD:EuroGDP!R29,'N/A'
EuroGDP,HOFD:EuroGDP!S29,'N/A'
EuroGDP,HOFD:EuroGDP!T29,'N/A'
UKexportmarkets,HOFD:UKexportmarkets!N29,'N/A'
UKexportmarkets,HOFD:UKexportmarkets!O29,'N/A'
UKexportmarkets,HOFD:UKexportmarkets!P29,'N/A'
UKexportmarkets,HOFD:UKexportmarkets!Q29,'N/A'
UKexportmarkets,HOFD:UKexportmarkets!R29,'N/A'
UKexportmarkets,HOFD:UKexportmarkets!S29,'N/A'
UKexportmarkets,HOFD:UKexportmarkets!T29,'N/A'
