sheet,series_id,label_rows,label_rows_with_values,vintages_parsed,cells,outturns,non_numeric_cells
£PSNB,obr.psnb_gbp,107,107,107,567,55,0
PSNB,obr.psnb,96,96,96,559,49,0
£PSCR,obr.pscr_gbp,76,76,76,461,36,0
PSCR,obr.pscr,76,76,76,465,36,0
£TME,obr.tme_gbp,76,76,76,461,36,0
TME,obr.tme,76,76,76,461,36,0
CACB,obr.cacb,60,60,60,437,28,0
CAPSNB,obr.capsnb,50,50,50,368,25,0
PSNFL,obr.psnfl,34,20,20,139,17,0
PSND,obr.psnd,50,50,50,366,25,0
PSNI,obr.psni,34,34,34,239,17,0
£CB,obr.cb_gbp,35,35,35,245,17,0
CB,obr.cb,35,35,35,245,17,0
IT,obr.it,33,33,33,232,17,0
SA IT,obr.sa_it,33,33,33,232,17,0
PAYE IT,obr.paye_it,33,33,33,232,17,0
NICS,obr.nics,33,33,33,232,17,0
VAT,obr.vat,33,33,33,232,17,0
Onshore,obr.onshore,33,33,33,232,15,0
Alcohol,obr.alcohol,33,33,33,232,15,0
Oilandgas,obr.oilandgas,33,33,33,232,15,0
Fuel,obr.fuel,33,33,33,232,15,0
Business,obr.business,33,33,33,232,15,0
CGT,obr.cgt,33,33,33,232,17,0
IHT,obr.iht,33,33,33,232,17,0
PTT,obr.ptt,33,33,33,232,17,0
Shares,obr.shares,33,33,33,232,17,0
Tobacco,obr.tobacco,33,33,33,232,15,0
Spirits,obr.spirits,33,33,33,232,15,0
Wine,obr.wine,33,33,33,232,15,0
Beercider,obr.beercider,33,33,33,232,15,0
VED,obr.ved,33,33,33,232,15,0
VATrefunds,obr.vatrefunds,33,33,33,232,17,0
Council,obr.council,33,33,33,232,15,0
APD,obr.apd,33,33,33,232,15,0
IPT,obr.ipt,33,33,33,232,15,0
CCL,obr.ccl,33,31,31,217,15,0
Bank,obr.bank,33,33,33,232,15,0
Licence,obr.licence,33,32,32,224,15,0
ETS,obr.ets,33,31,31,217,16,0
EGL,obr.egl,33,8,8,54,3,0
CBAM,obr.cbam,33,5,5,19,0,0
Vapes,obr.vapes,33,5,5,21,0,0
Scotland,obr.scotland,33,22,22,154,0,0
HSC,obr.hsc,29,2,2,8,0,0
RDEL,obr.rdel,33,33,33,232,15,0
CDEL,obr.cdel,33,33,33,232,15,0
Total welfare,obr.total_welfare,33,33,33,232,15,0
Welfare in,obr.welfare_in,33,24,24,168,15,0
Welfare out,obr.welfare_out,33,24,24,168,15,0
LASFEcurr,obr.lasfecurr,33,33,33,232,15,0
LASFEcap,obr.lasfecap,33,33,33,232,15,0
PSDebtint,obr.psdebtint,35,35,35,246,15,0
Debtint,obr.debtint,34,34,34,239,15,0
APF,obr.apf,33,24,24,168,15,0
Netdebtint,obr.netdebtint,34,34,34,239,15,0
PCDebtint,obr.pcdebtint,33,21,21,147,15,0
Pensions,obr.pensions,33,33,33,232,15,0
EU,obr.eu,33,33,33,227,0,0
PCcapex,obr.pccapex,33,33,33,232,15,0
Ctaxcreds,obr.ctaxcreds,33,33,33,232,15,0
BBCcur,obr.bbccur,33,33,33,232,15,0
Lotterycur,obr.lotterycur,33,33,33,232,15,0
Lotterycap,obr.lotterycap,33,33,33,232,15,0
Studentloans,obr.studentloans,34,14,14,97,15,0
Fundedpensions,obr.fundedpensions,34,14,14,97,15,0
GGIpensions,obr.ggipensions,33,24,24,168,15,0
Taxlit,obr.taxlit,33,20,20,134,0,0
GGdepreciation,obr.ggdepreciation,34,32,32,224,15,0
NRcap,obr.nrcap,29,12,12,68,9,0
NRcur,obr.nrcur,29,12,12,68,9,0
R&D,obr.r_d,15,5,5,35,0,0
SUME,obr.sume,15,12,12,84,0,0
NGDP,obr.ngdp,89,89,89,553,44,0
UKGDP,obr.ukgdp,87,87,87,528,43,0
Outputgap,obr.outputgap,33,33,33,219,0,0
Demand,obr.demand,33,33,33,227,16,0
HHconsumption,obr.hhconsumption,33,33,33,227,16,0
Govconsumption,obr.govconsumption,33,33,33,227,16,0
Fixedinv,obr.fixedinv,33,33,33,227,16,0
Businessinv,obr.businessinv,33,33,33,227,16,0
Empl,obr.empl,33,33,33,226,16,0
Govtinv,obr.govtinv,33,33,33,227,16,0
Privatedwellingsinv,obr.privatedwellingsinv,33,33,33,225,16,0
Inventories,obr.inventories,33,33,33,227,16,0
Exports,obr.exports,33,33,33,227,16,0
Imports,obr.imports,33,33,33,227,16,0
Currentacc£,obr.currentacc_gbp,33,33,33,230,16,0
Currentacc%GDP,obr.currentacc_pct_gdp,33,33,33,230,16,0
CPI,obr.cpi,33,33,33,226,17,0
RPI,obr.rpi,33,33,33,226,17,0
Deflator,obr.deflator,33,33,33,227,16,0
Prod,obr.prod,33,33,33,228,16,0
Wages&Salaries,obr.wages_salaries,33,33,33,227,16,0
Earnings,obr.earnings,33,33,33,227,16,0
Unemplrate,obr.unemplrate,33,33,33,228,16,0
RHHDI,obr.rhhdi,33,33,33,230,16,0
Savingratio,obr.savingratio,33,33,33,230,16,0
Houseprices,obr.houseprices,33,33,33,229,16,0
HHnetworthtoincome,obr.hhnetworthtoincome,33,33,33,229,16,0
WorldGDP,obr.worldgdp,33,33,33,230,16,0
Worldtrade,obr.worldtrade,33,32,32,222,16,7
EuroGDP,obr.eurogdp,33,32,32,223,16,7
UKexportmarkets,obr.ukexportmarkets,33,32,32,223,16,7
Non-oilPNFCprofits,obr.non_oilpnfcprofits,33,33,33,230,16,0
Oilprices($),obr.oilprices_usd,33,33,33,228,16,0
Oilprices(£),obr.oilprices_gbp,33,32,32,219,16,0
Gas Prices,obr.gas_prices,32,30,30,208,16,0
Equityprices,obr.equityprices,33,33,33,232,16,0
Shorttermrates,obr.shorttermrates,33,33,33,233,16,0
Gilts,obr.gilts,33,33,33,232,17,0
£€rate,obr.gbp_eur_rate,33,32,32,224,16,0
Nomconsumerspending,obr.nomconsumerspending,33,33,33,229,17,0
CC,obr.cc,16,15,15,105,0,0
