group,series_id,family,bucket,category,abs_sum,n,n_pending,total,share_of_abs_revision,pending_share_of_abs
CBO,cbo.outlay.defense_discretionary,outlay_discretionary,0-6,economic_determinants,0.001,32,0,414.522,2.4124171937798234e-06,0.0
CBO,cbo.outlay.defense_discretionary,outlay_discretionary,0-6,modelling_other,136.455,32,0,414.522,0.32918638817722584,0.0
CBO,cbo.outlay.defense_discretionary,outlay_discretionary,0-6,policy,278.066,31,0,414.522,0.6708111994055803,0.0
CBO,cbo.outlay.defense_discretionary,outlay_discretionary,12-24,economic_determinants,48.141,70,0,1477.064,0.03259235889575536,0.0
CBO,cbo.outlay.defense_discretionary,outlay_discretionary,12-24,modelling_other,157.603,71,0,1477.064,0.10670018360748079,0.0
CBO,cbo.outlay.defense_discretionary,outlay_discretionary,12-24,policy,1271.32,71,0,1477.064,0.8607074574967638,0.0
CBO,cbo.outlay.defense_discretionary,outlay_discretionary,24-36,economic_determinants,83.67099999999999,70,0,1675.932,0.04992505662520913,0.0
CBO,cbo.outlay.defense_discretionary,outlay_discretionary,24-36,modelling_other,82.575,71,0,1675.932,0.04927109214455002,0.0
CBO,cbo.outlay.defense_discretionary,outlay_discretionary,24-36,policy,1509.686,71,0,1675.932,0.9008038512302408,0.0
CBO,cbo.outlay.defense_discretionary,outlay_discretionary,36+,economic_determinants,1433.782,535,0,15526.062,0.09234679083466238,0.0
CBO,cbo.outlay.defense_discretionary,outlay_discretionary,36+,modelling_other,420.551,543,0,15526.062,0.02708677834727183,0.0
CBO,cbo.outlay.defense_discretionary,outlay_discretionary,36+,policy,13671.729,542,0,15526.062,0.8805664308180657,0.0
CBO,cbo.outlay.defense_discretionary,outlay_discretionary,6-12,economic_determinants,4.305,39,0,480.669,0.008956267202586394,0.0
CBO,cbo.outlay.defense_discretionary,outlay_discretionary,6-12,modelling_other,141.25,40,0,480.669,0.29386126419635966,0.0
CBO,cbo.outlay.defense_discretionary,outlay_discretionary,6-12,policy,335.114,41,0,480.669,0.6971824686010539,0.0
CBO,cbo.outlay.fannie_freddie,outlay_mandatory,0-6,modelling_other,180.53,18,0,183.43,0.9841901542822875,0.0
CBO,cbo.outlay.fannie_freddie,outlay_mandatory,0-6,policy,2.9,1,0,183.43,0.01580984571771248,0.0
CBO,cbo.outlay.fannie_freddie,outlay_mandatory,12-24,modelling_other,83.129,34,0,91.042,0.9130840710880693,0.0
CBO,cbo.outlay.fannie_freddie,outlay_mandatory,12-24,policy,7.912999999999999,4,0,91.042,0.08691592891193074,0.0
CBO,cbo.outlay.fannie_freddie,outlay_mandatory,24-36,modelling_other,65.654,34,0,72.854,0.9011722074285557,0.0
CBO,cbo.outlay.fannie_freddie,outlay_mandatory,24-36,policy,7.2,3,0,72.854,0.09882779257144426,0.0
CBO,cbo.outlay.fannie_freddie,outlay_mandatory,36+,modelling_other,278.008,243,0,315.508,0.8811440597385803,0.0
CBO,cbo.outlay.fannie_freddie,outlay_mandatory,36+,policy,37.5,21,0,315.508,0.11885594026141968,0.0
CBO,cbo.outlay.fannie_freddie,outlay_mandatory,6-12,modelling_other,544.929,20,0,546.1659999999999,0.9977351208240719,0.0
CBO,cbo.outlay.fannie_freddie,outlay_mandatory,6-12,policy,1.2369999999999999,3,0,546.1659999999999,0.002264879175928198,0.0
CBO,cbo.outlay.medicaid,outlay_mandatory,0-6,economic_determinants,15.957,40,0,272.567,0.058543404007088164,0.0
CBO,cbo.outlay.medicaid,outlay_mandatory,0-6,modelling_other,200.58499999999998,40,0,272.567,0.7359108035822384,0.0
CBO,cbo.outlay.medicaid,outlay_mandatory,0-6,policy,56.025,40,0,272.567,0.20554579241067333,0.0
CBO,cbo.outlay.medicaid,outlay_mandatory,12-24,economic_determinants,77.419,87,0,825.963,0.09373180154558981,0.0
CBO,cbo.outlay.medicaid,outlay_mandatory,12-24,modelling_other,509.938,88,0,825.963,0.6173860088163755,0.0
CBO,cbo.outlay.medicaid,outlay_mandatory,12-24,policy,238.606,89,0,825.963,0.28888218963803464,0.0
CBO,cbo.outlay.medicaid,outlay_mandatory,24-36,economic_determinants,91.897,85,0,747.381,0.12295870513165308,0.0
CBO,cbo.outlay.medicaid,outlay_mandatory,24-36,modelling_other,475.795,86,0,747.381,0.6366163977944316,0.0
CBO,cbo.outlay.medicaid,outlay_mandatory,24-36,policy,179.689,87,0,747.381,0.24042489707391546,0.0
CBO,cbo.outlay.medicaid,outlay_mandatory,36+,economic_determinants,1398.449,610,0,8001.846,0.17476579779215948,0.0
CBO,cbo.outlay.medicaid,outlay_mandatory,36+,modelling_other,4396.635,619,0,8001.846,0.5494525888151309,0.0
CBO,cbo.outlay.medicaid,outlay_mandatory,36+,policy,2206.762,622,0,8001.846,0.2757816133927097,0.0
CBO,cbo.outlay.medicaid,outlay_mandatory,6-12,economic_determinants,21.598,50,0,360.853,0.059852626969985,0.0
CBO,cbo.outlay.medicaid,outlay_mandatory,6-12,modelling_other,266.065,51,0,360.853,0.7373223999800472,0.0
CBO,cbo.outlay.medicaid,outlay_mandatory,6-12,policy,73.19,51,0,360.853,0.20282497304996772,0.0
CBO,cbo.outlay.medicare,outlay_mandatory,0-6,economic_determinants,1.613,39,0,278.735,0.00578685848565842,0.0
CBO,cbo.outlay.medicare,outlay_mandatory,0-6,modelling_other,184.82999999999998,40,0,278.735,0.6631029472437978,0.0
CBO,cbo.outlay.medicare,outlay_mandatory,0-6,policy,92.292,40,0,278.735,0.3311101942705437,0.0
CBO,cbo.outlay.medicare,outlay_mandatory,12-24,economic_determinants,76.928,86,0,891.348,0.08630523656304832,0.0
CBO,cbo.outlay.medicare,outlay_mandatory,12-24,modelling_other,567.035,88,0,891.348,0.6361544537038284,0.0
CBO,cbo.outlay.medicare,outlay_mandatory,12-24,policy,247.385,88,0,891.348,0.2775403097331233,0.0
CBO,cbo.outlay.medicare,outlay_mandatory,24-36,economic_determinants,122.818,84,0,751.3589999999999,0.16346114174449233,0.0
CBO,cbo.outlay.medicare,outlay_mandatory,24-36,modelling_other,480.36,86,0,751.3589999999999,0.6393215493525732,0.0
CBO,cbo.outlay.medicare,outlay_mandatory,24-36,policy,148.181,86,0,751.3589999999999,0.1972173089029346,0.0
CBO,cbo.outlay.medicare,outlay_mandatory,36+,economic_determinants,2507.419,597,0,10338.806,0.24252500723971412,0.0
CBO,cbo.outlay.medicare,outlay_mandatory,36+,modelling_other,5304.436,613,0,10338.806,0.5130607925131779,0.0
CBO,cbo.outlay.medicare,outlay_mandatory,36+,policy,2526.951,607,0,10338.806,0.24441420024710783,0.0
CBO,cbo.outlay.medicare,outlay_mandatory,6-12,economic_determinants,19.044,49,0,543.597,0.03503330592332188,0.0
CBO,cbo.outlay.medicare,outlay_mandatory,6-12,modelling_other,346.999,51,0,543.597,0.6383386957617501,0.0
CBO,cbo.outlay.medicare,outlay_mandatory,6-12,policy,177.554,51,0,543.597,0.32662799831492817,0.0
CBO,cbo.outlay.net_interest,outlay_net_interest,0-6,economic_determinants,243.55200000000002,40,0,346.833,0.7022169170753648,0.0
CBO,cbo.outlay.net_interest,outlay_net_interest,0-6,modelling_other,93.453,40,0,346.833,0.2694466789492349,0.0
CBO,cbo.outlay.net_interest,outlay_net_interest,0-6,policy,9.828,40,0,346.833,0.02833640397540026,0.0
CBO,cbo.outlay.net_interest,outlay_net_interest,12-24,economic_determinants,1221.316,85,0,1787.055,0.683423845376891,0.0
CBO,cbo.outlay.net_interest,outlay_net_interest,12-24,modelling_other,384.144,88,0,1787.055,0.214959248596154,0.0
CBO,cbo.outlay.net_interest,outlay_net_interest,12-24,policy,181.595,87,0,1787.055,0.10161690602695496,0.0
CBO,cbo.outlay.net_interest,outlay_net_interest,24-36,economic_determinants,1586.63,83,0,2369.131,0.6697096952426861,0.0
CBO,cbo.outlay.net_interest,outlay_net_interest,24-36,modelling_other,443.303,86,0,2369.131,0.1871162886307258,0.0
CBO,cbo.outlay.net_interest,outlay_net_interest,24-36,policy,339.198,85,0,2369.131,0.1431740161265882,0.0
CBO,cbo.outlay.net_interest,outlay_net_interest,36+,economic_determinants,16914.07,599,0,33204.265,0.5093945009775099,0.0
CBO,cbo.outlay.net_interest,outlay_net_interest,36+,modelling_other,6877.707,618,0,33204.265,0.2071332402629602,0.0
CBO,cbo.outlay.net_interest,outlay_net_interest,36+,policy,9412.488,614,0,33204.265,0.2834722587595298,0.0
CBO,cbo.outlay.net_interest,outlay_net_interest,6-12,economic_determinants,422.908,48,0,677.351,0.6243557623743081,0.0
CBO,cbo.outlay.net_interest,outlay_net_interest,6-12,modelling_other,226.321,51,0,677.351,0.33412661972891455,0.0
CBO,cbo.outlay.net_interest,outlay_net_interest,6-12,policy,28.122,50,0,677.351,0.0415176178967773,0.0
CBO,cbo.outlay.nondefense_discretionary,outlay_discretionary,0-6,economic_determinants,1.188,32,0,589.574,0.0020150142306139688,0.0
CBO,cbo.outlay.nondefense_discretionary,outlay_discretionary,0-6,modelling_other,196.885,32,0,589.574,0.3339445090862216,0.0
CBO,cbo.outlay.nondefense_discretionary,outlay_discretionary,0-6,policy,391.50100000000003,32,0,589.574,0.6640404766831646,0.0
CBO,cbo.outlay.nondefense_discretionary,outlay_discretionary,12-24,economic_determinants,37.292,70,0,1719.575,0.021686753994446303,0.0
CBO,cbo.outlay.nondefense_discretionary,outlay_discretionary,12-24,modelling_other,293.193,71,0,1719.575,0.1705031766570228,0.0
CBO,cbo.outlay.nondefense_discretionary,outlay_discretionary,12-24,policy,1389.09,72,0,1719.575,0.8078100693485308,0.0
CBO,cbo.outlay.nondefense_discretionary,outlay_discretionary,24-36,economic_determinants,69.79,70,0,1728.749,0.040370233041349554,0.0
CBO,cbo.outlay.nondefense_discretionary,outlay_discretionary,24-36,modelling_other,162.593,71,0,1728.749,0.09405240436870824,0.0
CBO,cbo.outlay.nondefense_discretionary,outlay_discretionary,24-36,policy,1496.366,72,0,1728.749,0.8655773625899422,0.0
CBO,cbo.outlay.nondefense_discretionary,outlay_discretionary,36+,economic_determinants,1373.999,535,0,15174.323,0.09054763102116647,0.0
CBO,cbo.outlay.nondefense_discretionary,outlay_discretionary,36+,modelling_other,828.448,543,0,15174.323,0.05459538458486747,0.0
CBO,cbo.outlay.nondefense_discretionary,outlay_discretionary,36+,policy,12971.876,550,0,15174.323,0.8548569843939661,0.0
CBO,cbo.outlay.nondefense_discretionary,outlay_discretionary,6-12,economic_determinants,5.141,39,0,798.292,0.006439999398716259,0.0
CBO,cbo.outlay.nondefense_discretionary,outlay_discretionary,6-12,modelling_other,215.123,40,0,798.292,0.2694790878525652,0.0
CBO,cbo.outlay.nondefense_discretionary,outlay_discretionary,6-12,policy,578.028,41,0,798.292,0.7240809127487186,0.0
CBO,cbo.outlay.other_mandatory,outlay_mandatory,0-6,economic_determinants,224.33900000000003,40,0,3798.027,0.05906724728391874,0.0
CBO,cbo.outlay.other_mandatory,outlay_mandatory,0-6,modelling_other,1009.762,40,0,3798.027,0.2658648819505496,0.0
CBO,cbo.outlay.other_mandatory,outlay_mandatory,0-6,policy,2563.926,40,0,3798.027,0.6750678707655317,0.0
CBO,cbo.outlay.other_mandatory,outlay_mandatory,12-24,economic_determinants,385.226,87,0,2383.467,0.16162422219397204,0.0
CBO,cbo.outlay.other_mandatory,outlay_mandatory,12-24,modelling_other,808.879,88,0,2383.467,0.33937075696873503,0.0
CBO,cbo.outlay.other_mandatory,outlay_mandatory,12-24,policy,1189.362,89,0,2383.467,0.4990050208372929,0.0
CBO,cbo.outlay.other_mandatory,outlay_mandatory,24-36,economic_determinants,348.149,85,0,1565.981,0.22232006646313077,0.0
CBO,cbo.outlay.other_mandatory,outlay_mandatory,24-36,modelling_other,621.99,86,0,1565.981,0.39718872706629266,0.0
CBO,cbo.outlay.other_mandatory,outlay_mandatory,24-36,policy,595.842,87,0,1565.981,0.3804912064705766,0.0
CBO,cbo.outlay.other_mandatory,outlay_mandatory,36+,economic_determinants,2282.497,611,0,9802.048,0.23285919432347196,0.0
CBO,cbo.outlay.other_mandatory,outlay_mandatory,36+,modelling_other,4176.854,620,0,9802.048,0.4261205413399322,0.0
CBO,cbo.outlay.other_mandatory,outlay_mandatory,36+,policy,3342.697,627,0,9802.048,0.34102026433659577,0.0
CBO,cbo.outlay.other_mandatory,outlay_mandatory,6-12,economic_determinants,192.74800000000002,50,0,2258.572,0.08534064887017107,0.0
CBO,cbo.outlay.other_mandatory,outlay_mandatory,6-12,modelling_other,840.767,51,0,2258.572,0.3722560095493967,0.0
CBO,cbo.outlay.other_mandatory,outlay_mandatory,6-12,policy,1225.057,52,0,2258.572,0.5424033415804322,0.0
CBO,cbo.outlay.social_security,outlay_mandatory,0-6,economic_determinants,20.1,39,0,70.049,0.286941997744436,0.0
CBO,cbo.outlay.social_security,outlay_mandatory,0-6,modelling_other,46.03,40,0,70.049,0.6571114505560393,0.0
CBO,cbo.outlay.social_security,outlay_mandatory,0-6,policy,3.919,39,0,70.049,0.055946551699524616,0.0
CBO,cbo.outlay.social_security,outlay_mandatory,12-24,economic_determinants,287.905,87,0,524.794,0.5486057386326825,0.0
CBO,cbo.outlay.social_security,outlay_mandatory,12-24,modelling_other,212.24099999999999,88,0,524.794,0.4044272609824045,0.0
CBO,cbo.outlay.social_security,outlay_mandatory,12-24,policy,24.648000000000003,86,0,524.794,0.046967000384912944,0.0
CBO,cbo.outlay.social_security,outlay_mandatory,24-36,economic_determinants,420.585,85,0,697.572,0.6029270096850218,0.0
CBO,cbo.outlay.social_security,outlay_mandatory,24-36,modelling_other,255.134,86,0,697.572,0.36574575814396215,0.0
CBO,cbo.outlay.social_security,outlay_mandatory,24-36,policy,21.853,83,0,697.572,0.03132723217101604,0.0
CBO,cbo.outlay.social_security,outlay_mandatory,36+,economic_determinants,4595.02,610,0,7360.374,0.6242916460495079,0.0
CBO,cbo.outlay.social_security,outlay_mandatory,36+,modelling_other,2608.689,618,0,7360.374,0.3544234301137415,0.0
CBO,cbo.outlay.social_security,outlay_mandatory,36+,policy,156.665,596,0,7360.374,0.021284923836750687,0.0
CBO,cbo.outlay.social_security,outlay_mandatory,6-12,economic_determinants,57.362,50,0,185.71099999999998,0.30887777245289727,0.0
CBO,cbo.outlay.social_security,outlay_mandatory,6-12,modelling_other,88.685,51,0,185.71099999999998,0.477543064223444,0.0
CBO,cbo.outlay.social_security,outlay_mandatory,6-12,policy,39.664,50,0,185.71099999999998,0.21357916332365884,0.0
CBO,cbo.outlay.total,aggregate,0-6,economic_determinants,291.671,40,0,4242.998,0.06874172460133142,0.0
CBO,cbo.outlay.total,aggregate,0-6,modelling_other,583.6800000000001,6,0,4242.998,0.1375631098576997,0.0
CBO,cbo.outlay.total,aggregate,0-6,policy,3367.647,40,0,4242.998,0.793695165540969,0.0
CBO,cbo.outlay.total,aggregate,12-24,economic_determinants,1452.573,94,0,5884.911,0.2468300710070212,0.0
CBO,cbo.outlay.total,aggregate,12-24,modelling_other,798.08,13,0,5884.911,0.13561462526790974,0.0
CBO,cbo.outlay.total,aggregate,12-24,policy,3634.258,96,0,5884.911,0.6175553037250691,0.0
CBO,cbo.outlay.total,aggregate,24-36,economic_determinants,2065.106,92,0,6193.747,0.33341788096930663,0.0
CBO,cbo.outlay.total,aggregate,24-36,modelling_other,632.767,13,0,6193.747,0.10216222909976788,0.0
CBO,cbo.outlay.total,aggregate,24-36,policy,3495.874,94,0,6193.747,0.5644198899309254,0.0
CBO,cbo.outlay.total,aggregate,36+,economic_determinants,24330.22,620,0,64807.022,0.3754256753226526,0.0
CBO,cbo.outlay.total,aggregate,36+,modelling_other,4940.085,98,0,64807.022,0.07622761928483614,0.0
CBO,cbo.outlay.total,aggregate,36+,policy,35536.717,635,0,64807.022,0.5483467053925113,0.0
CBO,cbo.outlay.total,aggregate,6-12,economic_determinants,491.056,57,0,3072.326,0.15983199699511053,0.0
CBO,cbo.outlay.total,aggregate,6-12,modelling_other,495.996,7,0,3072.326,0.16143989928152155,0.0
CBO,cbo.outlay.total,aggregate,6-12,policy,2085.274,59,0,3072.326,0.6787281037233679,0.0
CBO,cbo.outlay.total_discretionary,outlay_discretionary,0-6,economic_determinants,1.187,40,0,995.074,0.0011928761077065627,0.0
CBO,cbo.outlay.total_discretionary,outlay_discretionary,0-6,modelling_other,302.746,40,0,995.074,0.304244709438695,0.0
CBO,cbo.outlay.total_discretionary,outlay_discretionary,0-6,policy,691.141,40,0,995.074,0.6945624144535985,0.0
CBO,cbo.outlay.total_discretionary,outlay_discretionary,12-24,economic_determinants,77.256,87,0,2836.125,0.027239984133280444,0.0
CBO,cbo.outlay.total_discretionary,outlay_discretionary,12-24,modelling_other,373.34499999999997,88,0,2836.125,0.13163912027854907,0.0
CBO,cbo.outlay.total_discretionary,outlay_discretionary,12-24,policy,2385.524,89,0,2836.125,0.8411208955881705,0.0
CBO,cbo.outlay.total_discretionary,outlay_discretionary,24-36,economic_determinants,148.995,85,0,2972.521,0.05012412023329692,0.0
CBO,cbo.outlay.total_discretionary,outlay_discretionary,24-36,modelling_other,199.82999999999998,86,0,2972.521,0.06722576560434727,0.0
CBO,cbo.outlay.total_discretionary,outlay_discretionary,24-36,policy,2623.696,87,0,2972.521,0.8826501141623557,0.0
CBO,cbo.outlay.total_discretionary,outlay_discretionary,36+,economic_determinants,2767.039,609,0,27309.828,0.1013202646314726,0.0
CBO,cbo.outlay.total_discretionary,outlay_discretionary,36+,modelling_other,1143.446,617,0,27309.828,0.041869395881951356,0.0
CBO,cbo.outlay.total_discretionary,outlay_discretionary,36+,policy,23399.343,624,0,27309.828,0.856810339486576,0.0
CBO,cbo.outlay.total_discretionary,outlay_discretionary,6-12,economic_determinants,8.61,50,0,1043.525,0.008250880429314102,0.0
CBO,cbo.outlay.total_discretionary,outlay_discretionary,6-12,modelling_other,301.763,51,0,1043.525,0.28917658896528586,0.0
CBO,cbo.outlay.total_discretionary,outlay_discretionary,6-12,policy,733.152,52,0,1043.525,0.7025725306053999,0.0
CBO,cbo.outlay.total_mandatory,outlay_mandatory,0-6,economic_determinants,234.045,40,0,4104.376,0.057023284416437475,0.0
CBO,cbo.outlay.total_mandatory,outlay_mandatory,0-6,modelling_other,1183.441,40,0,4104.376,0.2883363999789493,0.0
CBO,cbo.outlay.total_mandatory,outlay_mandatory,0-6,policy,2686.89,40,0,4104.376,0.6546403156046131,0.0
CBO,cbo.outlay.total_mandatory,outlay_mandatory,12-24,economic_determinants,605.935,87,0,3461.19,0.17506551215044536,0.0
CBO,cbo.outlay.total_mandatory,outlay_mandatory,12-24,modelling_other,1443.571,88,0,3461.19,0.41707360763205714,0.0
CBO,cbo.outlay.total_mandatory,outlay_mandatory,12-24,policy,1411.684,89,0,3461.19,0.40786088021749745,0.0
CBO,cbo.outlay.total_mandatory,outlay_mandatory,24-36,economic_determinants,731.109,85,0,2722.629,0.2685305269282007,0.0
CBO,cbo.outlay.total_mandatory,outlay_mandatory,24-36,modelling_other,1278.013,86,0,2722.629,0.46940402089304123,0.0
CBO,cbo.outlay.total_mandatory,outlay_mandatory,24-36,policy,713.507,87,0,2722.629,0.2620654521787581,0.0
CBO,cbo.outlay.total_mandatory,outlay_mandatory,36+,economic_determinants,9194.571,611,0,25480.337,0.3608496622317044,0.0
CBO,cbo.outlay.total_mandatory,outlay_mandatory,36+,modelling_other,10681.457,620,0,25480.337,0.41920391398277035,0.0
CBO,cbo.outlay.total_mandatory,outlay_mandatory,36+,policy,5604.309,627,0,25480.337,0.21994642378552529,0.0
CBO,cbo.outlay.total_mandatory,outlay_mandatory,6-12,economic_determinants,220.38299999999998,50,0,2822.881,0.07807024100555425,0.0
CBO,cbo.outlay.total_mandatory,outlay_mandatory,6-12,modelling_other,1173.584,51,0,2822.881,0.41573980624758894,0.0
CBO,cbo.outlay.total_mandatory,outlay_mandatory,6-12,policy,1428.914,52,0,2822.881,0.5061899527468569,0.0
OBR,obr.cgt,capital_taxes,0-6,calibration_to_outturn,0.8753801532706824,1,0,3.2949567843683187,0.2656727267026972,0.0
OBR,obr.cgt,capital_taxes,0-6,classification_one_offs,0.0,1,0,3.2949567843683187,0.0,
OBR,obr.cgt,capital_taxes,0-6,economic_determinants,0.010558593874109647,3,1,3.2949567843683187,0.0032044711251452275,1.0
OBR,obr.cgt,capital_taxes,0-6,modelling_other,2.408933609379441,2,1,3.2949567843683187,0.731097178818162,0.6954858849610557
OBR,obr.cgt,capital_taxes,0-6,policy,8.442784408543958e-05,2,1,3.2949567843683187,2.5623353995407672e-05,0.9999999999990696
OBR,obr.cgt,capital_taxes,12-24,calibration_to_outturn,0.708298594881666,1,0,4.508832942773062,0.15709133690946686,0.0
OBR,obr.cgt,capital_taxes,12-24,classification_one_offs,0.0,1,0,4.508832942773062,0.0,
OBR,obr.cgt,capital_taxes,12-24,economic_determinants,0.7810984402635386,3,1,4.508832942773062,0.173237387629434,0.021022624839373057
OBR,obr.cgt,capital_taxes,12-24,modelling_other,2.846672698813887,2,1,4.508832942773062,0.6313546620476698,0.8122728539733608
OBR,obr.cgt,capital_taxes,12-24,policy,0.17276320881397075,2,1,4.508832942773062,0.038316613413429415,0.969191846823818
OBR,obr.cgt,capital_taxes,24-36,calibration_to_outturn,0.8702228107404318,1,0,5.91198669901034,0.14719634110240915,0.0
OBR,obr.cgt,capital_taxes,24-36,classification_one_offs,0.0,1,0,5.91198669901034,0.0,
OBR,obr.cgt,capital_taxes,24-36,economic_determinants,1.2895619021289222,3,1,5.91198669901034,0.21812665822553245,0.19167363564760365
OBR,obr.cgt,capital_taxes,24-36,modelling_other,2.84719448558383,2,1,5.91198669901034,0.4815969031291033,0.9237685918034723
OBR,obr.cgt,capital_taxes,24-36,policy,0.9050075005571561,2,1,5.91198669901034,0.15308009754295512,0.8700879321571636
OBR,obr.cgt,capital_taxes,36+,calibration_to_outturn,2.086328621791984,2,0,26.222120622946996,0.07956368791798771,0.0
OBR,obr.cgt,capital_taxes,36+,classification_one_offs,6.267581068741293,3,0,26.222120622946996,0.23901884820316663,0.0
OBR,obr.cgt,capital_taxes,36+,economic_determinants,3.1837163949353657,7,3,26.222120622946996,0.12141338378823921,0.22440903929443898
OBR,obr.cgt,capital_taxes,36+,modelling_other,9.803570922303841,6,3,26.222120622946996,0.3738664413634315,0.9821018773027401
OBR,obr.cgt,capital_taxes,36+,policy,4.8809236151745115,6,3,26.222120622946996,0.18613763872717495,0.8343182757302235
OBR,obr.fuel,duties,0-6,economic_determinants,0.0,1,0,7.920678646606298,0.0,
OBR,obr.fuel,duties,0-6,modelling_other,5.52453896580604,7,5,7.920678646606298,0.6974830329940339,0.5392383978465716
OBR,obr.fuel,duties,0-6,policy,2.3961396808002573,3,0,7.920678646606298,0.30251696700596603,0.0
OBR,obr.fuel,duties,12-24,economic_determinants,0.5,1,0,13.041394415176825,0.038339458502852176,0.0
OBR,obr.fuel,duties,12-24,modelling_other,3.039243268942837,7,5,13.041394415176825,0.23304588237941337,0.8457391712795063
OBR,obr.fuel,duties,12-24,policy,9.502151146233988,3,0,13.041394415176825,0.7286146591177345,0.0
OBR,obr.fuel,duties,24-36,economic_determinants,0.5,1,0,9.347223078977255,0.053491822734448795,0.0
OBR,obr.fuel,duties,24-36,modelling_other,4.351067902201793,7,5,9.347223078977255,0.4654931058602566,0.733304585939487
OBR,obr.fuel,duties,24-36,policy,4.496155176775461,3,0,9.347223078977255,0.4810150714052945,0.0
OBR,obr.fuel,duties,36+,economic_determinants,1.2000000000000002,3,0,22.491679701128366,0.05335306281903874,0.0
OBR,obr.fuel,duties,36+,modelling_other,12.434550953970083,17,13,22.491679701128366,0.5528511484780866,0.8122835557384617
OBR,obr.fuel,duties,36+,policy,8.857128747158283,7,0,22.491679701128366,0.39379578870287474,0.0
OBR,obr.fuel,duties,<0,modelling_other,7.022004165131567,4,2,7.022004165131567,1.0,0.9648868226208663
OBR,obr.fuel,duties,<0,policy,0.0,2,0,7.022004165131567,0.0,
OBR,obr.it_nics,income_taxes,0-6,calibration_to_outturn,7.693147099151226,9,1,85.437983833954,0.09004364047380393,0.1175562477091524
OBR,obr.it_nics,income_taxes,0-6,economic_determinants,32.32101044760344,45,4,85.437983833954,0.3782979068234838,0.10828869368654037
OBR,obr.it_nics,income_taxes,0-6,modelling_other,45.22382628719932,68,33,85.437983833954,0.529317573493897,0.6298985504657119
OBR,obr.it_nics,income_taxes,0-6,policy,0.2,17,0,85.437983833954,0.002340879208815293,0.0
OBR,obr.it_nics,income_taxes,12-24,calibration_to_outturn,10.333787784156128,11,1,141.82874853880264,0.07286102352746156,0.04525806840859893
OBR,obr.it_nics,income_taxes,12-24,economic_determinants,62.4096645873106,49,4,141.82874853880264,0.44003536116823355,0.06409263735753672
OBR,obr.it_nics,income_taxes,12-24,modelling_other,55.84787334665201,72,35,141.82874853880264,0.39376976756847504,0.6228757723518723
OBR,obr.it_nics,income_taxes,12-24,policy,13.2374228206839,25,1,141.82874853880264,0.09333384773582981,0.02266302165186114
OBR,obr.it_nics,income_taxes,24-36,calibration_to_outturn,11.590805757077357,11,1,182.6597024443101,0.06345573545763987,0.09957383386484377
OBR,obr.it_nics,income_taxes,24-36,economic_determinants,86.9845619042075,49,4,182.6597024443101,0.47621101282986944,0.06437924014800521
OBR,obr.it_nics,income_taxes,24-36,modelling_other,65.95535408226266,72,35,182.6597024443101,0.36108322306268587,0.6433353416836517
OBR,obr.it_nics,income_taxes,24-36,policy,18.128980700762597,25,1,182.6597024443101,0.09925002864980478,0.027580149609788458
OBR,obr.it_nics,income_taxes,36+,calibration_to_outturn,32.332624476100904,30,3,517.736491233287,0.062449962526462406,0.1165445528189662
OBR,obr.it_nics,income_taxes,36+,economic_determinants,253.87832652813677,126,11,517.736491233287,0.4903620487004492,0.05711397344661872
OBR,obr.it_nics,income_taxes,36+,modelling_other,170.74962215486417,182,85,517.736491233287,0.3298002459670668,0.617686026782287
OBR,obr.it_nics,income_taxes,36+,policy,60.77591807418511,61,2,517.736491233287,0.11738774280602152,0.008226942773446605
OBR,obr.it_nics,income_taxes,6-12,calibration_to_outturn,2.7,2,0,5.699999999999999,0.4736842105263159,0.0
OBR,obr.it_nics,income_taxes,6-12,economic_determinants,0.7999999999999999,4,0,5.699999999999999,0.14035087719298245,0.0
OBR,obr.it_nics,income_taxes,6-12,modelling_other,1.8,4,2,5.699999999999999,0.31578947368421056,0.5555555555555556
OBR,obr.it_nics,income_taxes,6-12,policy,0.4,8,1,5.699999999999999,0.07017543859649124,0.0
OBR,obr.nics,income_taxes,0-6,economic_determinants,3.425813682291717,2,0,14.73151303659446,0.2325500221044284,0.0
OBR,obr.nics,income_taxes,0-6,modelling_other,10.264011007709069,6,3,14.73151303659446,0.6967384125590022,0.46085683790496024
OBR,obr.nics,income_taxes,0-6,policy,1.0416883465936737,4,1,14.73151303659446,0.07071156533656944,0.004846865489278697
OBR,obr.nics,income_taxes,12-24,economic_determinants,6.6826572622778695,2,0,45.62138748493129,0.14648079838617678,0.0
OBR,obr.nics,income_taxes,12-24,modelling_other,12.92957468264092,6,3,45.62138748493129,0.2834103782334886,0.5466328730778752
OBR,obr.nics,income_taxes,12-24,policy,26.0091555400125,4,1,45.62138748493129,0.5701088233803346,0.003282580803665464
OBR,obr.nics,income_taxes,24-36,economic_determinants,7.126532380709707,2,0,47.798204883215405,0.14909623485069892,0.0
OBR,obr.nics,income_taxes,24-36,modelling_other,14.678258528968152,6,3,47.798204883215405,0.3070880708769568,0.5465506337151054
OBR,obr.nics,income_taxes,24-36,policy,25.993413973537542,4,1,47.798204883215405,0.5438156942723443,0.00035208991649442385
OBR,obr.nics,income_taxes,36+,economic_determinants,14.020037464919122,4,0,135.26800664973462,0.10364636703210137,0.0
OBR,obr.nics,income_taxes,36+,modelling_other,38.16097043746449,12,6,135.26800664973462,0.2821137930736215,0.5883467327117495
OBR,obr.nics,income_taxes,36+,policy,83.086998747351,10,2,135.26800664973462,0.6142398398942771,0.06340074748657379
OBR,obr.nonsa_it,income_taxes,0-6,economic_determinants,2.3840765893439437,2,0,15.850918974068357,0.15040620630540247,0.0
OBR,obr.nonsa_it,income_taxes,0-6,modelling_other,11.581327736965335,6,3,15.850918974068357,0.7306407758384262,0.15934111701530856
OBR,obr.nonsa_it,income_taxes,0-6,policy,1.8855146477590798,4,1,15.850918974068357,0.11895301785617143,0.03872837462264652
OBR,obr.nonsa_it,income_taxes,12-24,economic_determinants,7.660308668827912,2,0,24.018395951298785,0.3189350647878583,0.0
OBR,obr.nonsa_it,income_taxes,12-24,modelling_other,11.841631890995929,6,3,24.018395951298785,0.4930234273348965,0.18692340228735102
OBR,obr.nonsa_it,income_taxes,12-24,policy,4.516455391474947,4,1,24.018395951298785,0.1880415078772453,0.07738180148974923
OBR,obr.nonsa_it,income_taxes,24-36,economic_determinants,8.336618287801556,2,0,31.896613628240466,0.26136374177415883,0.0
OBR,obr.nonsa_it,income_taxes,24-36,modelling_other,15.870634708042292,6,3,31.896613628240466,0.49756487923817805,0.2257763273649356
OBR,obr.nonsa_it,income_taxes,24-36,policy,7.689360632396617,4,1,31.896613628240466,0.2410713789876631,0.15164660220270076
OBR,obr.nonsa_it,income_taxes,36+,economic_determinants,16.088106645677385,4,0,93.8881555880483,0.17135395348766821,0.0
OBR,obr.nonsa_it,income_taxes,36+,modelling_other,42.59719019388097,12,6,93.8881555880483,0.45370142726824925,0.5290629053417903
OBR,obr.nonsa_it,income_taxes,36+,policy,35.20285874848995,10,2,93.8881555880483,0.3749446192440825,0.4504392994775563
OBR,obr.nonsa_it_nics,income_taxes,0-6,calibration_to_outturn,12.69834992356572,9,2,147.95200147254894,0.0858274967366479,0.10815095979270323
OBR,obr.nonsa_it_nics,income_taxes,0-6,economic_determinants,77.2893005264809,33,3,147.95200147254894,0.5223944235781168,0.2310180623613194
OBR,obr.nonsa_it_nics,income_taxes,0-6,modelling_other,50.970305205608355,26,5,147.95200147254894,0.344505682236853,0.28122714799190157
OBR,obr.nonsa_it_nics,income_taxes,0-6,policy,6.994045816893972,21,8,147.95200147254894,0.04727239744838226,0.619663177251376
OBR,obr.nonsa_it_nics,income_taxes,12-24,calibration_to_outturn,10.800649241597306,9,2,295.95385917078454,0.03649436865550258,0.16485384588951651
OBR,obr.nonsa_it_nics,income_taxes,12-24,economic_determinants,131.89446379529548,33,3,295.95385917078454,0.44565887454498043,0.2228229488244606
OBR,obr.nonsa_it_nics,income_taxes,12-24,modelling_other,61.71999721453205,26,5,295.95385917078454,0.2085460125016164,0.34035479946596986
OBR,obr.nonsa_it_nics,income_taxes,12-24,policy,91.53874891935969,21,8,295.95385917078454,0.3093007442979005,0.6541933700288418
OBR,obr.nonsa_it_nics,income_taxes,24-36,calibration_to_outturn,13.354946726814275,9,2,314.9128043198446,0.0424083954149104,0.1279384766821313
OBR,obr.nonsa_it_nics,income_taxes,24-36,economic_determinants,138.4635556036716,33,3,314.9128043198446,0.43968855411493396,0.20989408484962965
OBR,obr.nonsa_it_nics,income_taxes,24-36,modelling_other,56.367073752572416,26,5,314.9128043198446,0.1789926385315301,0.4132240315286778
OBR,obr.nonsa_it_nics,income_taxes,24-36,policy,106.72722823678632,21,8,314.9128043198446,0.33891041193862553,0.6751683628581113
OBR,obr.nonsa_it_nics,income_taxes,36+,calibration_to_outturn,30.555653376690806,23,5,705.6114812033256,0.043303792796259837,0.15187681703227834
OBR,obr.nonsa_it_nics,income_taxes,36+,economic_determinants,318.0859077127994,76,6,705.6114812033256,0.4507946882756876,0.17411328692249778
OBR,obr.nonsa_it_nics,income_taxes,36+,modelling_other,135.8179524942952,63,13,705.6114812033256,0.19248262834765092,0.4059703944210746
OBR,obr.nonsa_it_nics,income_taxes,36+,policy,221.15196761954022,51,18,705.6114812033256,0.3134188905804016,0.5690282429600333
OBR,obr.nonsa_it_nics,income_taxes,<0,economic_determinants,19.84196831951019,4,0,57.230870577238534,0.3467004453956638,0.0
OBR,obr.nonsa_it_nics,income_taxes,<0,modelling_other,24.715226948820312,6,0,57.230870577238534,0.43185131904405943,0.0
OBR,obr.nonsa_it_nics,income_taxes,<0,policy,12.673675308908031,4,4,57.230870577238534,0.22144823556027676,1.0
OBR,obr.onshore,business_taxes,0-6,calibration_to_outturn,21.189119458284218,10,3,152.14383356348725,0.13927031389965816,0.40133318474600865
OBR,obr.onshore,business_taxes,0-6,economic_determinants,37.81559236947065,71,17,152.14383356348725,0.24855159413142297,0.17159543936299307
OBR,obr.onshore,business_taxes,0-6,modelling_other,65.62482348271878,44,21,152.14383356348725,0.4313340997506453,0.22527523868456104
OBR,obr.onshore,business_taxes,0-6,policy,27.51429825301361,36,6,152.14383356348725,0.18084399221827366,0.8066311193924633
OBR,obr.onshore,business_taxes,12-24,calibration_to_outturn,11.73561343494479,10,3,163.1370485139033,0.07193714451652977,0.33787017334070873
OBR,obr.onshore,business_taxes,12-24,economic_determinants,45.42840935392992,74,17,163.1370485139033,0.27846776540191176,0.3138042554595116
OBR,obr.onshore,business_taxes,12-24,modelling_other,56.39231836670163,46,22,163.1370485139033,0.3456745042306905,0.3290464674184387
OBR,obr.onshore,business_taxes,12-24,policy,49.58070735832695,42,7,163.1370485139033,0.3039205858508679,0.5893547890619667
OBR,obr.onshore,business_taxes,24-36,calibration_to_outturn,10.927628087520677,10,3,199.9067788569073,0.05466361946306304,0.20492143603728188
OBR,obr.onshore,business_taxes,24-36,economic_determinants,56.37546111031158,74,17,199.9067788569073,0.28200875144241594,0.27336199547536033
OBR,obr.onshore,business_taxes,24-36,modelling_other,56.791441905893016,46,22,199.9067788569073,0.2840896253275341,0.3579315793455006
OBR,obr.onshore,business_taxes,24-36,policy,75.81224775318202,42,7,199.9067788569073,0.37923800376698685,0.47879250287460196
OBR,obr.onshore,business_taxes,36+,calibration_to_outturn,27.474957200555476,25,7,501.04275825943614,0.05483555394753186,0.1772906651857713
OBR,obr.onshore,business_taxes,36+,economic_determinants,150.28243595334993,184,42,501.04275825943614,0.29993934345127254,0.2245351349795005
OBR,obr.onshore,business_taxes,36+,modelling_other,135.6351866908693,114,54,501.04275825943614,0.2707058119391847,0.3716384792098774
OBR,obr.onshore,business_taxes,36+,policy,187.65017841466144,105,15,501.04275825943614,0.37451929066201095,0.3579200533275114
OBR,obr.onshore,business_taxes,6-12,economic_determinants,0.4,3,0,1.1,0.36363636363636365,0.0
OBR,obr.onshore,business_taxes,6-12,modelling_other,0.4,2,1,1.1,0.36363636363636365,0.25
OBR,obr.onshore,business_taxes,6-12,policy,0.30000000000000004,6,1,1.1,0.27272727272727276,0.3333333333333333
OBR,obr.onshore,business_taxes,<0,calibration_to_outturn,6.644260439864624,1,1,27.15978088748266,0.24463601040783123,1.0
OBR,obr.onshore,business_taxes,<0,economic_determinants,5.847623258527447,5,0,27.15978088748266,0.2153045078954406,0.0
OBR,obr.onshore,business_taxes,<0,modelling_other,13.623250474797869,5,0,27.15978088748266,0.5015964794132975,0.0
OBR,obr.onshore,business_taxes,<0,policy,1.0446467142927203,4,3,27.15978088748266,0.038463002283430595,1.0
OBR,obr.psnb_gbp,aggregate,0-6,classification_one_offs,28.327732617617322,21,0,611.649767665077,0.04631364894612178,0.0
OBR,obr.psnb_gbp,aggregate,0-6,policy,168.0374075709972,31,0,611.649767665077,0.2747281474698605,0.0
OBR,obr.psnb_gbp,aggregate,0-6,underlying_unsplit,415.2846274764624,31,0,611.649767665077,0.6789582035840176,0.0
OBR,obr.psnb_gbp,aggregate,12-24,classification_one_offs,54.279352267192934,22,0,645.401614432189,0.08410166794352814,0.0
OBR,obr.psnb_gbp,aggregate,12-24,policy,256.35022157327916,32,0,645.401614432189,0.39719488740171616,0.0
OBR,obr.psnb_gbp,aggregate,12-24,underlying_unsplit,334.772040591717,32,0,645.401614432189,0.5187034446547557,0.0
OBR,obr.psnb_gbp,aggregate,24-36,classification_one_offs,24.609539658421134,22,0,594.5738949758552,0.0413902121609636,0.0
OBR,obr.psnb_gbp,aggregate,24-36,policy,205.8091568990473,32,0,594.5738949758552,0.3461456324237123,0.0
OBR,obr.psnb_gbp,aggregate,24-36,underlying_unsplit,364.15519841838676,32,0,594.5738949758552,0.6124641554153241,0.0
OBR,obr.psnb_gbp,aggregate,36+,classification_one_offs,57.66835089094306,56,0,2062.2750064554225,0.027963463025264375,0.0
OBR,obr.psnb_gbp,aggregate,36+,policy,978.741965309533,96,0,2062.2750064554225,0.47459333127048164,0.0
OBR,obr.psnb_gbp,aggregate,36+,underlying_unsplit,1025.8646902549465,82,0,2062.2750064554225,0.497443205704254,0.0
OBR,obr.psnb_gbp,aggregate,6-12,classification_one_offs,0.0,1,0,5.7,0.0,
OBR,obr.psnb_gbp,aggregate,6-12,policy,2.8,1,0,5.7,0.49122807017543857,0.0
OBR,obr.psnb_gbp,aggregate,6-12,underlying_unsplit,2.9000000000000004,1,0,5.7,0.5087719298245614,0.0
OBR,obr.ptt,capital_taxes,0-6,calibration_to_outturn,2.220769238152199,5,0,11.519981296812436,0.19277542045720883,0.0
OBR,obr.ptt,capital_taxes,0-6,economic_determinants,6.150208868046237,17,5,11.519981296812436,0.5338731643382087,0.1243779052521951
OBR,obr.ptt,capital_taxes,0-6,modelling_other,0.5247243302345788,2,2,11.519981296812436,0.045549060950278566,1.0
OBR,obr.ptt,capital_taxes,0-6,policy,2.6242788603794205,7,1,11.519981296812436,0.22780235425430378,0.001268470525736252
OBR,obr.ptt,capital_taxes,12-24,calibration_to_outturn,4.434379235249173,5,0,17.793698556063323,0.2492106529329805,0.0
OBR,obr.ptt,capital_taxes,12-24,economic_determinants,9.496467104831531,17,5,17.793698556063323,0.533698324432699,0.13814797781115448
OBR,obr.ptt,capital_taxes,12-24,modelling_other,0.7110283344166654,2,2,17.793698556063323,0.039959558277128264,1.0
OBR,obr.ptt,capital_taxes,12-24,policy,3.1518238815659525,7,1,17.793698556063323,0.17713146435719218,0.07250633362309794
OBR,obr.ptt,capital_taxes,24-36,calibration_to_outturn,3.5165198660916364,5,0,16.374881079180152,0.21475086439331253,0.0
OBR,obr.ptt,capital_taxes,24-36,economic_determinants,10.836486581088556,17,5,16.374881079180152,0.6617749789258995,0.14168450100202556
OBR,obr.ptt,capital_taxes,24-36,modelling_other,0.7120522418323155,2,2,16.374881079180152,0.04348442217010385,1.0
OBR,obr.ptt,capital_taxes,24-36,policy,1.3098223901676442,7,1,16.374881079180152,0.07998973451068407,0.2226226116746925
OBR,obr.ptt,capital_taxes,36+,calibration_to_outturn,5.415374660349886,11,0,32.13116899990971,0.16853960901220566,0.0
OBR,obr.ptt,capital_taxes,36+,economic_determinants,22.770600701798593,37,11,32.13116899990971,0.7086763852837903,0.14838521337923935
OBR,obr.ptt,capital_taxes,36+,modelling_other,1.5365086610846652,5,5,32.13116899990971,0.04781988047459409,1.0
OBR,obr.ptt,capital_taxes,36+,policy,2.4086849766765672,19,3,32.13116899990971,0.07496412522940997,0.1616137375228298
OBR,obr.sa_it,income_taxes,0-6,calibration_to_outturn,5.276709008158672,2,0,18.415637248055226,0.28653415231210183,0.0
OBR,obr.sa_it,income_taxes,0-6,economic_determinants,1.4768653957388451,11,0,18.415637248055226,0.08019626884727048,0.0
OBR,obr.sa_it,income_taxes,0-6,modelling_other,11.609304400061946,31,21,18.415637248055226,0.6304047068090429,0.4845392702386157
OBR,obr.sa_it,income_taxes,0-6,policy,0.052758444095764356,11,4,18.415637248055226,0.0028648720315847817,0.8418711804138375
OBR,obr.sa_it,income_taxes,12-24,calibration_to_outturn,4.139483535535968,2,0,24.76012533297571,0.16718346453694943,0.0
OBR,obr.sa_it,income_taxes,12-24,economic_determinants,5.299156523824924,11,0,24.76012533297571,0.214019777871135,0.0
OBR,obr.sa_it,income_taxes,12-24,modelling_other,14.493291561245723,31,21,24.76012533297571,0.5853480693792553,0.41805955281981094
OBR,obr.sa_it,income_taxes,12-24,policy,0.8281937123690948,11,4,24.76012533297571,0.033448688212660234,0.7257020846776473
OBR,obr.sa_it,income_taxes,24-36,calibration_to_outturn,4.674183748218958,2,0,32.662308614028234,0.1431063493843613,0.0
OBR,obr.sa_it,income_taxes,24-36,economic_determinants,8.991322736167001,11,0,32.662308614028234,0.2752812987721661,0.0
OBR,obr.sa_it,income_taxes,24-36,modelling_other,15.061351173414872,31,21,32.662308614028234,0.4611232889688063,0.5084894786972671
OBR,obr.sa_it,income_taxes,24-36,policy,3.9354509562274007,11,4,32.662308614028234,0.12048906287466624,0.6241570663952034
OBR,obr.sa_it,income_taxes,36+,calibration_to_outturn,15.274118495758383,6,0,98.42836935714115,0.15518004205004357,0.0
OBR,obr.sa_it,income_taxes,36+,economic_determinants,15.622435806231216,27,0,98.42836935714115,0.15871883185980853,0.0
OBR,obr.sa_it,income_taxes,36+,modelling_other,53.562026423744726,74,51,98.42836935714115,0.5441726483286367,0.6388266820607661
OBR,obr.sa_it,income_taxes,36+,policy,13.969788631406828,26,10,98.42836935714115,0.1419284777615113,0.5419329621537191
OBR,obr.vat,consumption_taxes,0-6,calibration_to_outturn,10.202198599972903,13,4,63.902272072040056,0.15965314329467786,0.4962915458072629
OBR,obr.vat,consumption_taxes,0-6,economic_determinants,25.83122706167417,40,18,63.902272072040056,0.4042301818713645,0.701109088720113
OBR,obr.vat,consumption_taxes,0-6,modelling_other,20.398247667860936,53,22,63.902272072040056,0.3192100532022559,0.4670690201073471
OBR,obr.vat,consumption_taxes,0-6,policy,7.47059874253205,26,5,63.902272072040056,0.11690662163170178,0.04521430402335211
OBR,obr.vat,consumption_taxes,12-24,calibration_to_outturn,11.057245499003233,13,4,73.5614846601148,0.15031297356344,0.5576242558663915
OBR,obr.vat,consumption_taxes,12-24,economic_determinants,27.48493605837227,41,18,73.5614846601148,0.3736321552693547,0.5655211031226577
OBR,obr.vat,consumption_taxes,12-24,modelling_other,25.812096432504333,56,23,73.5614846601148,0.35089145565464247,0.48235957459964623
OBR,obr.vat,consumption_taxes,12-24,policy,9.207206670234966,28,5,73.5614846601148,0.12516341551256283,0.08685399165606783
OBR,obr.vat,consumption_taxes,24-36,calibration_to_outturn,7.7575051009260045,13,4,71.86161546109425,0.10795060827885096,0.39466345706630973
OBR,obr.vat,consumption_taxes,24-36,economic_determinants,26.442703165654788,41,18,71.86161546109425,0.36796700152073286,0.44892482519324695
OBR,obr.vat,consumption_taxes,24-36,modelling_other,31.350019564750344,56,23,71.86161546109425,0.43625542459065914,0.4300503570981287
OBR,obr.vat,consumption_taxes,24-36,policy,6.311387629763101,28,5,71.86161546109425,0.08782696560975693,0.19566947646654076
OBR,obr.vat,consumption_taxes,36+,calibration_to_outturn,21.229796621372266,33,10,211.84699089791147,0.10021287784825253,0.43953809859687804
OBR,obr.vat,consumption_taxes,36+,economic_determinants,77.70284256400468,105,46,211.84699089791147,0.3667875679265583,0.4536820562954518
OBR,obr.vat,consumption_taxes,36+,modelling_other,94.75898436492018,140,57,211.84699089791147,0.44729917551948756,0.4197379169800098
OBR,obr.vat,consumption_taxes,36+,policy,18.15536734761435,69,11,211.84699089791147,0.08570037870570169,0.21401542602964413
OBR,obr.vat,consumption_taxes,6-12,economic_determinants,0.6,1,0,2.1,0.2857142857142857,0.0
OBR,obr.vat,consumption_taxes,6-12,modelling_other,1.4,3,1,2.1,0.6666666666666666,0.8571428571428572
OBR,obr.vat,consumption_taxes,6-12,policy,0.1,2,0,2.1,0.047619047619047616,0.0
