group,series_id,complete_target_periods
CBO,cbo.debt.total,42
CBO,cbo.deficit.total,42
CBO,cbo.outlay.defense_discretionary,28
CBO,cbo.outlay.fannie_freddie,18
CBO,cbo.outlay.medicaid,34
CBO,cbo.outlay.medicare,34
CBO,cbo.outlay.net_interest,34
CBO,cbo.outlay.nondefense_discretionary,28
CBO,cbo.outlay.other_mandatory,34
CBO,cbo.outlay.social_security,34
CBO,cbo.outlay.total,42
CBO,cbo.outlay.total_discretionary,34
CBO,cbo.outlay.total_mandatory,34
CBO,cbo.revenue.corporate_income_taxes,44
CBO,cbo.revenue.customs_duties,44
CBO,cbo.revenue.estate_and_gift_taxes,44
CBO,cbo.revenue.excise_taxes,44
CBO,cbo.revenue.individual_income_taxes,44
CBO,cbo.revenue.miscellaneous_receipts,44
CBO,cbo.revenue.payroll_taxes,44
CBO,cbo.revenue.total,44
HMT,obr.cacb,18
HMT,obr.capsnb,19
HMT,obr.ngdp,34
HMT,obr.pscr,26
HMT,obr.pscr_gbp,26
HMT,obr.psnb,39
HMT,obr.psnb_gbp,45
HMT,obr.psnd,15
HMT,obr.tme,26
HMT,obr.tme_gbp,26
HMT,obr.ukgdp,33
OBR,obr.alcohol,15
OBR,obr.apd,15
OBR,obr.apf,12
OBR,obr.bank,15
OBR,obr.bbccur,15
OBR,obr.beercider,15
OBR,obr.business,15
OBR,obr.businessinv,16
OBR,obr.cacb,17
OBR,obr.capsnb,17
OBR,obr.cb,17
OBR,obr.cb_gbp,17
OBR,obr.ccl,15
OBR,obr.cdel,15
OBR,obr.cgt,17
OBR,obr.council,15
OBR,obr.cpi,17
OBR,obr.ctaxcreds,15
OBR,obr.currentacc_gbp,16
OBR,obr.currentacc_pct_gdp,16
OBR,obr.debtint,15
OBR,obr.deflator,16
OBR,obr.demand,16
OBR,obr.earnings,16
OBR,obr.egl,3
OBR,obr.empl,16
OBR,obr.equityprices,16
OBR,obr.ets,16
OBR,obr.eurogdp,16
OBR,obr.exports,16
OBR,obr.fixedinv,16
OBR,obr.fuel,15
OBR,obr.fundedpensions,7
OBR,obr.gas_prices,16
OBR,obr.gbp_eur_rate,16
OBR,obr.ggdepreciation,15
OBR,obr.ggipensions,12
OBR,obr.gilts,17
OBR,obr.govconsumption,16
OBR,obr.govtinv,16
OBR,obr.hhconsumption,16
OBR,obr.hhnetworthtoincome,16
OBR,obr.houseprices,16
OBR,obr.iht,17
OBR,obr.imports,16
OBR,obr.inventories,16
OBR,obr.ipt,15
OBR,obr.it,17
OBR,obr.lasfecap,15
OBR,obr.lasfecurr,15
OBR,obr.licence,15
OBR,obr.lotterycap,15
OBR,obr.lotterycur,15
OBR,obr.netdebtint,15
OBR,obr.ngdp,17
OBR,obr.nics,17
OBR,obr.nomconsumerspending,17
OBR,obr.non_oilpnfcprofits,16
OBR,obr.nrcap,6
OBR,obr.nrcur,6
OBR,obr.oilandgas,15
OBR,obr.oilprices_gbp,16
OBR,obr.oilprices_usd,16
OBR,obr.onshore,15
OBR,obr.paye_it,17
OBR,obr.pccapex,15
OBR,obr.pcdebtint,11
OBR,obr.pensions,15
OBR,obr.privatedwellingsinv,16
OBR,obr.prod,16
OBR,obr.pscr,17
OBR,obr.pscr_gbp,17
OBR,obr.psdebtint,15
OBR,obr.psnb,17
OBR,obr.psnb_gbp,17
OBR,obr.psnd,17
OBR,obr.psnfl,10
OBR,obr.psni,17
OBR,obr.ptt,17
OBR,obr.rdel,15
OBR,obr.rhhdi,16
OBR,obr.rpi,17
OBR,obr.sa_it,17
OBR,obr.savingratio,16
OBR,obr.shares,17
OBR,obr.shorttermrates,16
OBR,obr.spirits,15
OBR,obr.studentloans,7
OBR,obr.tme,17
OBR,obr.tme_gbp,17
OBR,obr.tobacco,15
OBR,obr.total_welfare,15
OBR,obr.ukexportmarkets,16
OBR,obr.ukgdp,16
OBR,obr.unemplrate,16
OBR,obr.vat,17
OBR,obr.vatrefunds,17
OBR,obr.ved,15
OBR,obr.wages_salaries,16
OBR,obr.welfare_in,12
OBR,obr.welfare_out,12
OBR,obr.wine,15
OBR,obr.worldgdp,16
OBR,obr.worldtrade,16
