kind,receipts_by_head,receipts_sources,tax_drivers,tax_drivers,tax_drivers,tax_drivers,tax_drivers,tax_drivers,tax_drivers,tax_drivers,tax_drivers,tax_drivers,tax_drivers,tax_drivers,tax_drivers,tax_drivers,tax_drivers,tax_drivers,tax_drivers,tax_drivers,tax_drivers,tax_drivers,tax_drivers,tax_drivers,tax_drivers,tax_drivers
subject,current receipts,receipts,income tax and nics,onshore corporation tax,vat,the stamp duty land tax,the income tax and nics,the onshore corporation tax,the vat,corporation tax,fuel duties,non-sa income tax and nics,the property transactions taxes,the sa income tax,the non-sa income tax and nics,the capital gains tax,property transaction taxes,sa income tax,"non-sa income tax, nics and health and social care levy","non-sa income tax, nics",capital gains tax,it and nics,the paye income tax and nics,nics,non-sa income tax,"non-sa income tax, nics, and health and social care levy"
vintage_label,,,,,,,,,,,,,,,,,,,,,,,,,,
December 2012,T4.7,T4.8,T4.10,T4.12,T4.11,,,,,,,,,,,,,,,,,,,,,
December 2013,T4.6,T4.7,T4.9,T4.11,T4.10,T4.13,,,,,,,,,,,,,,,,,,,,
December 2014,T4.6,T4.8,,,,,T4.10,T4.12,T4.11,,,,,,,,,,,,,,,,,
July 2015,T4.6,T4.7,,,,,T4.8,T4.10,T4.9,,,,,,,,,,,,,,,,,
March 2011,T4.8,,T4.9,,T4.10,,,,,T4.11,T4.13,,,,,,,,,,,,,,,
March 2012,T4.8,,,T4.12,T4.11,,,,,,,,,,,,,,,,,,,,,
March 2013,T4.8,,T4.10,T4.12,T4.11,,,,,,,,,,,,,,,,,,,,,
March 2014,T4.6,T4.7,,,,,T4.8,T4.10,T4.9,,,,,,,,,,,,,,,,,
March 2015,T4.6,T4.7,,,,,T4.8,T4.10,T4.9,,,,,,,,,,,,,,,,,
March 2016,T4.7,T4.8,,,,,T4.10,T4.12,T4.11,,,,,,,,,,,,,,,,,
March 2017,T4.7,T4.8,,,,,T4.9,T4.12,T4.10,,,,,,,,,,,,,,,,,
March 2018,T4.7,T4.8,,,,,,T4.12,T4.11,,,T4.9,T4.14,T4.10,,,,,,,,,,,,
March 2019,T4.4,T4.5,,,,,,T4.9,T4.8,,,,,T4.7,T4.6,,,,,,,,,,,
March 2020,T3.4,T3.5,,,,,,T3.9,T3.8,,,,T3.10,T3.7,T3.6,T3.11,,,,,,,,,,
March 2021,T3.5,T3.3,,,T3.9,,,,,T3.10,,T3.7,,,,,T3.11,T3.8,,,,,,,,
March 2022,T3.5,T3.3,,,T3.10,,,,,T3.11,T3.13,,,,,,T3.12,T3.9,T3.7,,,,,,,
March 2023,TA.6,T4.1,,T4.4,,,,,,,,,,,,,,,,T4.2,,,,,,
March 2024,TA.6,T4.1,,T4.3,,,,,,,,T4.2,,,,,,,,,,,,,,
March 2025,TA.6,T4.2,,,,,,,,,,T4.3,,,,,,T4.4,,,T4.5,,,,,
March 2026,TA.6,T3.2,,T3.6,T3.5,,,,,,,T3.3,,,,,,T3.4,,,,,,,,
November 2010,T4.7,,,,T4.9,,,,,T4.10,,,,,,,,,,,,T4.8,,,,
November 2011,T4.8,,T4.11,T4.13,T4.12,,,,,,,,,,,,,,,,,,,,,
November 2015,T4.7,T4.8,,,,,T4.10,T4.12,T4.11,,,,,,,,,,,,,,,,,
November 2016,T4.7,T4.8,,,,,T4.11,T4.13,T4.12,,,,,,,,,,,,,,,,,
November 2017,T4.7,T4.8,,,,,,T4.13,T4.12,,,,T4.14,T4.11,,,,,,,,,T4.10,,,
November 2020,T3.4,,,,,,,,,,,,,,,,,,,,,,,,,
November 2022,TA.7,,,,,,,,,,,,,,,,,,,,,,,,,
November 2023,TA.6,T4.1,,T4.3,,,,,,,,T4.2,,,,,,,,,,,,,,
November 2025,TA.6,T4.2,,,T4.6,,,,,,,,,,,,,T4.5,,,,,,T4.4,T4.3,
October 2018,T4.7,T4.8,,,,,,T4.13,T4.12,,,,T4.15,T4.11,T4.10,,,,,,,,,,,
October 2021,T3.5,T3.3,,,T3.9,,,,,T3.10,,,,,,,T3.11,T3.8,,,,,,,,T3.7
October 2024,TA.6,T4.2,,,,,,,,,,,,,,,,,,,,,,T4.4,T4.3,
