vintage_label,doc_id,title,url,path,status
December 2012,obr_0e3bf13270,Economic and fiscal outlook charts and tables - December 2012,https://obr.uk/download/economic-and-fiscal-outlook-charts-and-tables-december-2012-2/,raw/documents/obr/efo_tables/December_2012/Copy-of-December-2012-EFO-charts-and-tables.xls,
December 2013,obr_57c9a6afe1,Economic and fiscal outlook charts and tables - December 2013,https://obr.uk/download/economic-and-fiscal-outlook-charts-and-tables-december-2013/,raw/documents/obr/efo_tables/December_2013/December-2013-EFO-Charts-and-Tables2.xls,
December 2014,obr_b6324c43cc,Economic and fiscal outlook charts and tables - December 2014,https://obr.uk/download/economic-and-fiscal-outlook-charts-and-tables-december-2014/,,https://obr.uk/download/economic-and-fiscal-outlook-charts-and-tables-december-2014/: no usable Wayback capture
July 2015,obr_1f8b6d6edc,Economic and fiscal outlook charts and tables - July 2015,https://obr.uk/download/economic-and-fiscal-outlook-charts-and-tables-july-2015/,raw/documents/obr/efo_tables/July_2015/July-2015-Charts-and-tables.xls,
March 2011,obr_7b93d7fd8d,March 2011 economic and fiscal outlook charts and tables,https://obr.uk/download/march-2011-economic-and-fiscal-outlook-charts-and-tables/,,https://obr.uk/download/march-2011-economic-and-fiscal-outlook-charts-and-tables/: no usable Wayback capture
March 2012,obr_3576af0537,Economic and fiscal outlook charts and tables - March 2012,https://obr.uk/download/economic-and-fiscal-outlook-charts-and-tables-march-2012/,raw/documents/obr/efo_tables/March_2012/March-2012-EFO-charts-and-tables.xls,
March 2013,obr_243296ad5e,Economic and fiscal outlook charts and tables - March 2013,https://obr.uk/download/economic-and-fiscal-outlook-charts-and-tables-march-2013-3/,raw/documents/obr/efo_tables/March_2013/Copy-of-March-2013-EFO-charts-and-tables.xls,
March 2014,obr_ee9a102795,Economic and fiscal outlook charts and tables - March 2014,https://obr.uk/download/economic-and-fiscal-outlook-charts-and-tables-march-2014/,raw/documents/obr/efo_tables/March_2014/March_2014_EFO_Charts_and_Tables.xls,
March 2015,obr_7915827c3d,Economic and fiscal outlook charts and tables - March 2015,https://obr.uk/download/economic-and-fiscal-outlook-charts-and-tables-march-2015/,raw/documents/obr/efo_tables/March_2015/Charts-and-Tables-March-2015-Economic-and-fiscal-outlook_03-18.xls,
March 2016,obr_04609425e4,Economic and fiscal outlook charts and tables - March 2016,https://obr.uk/download/economic-and-fiscal-outlook-charts-and-tables-march-2016/,raw/documents/obr/efo_tables/March_2016/Charts_and_tables_March_2016-2.xls,
March 2017,obr_8d37c16cb1,March 2017 Economic and fiscal outlook – charts and tables: fiscal,https://obr.uk/download/march-2017-economic-and-fiscal-outlook-charts-and-tables-fiscal/,raw/documents/obr/efo_tables/March_2017/march-2017-economic-and-fiscal-outlook-charts-and-tables-fiscal,
March 2017,obr_134be423f8,March 2017 Economic and fiscal outlook – charts and tables: economy,https://obr.uk/download/march-2017-economic-and-fiscal-outlook-charts-and-tables-economy/,raw/documents/obr/efo_tables/March_2017/March-2017-EFO-charts-and-tables-economy-1.xlsx,
March 2018,obr_7f513f3505,March 2018 Economic and fiscal outlook – charts and tables: fiscal,https://obr.uk/download/march-2018-economic-and-fiscal-outlook-charts-and-tables-fiscal/,raw/documents/obr/efo_tables/March_2018/Charts_and_tables_chapters_4-B_March_2018_EFO-v2.xlsx,
March 2018,obr_d3e49a0bf5,March 2018 Economic and fiscal outlook – charts and tables: economy,https://obr.uk/download/march-2018-economic-fiscal-outlook-charts-tables-economy/,raw/documents/obr/efo_tables/March_2018/Charts_and_tables_chapters_1-3_March_2018_EFO-v2.xlsx,
March 2019,obr_ee9c4f3b34,March 2019 Economic and fiscal outlook – charts and tables: fiscal,https://obr.uk/download/march-2019-economic-and-fiscal-outlook-charts-and-tables-fiscal/,raw/documents/obr/efo_tables/March_2019/march-2019-economic-and-fiscal-outlook-charts-and-tables-fiscal,
March 2019,obr_bcb7f69d65,March 2019 Economic and fiscal outlook – charts and tables: economy,https://obr.uk/download/march-2019-economic-and-fiscal-outlook-charts-and-tables-economy/,raw/documents/obr/efo_tables/March_2019/march-2019-economic-and-fiscal-outlook-charts-and-tables-economy,
March 2020,obr_3f21d33de1,March 2020 Economic and fiscal outlook – charts and tables: Chapter 2,https://obr.uk/download/march-2020-economic-and-fiscal-outlook-charts-and-tables-chapter-2/,raw/documents/obr/efo_tables/March_2020/Chapter_2_Charts_and_tables_EFO_March_2020.xlsx,
March 2020,obr_e71ceed689,March 2020 Economic and fiscal outlook – charts and tables: Chapter 3,https://obr.uk/download/march-2020-economic-and-fiscal-outlook-charts-and-tables-chapter-3/,raw/documents/obr/efo_tables/March_2020/Chapter_3_Charts_and_tables_EFO_March_2020.xlsx,
March 2020,obr_b12afd1a69,March 2020 Economic and fiscal outlook – charts and tables: Chapter 4,https://obr.uk/download/march-2020-economic-and-fiscal-outlook-charts-and-tables-chapter-4/,raw/documents/obr/efo_tables/March_2020/Chapter_4_Charts_and_tables_EFO_March_2020.xlsx,
March 2020,obr_5a7f667470,March 2020 Economic and fiscal outlook – charts and tables: Annex A,https://obr.uk/download/march-2020-economic-and-fiscal-outlook-charts-and-tables-annex-a/,raw/documents/obr/efo_tables/March_2020/Annex_A_Charts_and_tables_EFO_March_2020.xlsx,
March 2020,obr_4a2e53089a,March 2020 Economic and fiscal outlook – charts and tables: Annex B,https://obr.uk/download/march-2020-economic-and-fiscal-outlook-charts-and-tables-annex-b/,raw/documents/obr/efo_tables/March_2020/Annex_B_Charts_and_tables_EFO_March_2020.xlsx,
March 2021,obr_7778bb3a9a,March 2021 Economic and fiscal outlook – charts and tables: Chapter 2,https://obr.uk/download/march-2021-economic-and-fiscal-outlook-charts-and-tables-chapter-2/,raw/documents/obr/efo_tables/March_2021/march-2021-economic-and-fiscal-outlook-charts-and-tables-chapter-2.xlsx,
March 2021,obr_7e668b63f5,March 2021 Economic and fiscal outlook – charts and tables: Chapter 3,https://obr.uk/download/march-2021-economic-and-fiscal-outlook-charts-and-tables-chapter-3/,raw/documents/obr/efo_tables/March_2021/march-2021-economic-and-fiscal-outlook-charts-and-tables-chapter-3.xlsx,
March 2021,obr_63ba98ab7c,March 2021 Economic and fiscal outlook – charts and tables: Chapter 4,https://obr.uk/download/march-2021-economic-and-fiscal-outlook-charts-and-tables-chapter-4/,raw/documents/obr/efo_tables/March_2021/march-2021-economic-and-fiscal-outlook-charts-and-tables-chapter-4,
March 2021,obr_fc965cf41c,March 2021 Economic and fiscal outlook – charts and tables: Annex A,https://obr.uk/download/march-2021-economic-and-fiscal-outlook-charts-and-tables-annex-a/,raw/documents/obr/efo_tables/March_2021/march-2021-economic-and-fiscal-outlook-charts-and-tables-annex-a,
March 2021,obr_b370582a82,March 2021 Economic and fiscal outlook – charts and tables: Annex B,https://obr.uk/download/march-2021-economic-and-fiscal-outlook-charts-and-tables-annex-b/,raw/documents/obr/efo_tables/March_2021/march-2021-economic-and-fiscal-outlook-charts-and-tables-annex-b,
March 2022,obr_9922d9257d,March 2022 Economic and fiscal outlook – charts and tables: Chapter 2,https://obr.uk/download/march-2022-economic-and-fiscal-outlook-charts-and-tables-chapter-2/,raw/documents/obr/efo_tables/March_2022/Chapter_2_charts_and_tables_March_2022.xlsx,
March 2022,obr_3ad1e75633,March 2022 Economic and fiscal outlook – charts and tables: Chapter 3,https://obr.uk/download/march-2022-economic-and-fiscal-outlook-charts-and-tables-chapter-3/,raw/documents/obr/efo_tables/March_2022/Chapter_3_charts_and_tables_March_2022.xlsx,
March 2022,obr_502792ed34,March 2022 Economic and fiscal outlook – charts and tables: Chapter 4,https://obr.uk/download/march-2022-economic-and-fiscal-outlook-charts-and-tables-chapter-4/,raw/documents/obr/efo_tables/March_2022/Chapter_4_charts_and_tables_March_2022.xlsx,
March 2022,obr_0d28295bc2,March 2022 Economic and fiscal outlook – charts and tables: Annex A,https://obr.uk/download/march-2022-economic-and-fiscal-outlook-charts-and-tables-annex-a/,raw/documents/obr/efo_tables/March_2022/Annex_A_charts_and_tables_March_2022.xlsx,
March 2022,obr_08d63d7050,March 2022 Economic and fiscal outlook – charts and tables: Annex B,https://obr.uk/download/march-2022-economic-and-fiscal-outlook-charts-and-tables-annex-b/,raw/documents/obr/efo_tables/March_2022/Annex_B_charts_and_tables_March_2022.xlsx,
March 2022,obr_1e1cc3e539,March 2022 Economic and fiscal outlook – charts and tables: Annex C,https://obr.uk/download/march-2022-economic-and-fiscal-outlook-charts-and-tables-annex-c/,raw/documents/obr/efo_tables/March_2022/Annex_C_charts_and_tables_March_2022.xlsx,
March 2023,obr_f07628b2ad,March 2023 Economic and fiscal outlook – charts and tables: Chapter 2,https://obr.uk/download/march-2023-economic-and-fiscal-outlook-charts-and-tables-chapter-2/,raw/documents/obr/efo_tables/March_2023/Chapter_2_charts_and_tables_March_2023.xlsx,
March 2023,obr_d278ef4f95,March 2023 Economic and fiscal outlook – charts and tables: Chapter 3,https://obr.uk/download/march-2023-economic-and-fiscal-outlook-charts-and-tables-chapter-3/,raw/documents/obr/efo_tables/March_2023/Chapter_3_charts_and_tables_March_2023-1.xlsx,
March 2023,obr_839b99c7c2,March 2023 Economic and fiscal outlook – charts and tables: Chapter 4,https://obr.uk/download/march-2023-economic-and-fiscal-outlook-charts-and-tables-chapter-4/,raw/documents/obr/efo_tables/March_2023/Chapter_4_charts_and_tables_March_2023.xlsx,
March 2023,obr_11b61c0640,March 2023 Economic and fiscal outlook – charts and tables: Chapter 5,https://obr.uk/download/march-2023-economic-and-fiscal-outlook-charts-and-tables-chapter-5/,raw/documents/obr/efo_tables/March_2023/Chapter_5_charts_and_tables_March_2023.xlsx,
March 2023,obr_1f821b7ac6,March 2023 Economic and fiscal outlook – charts and tables: Annex A,https://obr.uk/download/march-2023-economic-and-fiscal-outlook-charts-and-tables-annex-a/,raw/documents/obr/efo_tables/March_2023/Annex_A_charts_and_tables_March_2023.xlsx,
March 2023,obr_9f3b99bf11,March 2023 Economic and fiscal outlook – charts and tables: Annex B,https://obr.uk/download/march-2023-economic-and-fiscal-outlook-charts-and-tables-annex-b/,raw/documents/obr/efo_tables/March_2023/Annex_B_charts_and_tables_March_2023.xlsx,
March 2024,obr_323abcb123,March 2024 Economic and fiscal outlook – charts and tables: Chapter 2,https://obr.uk/download/march-2024-economic-and-fiscal-outlook-charts-and-tables-chapter-2/,raw/documents/obr/efo_tables/March_2024/Chapter_2_charts_and_tables_March_2024.xlsx,
March 2024,obr_6042a8ddc0,March 2024 Economic and fiscal outlook – charts and tables: Chapter 3,https://obr.uk/download/march-2024-economic-and-fiscal-outlook-charts-and-tables-chapter-3/,raw/documents/obr/efo_tables/March_2024/Chapter_3_charts_and_tables_March_2024.xlsx,
March 2024,obr_6f432dba29,March 2024 Economic and fiscal outlook – charts and tables: Chapter 4,https://obr.uk/download/march-2024-economic-and-fiscal-outlook-charts-and-tables-chapter-4/,raw/documents/obr/efo_tables/March_2024/Chapter_4_charts_and_tables_March_2024.xlsx,
March 2024,obr_3377eee3c5,March 2024 Economic and fiscal outlook – charts and tables: Chapter 5,https://obr.uk/download/march-2024-economic-and-fiscal-outlook-charts-and-tables-chapter-5/,raw/documents/obr/efo_tables/March_2024/Chapter_5_charts_and_tables_March_2024.xlsx,
March 2024,obr_882536cdfc,March 2024 Economic and fiscal outlook – charts and tables: Annex A,https://obr.uk/download/march-2024-economic-and-fiscal-outlook-charts-and-tables-annex-a/,raw/documents/obr/efo_tables/March_2024/Annex_A_charts_and_tables_March_2024.xlsx,
March 2025,obr_41df3c4682,March 2025 Economic and fiscal outlook – charts and tables: Chapter 2,https://obr.uk/download/march-2025-economic-and-fiscal-outlook-charts-and-tables-chapter-2/,raw/documents/obr/efo_tables/March_2025/Chapter_2_charts_and_tables_March_2025.xlsx,
March 2025,obr_8c665f7415,March 2025 Economic and fiscal outlook – charts and tables: Chapter 3,https://obr.uk/download/march-2025-economic-and-fiscal-outlook-charts-and-tables-chapter-3/,raw/documents/obr/efo_tables/March_2025/Chapter_3_charts_and_tables_March_2025.xlsx,
March 2025,obr_230ec85b09,March 2025 Economic and fiscal outlook – charts and tables: Chapter 4,https://obr.uk/download/march-2025-economic-and-fiscal-outlook-charts-and-tables-chapter-4/,raw/documents/obr/efo_tables/March_2025/Chapter_4_charts_and_tables_March_2025.xlsx,
March 2025,obr_ef3e5e762d,March 2025 Economic and fiscal outlook – charts and tables: Chapter 5,https://obr.uk/download/march-2025-economic-and-fiscal-outlook-charts-and-tables-chapter-5/,raw/documents/obr/efo_tables/March_2025/Chapter_5_charts_and_tables_March_2025.xlsx,
March 2025,obr_8652aca0f2,March 2025 Economic and fiscal outlook – charts and tables: Chapter 6,https://obr.uk/download/march-2025-economic-and-fiscal-outlook-charts-and-tables-chapter-6/,raw/documents/obr/efo_tables/March_2025/Chapter_6_charts_and_tables_March_2025.xlsx,
March 2025,obr_05dd57644c,March 2025 Economic and fiscal outlook – charts and tables: Chapter 7,https://obr.uk/download/march-2025-economic-and-fiscal-outlook-charts-and-tables-chapter-7/,raw/documents/obr/efo_tables/March_2025/Chapter_7_charts_and_tables_March_2025.xlsx,
March 2025,obr_00738d4847,March 2025 Economic and fiscal outlook – charts and tables: Annex A,https://obr.uk/download/march-2025-economic-and-fiscal-outlook-charts-and-tables-annex-a/,raw/documents/obr/efo_tables/March_2025/Annex_A_charts_and_tables_March_2025.xlsx,
March 2026,obr_c03c081b35,March 2026 Economic and fiscal outlook – charts and tables: Chapter 2,https://obr.uk/download/march-2026-economic-and-fiscal-outlook-charts-and-tables-chapter-2/,raw/documents/obr/efo_tables/March_2026/efo-march-2026-charts-and-tables-chapter-2.xlsx,
March 2026,obr_c80e557bb7,March 2026 Economic and fiscal outlook – charts and tables: Chapter 3,https://obr.uk/download/march-2026-economic-and-fiscal-outlook-charts-and-tables-chapter-3/,raw/documents/obr/efo_tables/March_2026/efo-march-2026-charts-and-tables-chapter-3.xlsx,
March 2026,obr_d16ff3b4e1,March 2026 Economic and fiscal outlook – charts and tables: Chapter 4,https://obr.uk/download/march-2026-economic-and-fiscal-outlook-charts-and-tables-chapter-4/,raw/documents/obr/efo_tables/March_2026/efo-march-2026-charts-and-tables-chapter-4.xlsx,
March 2026,obr_83d879393c,March 2026 Economic and fiscal outlook – charts and tables: Chapter 5,https://obr.uk/download/march-2026-economic-and-fiscal-outlook-charts-and-tables-chapter-5/,raw/documents/obr/efo_tables/March_2026/efo-march-2026-charts-and-tables-chapter-5.xlsx,
March 2026,obr_78d76a70ce,March 2026 Economic and fiscal outlook – charts and tables: Chapter 6,https://obr.uk/download/march-2026-economic-and-fiscal-outlook-charts-and-tables-chapter-6/,,https://obr.uk/download/march-2026-economic-and-fiscal-outlook-charts-and-tables-chapter-6/: no usable Wayback capture
March 2026,obr_bb443e472c,March 2026 Economic and fiscal outlook – charts and tables: Annex tables,https://obr.uk/download/march-2026-economic-and-fiscal-outlook-charts-and-tables-annex-tables/,raw/documents/obr/efo_tables/March_2026/efo-march-2026-charts-and-tables-annex-tables.xlsx,
November 2010,obr_7edfe92c11,Charts and Tables - Economic and fiscal outlook November 2010,https://obr.uk/download/charts-and-tables-economic-and-fiscal-outlook-november-2010/,raw/documents/obr/efo_tables/November_2010/charts_tables250111.xls,
November 2011,obr_58120e36f3,Economic and fiscal outlook charts and tables- November 2011,https://obr.uk/download/economic-and-fiscal-outlook-charts-and-tables-november-2011/,raw/documents/obr/efo_tables/November_2011/Autumn-2011-EFO-Charts-Tables129467.xls,
November 2015,obr_d8cc3e63c8,Economic and fiscal outlook charts and tables - November 2015,https://obr.uk/download/economic-and-fiscal-outlook-charts-and-tables-november-2015/,raw/documents/obr/efo_tables/November_2015/Charts_and_tables__November___2015.xls,
November 2016,obr_d5e973998a,Economic and fiscal outlook charts and tables: Fiscal - November 2016,https://obr.uk/download/economic-and-fiscal-outlook-charts-and-tables-fiscal-november-2016/,raw/documents/obr/efo_tables/November_2016/Chapter4_to_annexC_Charts_and_tables.xlsx,
November 2016,obr_768f9fc4a8,Economic and fiscal outlook charts and tables: Economy - November 2016,https://obr.uk/download/economic-and-fiscal-outlook-charts-and-tables-economy-november-2016/,raw/documents/obr/efo_tables/November_2016/economic-and-fiscal-outlook-charts-and-tables-economy-november-2016.xlsx,
November 2017,obr_427f9ee1ff,November 2017 Economic and fiscal outlook – charts and tables: fiscal,https://obr.uk/download/november-2017-economic-and-fiscal-outlook-charts-and-tables-fiscal/,raw/documents/obr/efo_tables/November_2017/november-2017-economic-and-fiscal-outlook-charts-and-tables-fiscal.xlsx,
November 2017,obr_cc878a1516,November 2017 Economic and fiscal outlook – charts and tables: economy,https://obr.uk/download/november-2017-economic-and-fiscal-outlook-charts-and-tables-economy/,,https://obr.uk/download/november-2017-economic-and-fiscal-outlook-charts-and-tables-economy/: no usable Wayback capture
November 2020,obr_9381f3fc47,November 2020 Economic and fiscal outlook – charts and tables: Chapter 2,https://obr.uk/download/november-2020-economic-and-fiscal-outlook-charts-and-tables-chapter-2/,raw/documents/obr/efo_tables/November_2020/Chapter_2_Charts_and_tables_November_2020.xlsx,
November 2020,obr_85dda9924a,November 2020 Economic and fiscal outlook – charts and tables: Chapter 3,https://obr.uk/download/november-2020-economic-and-fiscal-outlook-charts-and-tables-chapter-3/,raw/documents/obr/efo_tables/November_2020/Chapter_3_Charts_and_tables_November-2020.xlsx,
November 2020,obr_2c55fa3745,November 2020 Economic and fiscal outlook – charts and tables: Chapter 4,https://obr.uk/download/november-2020-economic-and-fiscal-outlook-charts-and-tables-chapter-4/,raw/documents/obr/efo_tables/November_2020/Chapter_4_Charts_and_tables_November_2020.xlsx,
November 2020,obr_de3de26900,November 2020 Economic and fiscal outlook – charts and tables: Annex A,https://obr.uk/download/november-2020-economic-and-fiscal-outlook-charts-and-tables-annex-a/,raw/documents/obr/efo_tables/November_2020/Annex_A_Charts_and_tables_November_2020.xlsx,
November 2020,obr_5fe1244e76,November 2020 Economic and fiscal outlook – charts and tables: Annex B,https://obr.uk/download/november-2020-economic-and-fiscal-outlook-charts-and-tables-annex-b/,raw/documents/obr/efo_tables/November_2020/Annex_B_Charts_and_tables_November_2020.xlsx,
November 2020,obr_b3c4f284a4,November 2020 Economic and fiscal outlook – charts and tables: Annex C,https://obr.uk/download/november-2020-economic-and-fiscal-outlook-charts-and-tables-annex-c/,raw/documents/obr/efo_tables/November_2020/Annex_C_Charts_and_tables_November_2020.xlsx,
November 2022,obr_4cdebcc383,November 2022 Economic and fiscal outlook – charts and tables,https://obr.uk/download/november-2022-economic-and-fiscal-outlook-charts-and-tables/,raw/documents/obr/efo_tables/November_2022/Economic_and_fiscal_outlook_charts_and_tables_November_2022.xlsx,
November 2023,obr_2a165ceb85,November 2023 Economic and fiscal outlook – charts and tables: Chapter 2,https://obr.uk/download/november-2023-economic-and-fiscal-outlook-charts-and-tables-chapter-2/,raw/documents/obr/efo_tables/November_2023/Chapter_2_charts_and_tables_November_2023.xlsx,
November 2023,obr_8f9a7fd6a1,November 2023 Economic and fiscal outlook – charts and tables: Chapter 3,https://obr.uk/download/november-2023-economic-and-fiscal-outlook-charts-and-tables-chapter-3/,raw/documents/obr/efo_tables/November_2023/Chapter_3_charts_and_tables_November_2023.xlsx,
November 2023,obr_1bf92ae5bd,November 2023 Economic and fiscal outlook – charts and tables: Chapter 4,https://obr.uk/download/november-2023-economic-and-fiscal-outlook-charts-and-tables-chapter-4/,raw/documents/obr/efo_tables/November_2023/Chapter_4_charts_and_tables_November_2023.xlsx,
November 2023,obr_59bef6a7c0,November 2023 Economic and fiscal outlook – charts and tables: Chapter 5,https://obr.uk/download/november-2023-economic-and-fiscal-outlook-charts-and-tables-chapter-5/,raw/documents/obr/efo_tables/November_2023/Chapter_5_charts_and_tables_November_2023.xlsx,
November 2023,obr_66b80e42c5,November 2023 Economic and fiscal outlook – charts and tables: Annex A,https://obr.uk/download/november-2023-economic-and-fiscal-outlook-charts-and-tables-annex-a/,raw/documents/obr/efo_tables/November_2023/Annex_A_charts_and_tables_November_2023.xlsx,
November 2025,obr_76f742b4ee,November 2025 Economic and fiscal outlook – charts and tables: Chapter 2,https://obr.uk/download/november-2025-economic-and-fiscal-outlook-charts-and-tables-chapter-2/,raw/documents/obr/efo_tables/November_2025/Chapter_2_charts_and_tables_November_2025.xlsx,
November 2025,obr_87f1b94cd7,November 2025 Economic and fiscal outlook – charts and tables: Chapter 3,https://obr.uk/download/november-2025-economic-and-fiscal-outlook-charts-and-tables-chapter-3/,raw/documents/obr/efo_tables/November_2025/Chapter_3_charts_and_tables_November_2025.xlsx,
November 2025,obr_39e0508eea,November 2025 Economic and fiscal outlook – charts and tables: Chapter 4,https://obr.uk/download/november-2025-economic-and-fiscal-outlook-charts-and-tables-chapter-4/,raw/documents/obr/efo_tables/November_2025/Chapter_4_charts_and_tables_November_2025.xlsx,
November 2025,obr_18b78a4471,November 2025 Economic and fiscal outlook – charts and tables: Chapter 5,https://obr.uk/download/november-2025-economic-and-fiscal-outlook-charts-and-tables-chapter-5/,raw/documents/obr/efo_tables/November_2025/Chapter_5_charts_and_tables_November_2025.xlsx,
November 2025,obr_e36e720d47,November 2025 Economic and fiscal outlook – charts and tables: Chapter 6,https://obr.uk/download/november-2025-economic-and-fiscal-outlook-charts-and-tables-chapter-6/,raw/documents/obr/efo_tables/November_2025/Chapter_6_charts_and_tables_November_2025.xlsx,
November 2025,obr_47a1d9f8b3,November 2025 Economic and fiscal outlook – charts and tables: Chapter 7,https://obr.uk/download/november-2025-economic-and-fiscal-outlook-charts-and-tables-chapter-7/,raw/documents/obr/efo_tables/November_2025/Chapter_7_charts_and_tables_November_2025.xlsx,
November 2025,obr_1b672e93cb,November 2025 Economic and fiscal outlook – charts and tables: Annex A,https://obr.uk/download/november-2025-economic-and-fiscal-outlook-charts-and-tables-annex-a/,raw/documents/obr/efo_tables/November_2025/Annex_A_charts_and_tables_November_2025.xlsx,
October 2018,obr_3816db709e,October 2018 Economic and fiscal outlook – charts and tables: fiscal,https://obr.uk/download/october-2018-economic-and-fiscal-outlook-charts-and-tables-fiscal/,,https://obr.uk/download/october-2018-economic-and-fiscal-outlook-charts-and-tables-fiscal/: no usable Wayback capture
October 2018,obr_3971fa453c,October 2018 Economic and fiscal outlook – charts and tables: economy,https://obr.uk/download/october-2018-economic-and-fiscal-outlook-charts-and-tables-economy/,raw/documents/obr/efo_tables/October_2018/Economy_charts_and_tables_October_2018.xlsx,
October 2021,obr_9c76baa2e5,October 2021 Economic and fiscal outlook – charts and tables: Chapter 2,https://obr.uk/download/october-2021-economic-and-fiscal-outlook-charts-and-tables-chapter-2/,raw/documents/obr/efo_tables/October_2021/october-2021-economic-and-fiscal-outlook-charts-and-tables-chapter-2.xlsx,
October 2021,obr_0ce17e21d9,October 2021 Economic and fiscal outlook – charts and tables: Chapter 3,https://obr.uk/download/october-2021-economic-and-fiscal-outlook-charts-and-tables-chapter-3/,raw/documents/obr/efo_tables/October_2021/october-2021-economic-and-fiscal-outlook-charts-and-tables-chapter-3.xlsx,
October 2021,obr_8659d3681a,October 2021 Economic and fiscal outlook – charts and tables: Chapter 4,https://obr.uk/download/october-2021-economic-and-fiscal-outlook-charts-and-tables-chapter-4/,raw/documents/obr/efo_tables/October_2021/october-2021-economic-and-fiscal-outlook-charts-and-tables-chapter-4.xlsx,
October 2021,obr_9826490fc4,October 2021 Economic and fiscal outlook – charts and tables: Annex A,https://obr.uk/download/october-2021-economic-and-fiscal-outlook-charts-and-tables-annex-a/,raw/documents/obr/efo_tables/October_2021/october-2021-economic-and-fiscal-outlook-charts-and-tables-annex-a.xlsx,
October 2021,obr_fb84003e5a,October 2021 Economic and fiscal outlook – charts and tables: Annex B,https://obr.uk/download/october-2021-economic-and-fiscal-outlook-charts-and-tables-annex-b/,raw/documents/obr/efo_tables/October_2021/october-2021-economic-and-fiscal-outlook-charts-and-tables-annex-b.xlsx,
October 2024,obr_ffd6cf0a84,October 2024 Economic and fiscal outlook – charts and tables: Chapter 2,https://obr.uk/download/october-2024-economic-and-fiscal-outlook-charts-and-tables-chapter-2/,raw/documents/obr/efo_tables/October_2024/Chapter_2_charts_and_tables_October_2024.xlsx,
October 2024,obr_9c36f5cf6e,October 2024 Economic and fiscal outlook – charts and tables: Chapter 3,https://obr.uk/download/october-2024-economic-and-fiscal-outlook-charts-and-tables-chapter-3/,raw/documents/obr/efo_tables/October_2024/23130,
October 2024,obr_7dcfc98ddc,October 2024 Economic and fiscal outlook – charts and tables: Chapter 4,https://obr.uk/download/october-2024-economic-and-fiscal-outlook-charts-and-tables-chapter-4/,raw/documents/obr/efo_tables/October_2024/Chapter_4_charts_and_tables_October_2024.xlsx,
October 2024,obr_03f902bfa6,October 2024 Economic and fiscal outlook – charts and tables: Chapter 5,https://obr.uk/download/october-2024-economic-and-fiscal-outlook-charts-and-tables-chapter-5/,raw/documents/obr/efo_tables/October_2024/Chapter_5_charts_and_tables_October_2024.xlsx,
October 2024,obr_b671cb9643,October 2024 Economic and fiscal outlook – charts and tables: Chapter 6,https://obr.uk/download/october-2024-economic-and-fiscal-outlook-charts-and-tables-chapter-6/,raw/documents/obr/efo_tables/October_2024/Chapter_6_charts_and_tables_October_2024.xlsx,
October 2024,obr_0959064e6c,October 2024 Economic and fiscal outlook – charts and tables: Chapter 7,https://obr.uk/download/october-2024-economic-and-fiscal-outlook-charts-and-tables-chapter-7/,raw/documents/obr/efo_tables/October_2024/Chapter_7_charts_and_tables_October_2024.xlsx,
October 2024,obr_f8ea5d4bdf,October 2024 Economic and fiscal outlook – charts and tables: Annex A,https://obr.uk/download/october-2024-economic-and-fiscal-outlook-charts-and-tables-annex-a/,raw/documents/obr/efo_tables/October_2024/Annex_A_charts_and_tables_October_2024.xlsx,
October 2024,obr_f711356200,October 2024 Economic and fiscal outlook – charts and tables: Annex B,https://obr.uk/download/october-2024-economic-and-fiscal-outlook-charts-and-tables-annex-b/,raw/documents/obr/efo_tables/October_2024/Annex_B_charts_and_tables_October_2024.xlsx,
