vintage_id,previous_vintage_id,target_period,frd_total,hofd_diff,abs_diff,tolerance,note
obr_2010-11,obr_2010-06,2010-11,-0.6,-0.5999999999999943,5.662137425588298e-15,0.2,
obr_2010-11,obr_2010-06,2011-12,1.8,1.0,0.8,1.1,
obr_2010-11,obr_2010-06,2012-13,1.9,2.0,0.10000000000000009,1.1,
obr_2010-11,obr_2010-06,2013-14,0.1,0.0,0.1,1.1,
obr_2010-11,obr_2010-06,2014-15,-2.4,-2.0,0.3999999999999999,1.1,
obr_2010-11,obr_2010-06,2015-16,-2.2,-2.0,0.20000000000000018,1.1,
obr_2011-03,obr_2010-11,2010-11,-2.6,-2.5999999999999943,5.773159728050814e-15,0.2,
obr_2011-03,obr_2010-11,2011-12,4.3,5.0,0.7000000000000002,1.1,
obr_2011-03,obr_2010-11,2012-13,9.6,10.0,0.40000000000000036,1.1,
obr_2011-03,obr_2010-11,2013-14,9.6,10.0,0.40000000000000036,1.1,
obr_2011-03,obr_2010-11,2014-15,11.1,11.0,0.09999999999999964,1.1,
obr_2011-03,obr_2010-11,2015-16,11.0,11.0,0.0,1.1,
obr_2011-11,obr_2011-03,2011-12,5.345187646731661,5.0,0.34518764673166125,1.1,
obr_2011-11,obr_2011-03,2012-13,19.617708454379784,19.0,0.6177084543797839,1.1,
obr_2011-11,obr_2011-03,2013-14,29.674642914964192,30.0,0.32535708503580807,1.1,
obr_2011-11,obr_2011-03,2014-15,32.74350032151606,33.0,0.25649967848394084,1.1,
obr_2011-11,obr_2011-03,2015-16,23.863980779999,24.0,0.13601922000099975,1.1,
obr_2012-03,obr_2011-11,2011-12,-1.13000706646676,-1.0,0.13000706646676008,1.1,
obr_2012-03,obr_2011-11,2012-13,-28.292725534655602,-28.0,0.29272553465560236,1.1,
obr_2012-03,obr_2011-11,2013-14,-2.0058837830626146,-2.0,0.0058837830626146115,1.1,
obr_2012-03,obr_2011-11,2014-15,-3.8894900160823767,-4.0,0.11050998391762334,1.1,
obr_2012-03,obr_2011-11,2015-16,-1.170475804393753,-1.0,0.1704758043937531,1.1,
obr_2012-03,obr_2011-11,2016-17,-2.459418737255394,-3.0,0.540581262744606,1.1,
obr_2012-12,obr_2012-03,2012-13,-11.4,-11.5,0.09999999999999964,0.65,
obr_2012-12,obr_2012-03,2013-14,1.8,1.2999999999999972,0.5000000000000029,0.65,
obr_2012-12,obr_2012-03,2014-15,12.9,12.900000000000006,5.329070518200751e-15,0.65,
obr_2012-12,obr_2012-03,2015-16,21.3,21.299999999999997,3.552713678800501e-15,0.65,
obr_2012-12,obr_2012-03,2016-17,27.9,28.0,0.10000000000000142,1.1,
obr_2013-03,obr_2012-12,2012-13,6.0,6.0,0.0,0.2,
obr_2013-03,obr_2012-12,2013-14,8.4,8.400000000000006,5.329070518200751e-15,0.2,
obr_2013-03,obr_2012-12,2014-15,9.3,9.399999999999991,0.09999999999999076,0.2,
obr_2013-03,obr_2012-12,2015-16,13.8,13.799999999999997,3.552713678800501e-15,0.2,
obr_2013-03,obr_2012-12,2016-17,11.8,11.799999999999997,3.552713678800501e-15,0.65,
obr_2013-03,obr_2012-12,2017-18,10.8,10.8,0.0,0.65,
obr_2013-12,obr_2013-03,2013-14,-8.629150074574,-8.700000000000003,0.07084992542600332,0.65,
obr_2013-12,obr_2013-03,2014-15,-13.339595602462296,-13.399999999999991,0.06040439753769533,0.2,
obr_2013-12,obr_2013-03,2015-16,-15.580363849106178,-15.599999999999994,0.01963615089381676,0.2,
obr_2013-12,obr_2013-03,2016-17,-12.944539707384749,-13.0,0.055460292615251205,0.2,
obr_2013-12,obr_2013-03,2017-18,-17.26500351494417,-17.2,0.0650035149441699,0.65,
obr_2014-03,obr_2013-12,2013-14,-3.403118492869282,-3.4000000000000057,0.003118492869276235,0.65,
obr_2014-03,obr_2013-12,2014-15,-0.06699636397091671,0.0,0.06699636397091671,0.2,
obr_2014-03,obr_2013-12,2015-16,-3.267592669515827,-3.200000000000003,0.06759266951582399,0.2,
obr_2014-03,obr_2013-12,2016-17,-6.322897917819675,-6.299999999999997,0.022897917819677538,0.2,
obr_2014-03,obr_2013-12,2017-18,-6.95479582209095,-7.0,0.04520417790905018,0.2,
obr_2014-03,obr_2013-12,2018-19,-3.032225971584412,-3.0,0.03222597158441198,0.2,
obr_2014-12,obr_2014-03,2014-15,7.3999999999999915,7.3999999999999915,0.0,0.2,
obr_2014-12,obr_2014-03,2015-16,7.6000000000000085,7.6000000000000085,0.0,0.2,
obr_2014-12,obr_2014-03,2016-17,-0.6000000000000014,-0.6000000000000014,0.0,0.2,
obr_2014-12,obr_2014-03,2017-18,-3.3000000000000007,-3.3000000000000007,0.0,0.2,
obr_2014-12,obr_2014-03,2018-19,-2.9,-2.9,0.0,0.65,
obr_2015-03,obr_2014-12,2014-15,-1.1,-1.0999999999999943,5.773159728050814e-15,0.2,
obr_2015-03,obr_2014-12,2015-16,-0.7,-0.6000000000000085,0.09999999999999143,0.2,
obr_2015-03,obr_2014-12,2016-17,-1.5,-1.5,0.0,0.2,
obr_2015-03,obr_2014-12,2017-18,-1.8,-1.6999999999999993,0.10000000000000075,0.2,
obr_2015-03,obr_2014-12,2018-19,-1.2,-1.2000000000000002,2.220446049250313e-16,0.65,
obr_2015-03,obr_2014-12,2019-20,16.1,16.1,0.0,0.65,
obr_2015-07,obr_2015-03,2015-16,-5.8,-5.799999999999997,2.6645352591003757e-15,0.2,
obr_2015-07,obr_2015-03,2016-17,3.7,3.700000000000003,2.6645352591003757e-15,0.2,
obr_2015-07,obr_2015-03,2017-18,11.5,11.5,0.0,0.2,
obr_2015-07,obr_2015-03,2018-19,11.6,11.600000000000001,1.7763568394002505e-15,0.2,
obr_2015-07,obr_2015-03,2019-20,-3.0,-3.0,0.0,1.1,
obr_2015-11,obr_2015-07,2015-16,4.0,4.0,0.0,0.2,
obr_2015-11,obr_2015-07,2016-17,6.799999999999997,6.799999999999997,0.0,0.2,
obr_2015-11,obr_2015-07,2017-18,0.5,0.5,0.0,0.2,
obr_2015-11,obr_2015-07,2018-19,-1.8000000000000007,-1.8000000000000007,0.0,0.2,
obr_2015-11,obr_2015-07,2019-20,-0.09999999999999964,-0.09999999999999964,0.0,0.65,
obr_2015-11,obr_2015-07,2020-21,-3.0999999999999996,-3.0999999999999996,0.0,0.2,
obr_2016-03,obr_2015-11,2015-16,-1.328441988416401,-1.3381993366030827,0.009757348186681725,0.15000000000000002,
obr_2016-03,obr_2015-11,2016-17,5.542312951013166,5.590613431016173,0.04830048000300735,0.15000000000000002,
obr_2016-03,obr_2015-11,2017-18,13.98545709988527,13.98350089940865,0.0019562004766200403,0.15000000000000002,
obr_2016-03,obr_2015-11,2018-19,16.817827706415088,16.83870415803988,0.0208764516247939,0.15000000000000002,
obr_2016-03,obr_2015-11,2019-20,-0.30521178027144913,-0.3447024228468809,0.03949064257543178,0.15000000000000002,
obr_2016-03,obr_2015-11,2020-21,3.668854637612254,3.6575238155158143,0.011330822096439874,0.15000000000000002,
obr_2016-11,obr_2016-03,2016-17,12.691695831960573,12.691695831960573,0.0,0.1,
obr_2016-11,obr_2016-03,2017-18,20.188454190928546,20.188454190928546,0.0,0.1,
obr_2016-11,obr_2016-03,2018-19,25.07738687375978,25.07738687375978,0.0,0.1,
obr_2016-11,obr_2016-03,2019-20,32.38539732484098,32.38539732484098,0.0,0.1,
obr_2016-11,obr_2016-03,2020-21,31.784928179265684,31.784928179265684,0.0,0.1,
obr_2017-03,obr_2016-11,2016-17,-16.431583797095215,-16.432583797095205,0.000999999999990564,0.1,
obr_2017-03,obr_2016-11,2017-18,-0.7168500928859558,-0.7168500928859558,0.0,0.1,
obr_2017-03,obr_2016-11,2018-19,-5.70377259791433,-5.70377259791433,0.0,0.1,
obr_2017-03,obr_2016-11,2019-20,-0.5808527068953424,-0.5808527068953424,0.0,0.1,
obr_2017-03,obr_2016-11,2020-21,-0.15191470110544358,-0.15191470110544358,0.0,0.1,
obr_2017-03,obr_2016-11,2021-22,-0.41632062689529903,-0.41632062689529903,0.0,0.1,
obr_2017-11,obr_2017-03,2017-18,-8.37262722898739,-8.37262722898739,0.0,0.1,
obr_2017-11,obr_2017-03,2018-19,-1.3138716202184284,-1.3138716202184284,0.0,0.1,
obr_2017-11,obr_2017-03,2019-20,13.382469945965628,13.382469945965628,0.0,0.1,
obr_2017-11,obr_2017-03,2020-21,12.177481837773929,12.177481837773929,0.0,0.1,
obr_2017-11,obr_2017-03,2021-22,13.267815167765534,13.267815167765534,0.0,0.1,
obr_2018-03,obr_2017-11,2017-18,-4.722793230517226,-4.722793230517226,0.0,0.1,
obr_2018-03,obr_2017-11,2018-19,-2.4434292040791163,-2.4434292040791163,0.0,0.1,
obr_2018-03,obr_2017-11,2019-20,-0.8388574128195074,-0.8388574128195074,0.0,0.1,
obr_2018-03,obr_2017-11,2020-21,-4.032385927102993,-4.032385927102993,0.0,0.1,
obr_2018-03,obr_2017-11,2021-22,-4.077227363968735,-4.077227363968735,0.0,0.1,
obr_2018-03,obr_2017-11,2022-23,-4.174907373692989,-4.174907373692989,0.0,0.1,
obr_2018-10,obr_2018-03,2018-19,-11.577333015968613,-11.577333015968719,1.0658141036401503e-13,0.1,
obr_2018-10,obr_2018-03,2019-20,-2.147911026795274,-2.147911026795377,1.0302869668521453e-13,0.1,
obr_2018-10,obr_2018-03,2020-21,-2.0784545305881643,-2.0784545305881466,1.7763568394002505e-14,0.1,
obr_2018-10,obr_2018-03,2021-22,-2.176481786582933,-2.1764817865830537,1.2079226507921703e-13,0.1,
obr_2018-10,obr_2018-03,2022-23,-0.5797572806027667,-0.5797572806027596,7.105427357601002e-15,0.1,
obr_2019-03,obr_2018-10,2018-19,-2.6555233974958874,-2.655523397495781,1.0658141036401503e-13,0.1,
obr_2019-03,obr_2018-10,2019-20,-2.4193625642593553,-2.4193625642592522,1.0302869668521453e-13,0.1,
obr_2019-03,obr_2018-10,2020-21,-5.500629154005129,-5.500629154005146,1.7763568394002505e-14,0.1,
obr_2019-03,obr_2018-10,2021-22,-6.184370505135739,-6.184370505135618,1.2079226507921703e-13,0.1,
obr_2019-03,obr_2018-10,2022-23,-6.39300959361514,-6.393009593615147,7.105427357601002e-15,0.1,
obr_2019-03,obr_2018-10,2023-24,-6.299251159704088,-6.299251159704088,0.0,0.1,
obr_2019-03_restated,obr_2019-03,2018-19,0.0,18.130590586097913,18.130590586097913,0.1,"FRD block is zero: the restatement is recorded on the FRD Classifications sheet, not as a revision block"
obr_2019-03_restated,obr_2019-03,2019-20,0.0,18.291271327985754,18.291271327985754,0.1,"FRD block is zero: the restatement is recorded on the FRD Classifications sheet, not as a revision block"
obr_2019-03_restated,obr_2019-03,2020-21,0.0,19.067735569236262,19.067735569236262,0.1,"FRD block is zero: the restatement is recorded on the FRD Classifications sheet, not as a revision block"
obr_2019-03_restated,obr_2019-03,2021-22,0.0,19.95742297712876,19.95742297712876,0.1,"FRD block is zero: the restatement is recorded on the FRD Classifications sheet, not as a revision block"
obr_2019-03_restated,obr_2019-03,2022-23,0.0,21.026604126251637,21.026604126251637,0.1,"FRD block is zero: the restatement is recorded on the FRD Classifications sheet, not as a revision block"
obr_2019-03_restated,obr_2019-03,2023-24,0.0,19.86361812815955,19.86361812815955,0.1,"FRD block is zero: the restatement is recorded on the FRD Classifications sheet, not as a revision block"
obr_2020-03,obr_2019-03_restated,2019-20,-0.1790965531395443,-0.1790965531395443,0.0,0.1,
obr_2020-03,obr_2019-03_restated,2020-21,14.561332077311896,14.561332077311896,0.0,0.1,
obr_2020-03,obr_2019-03_restated,2021-22,29.06338508000124,29.06338508000124,0.0,0.1,
obr_2020-03,obr_2019-03_restated,2022-23,26.04384951514561,26.04384951514561,0.0,0.1,
obr_2020-03,obr_2019-03_restated,2023-24,26.91584970868073,26.91584970868073,0.0,0.1,
obr_2020-11,obr_2020-03,2020-21,338.77196471804376,338.7612775106289,0.010687207414889599,0.1,
obr_2020-11,obr_2020-03,2021-22,97.58595348533491,97.57468384889094,0.011269636443969944,0.1,
obr_2020-11,obr_2020-03,2022-23,43.12237448793147,43.112009680239716,0.010364807691750855,0.1,
obr_2020-11,obr_2020-03,2023-24,40.169518196197174,40.1597738824613,0.009744313735872367,0.1,
obr_2020-11,obr_2020-03,2024-25,41.662830840982735,41.65037818986877,0.012452651113967761,0.1,
obr_2021-03,obr_2020-11,2020-21,-38.91699338125039,-38.916993381250165,2.2737367544323206e-13,0.1,
obr_2021-03,obr_2020-11,2021-22,69.70631394044878,69.70631394044904,2.5579538487363607e-13,0.1,
obr_2021-03,obr_2020-11,2022-23,2.32237698964164,2.32237698964164,0.0,0.1,
obr_2021-03,obr_2020-11,2023-24,-15.053568319115186,-15.053568319115186,0.0,0.1,
obr_2021-03,obr_2020-11,2024-25,-25.134803930246875,-25.134803930246875,0.0,0.1,
obr_2021-03,obr_2020-11,2025-26,-28.15384193367808,-28.15384193367808,0.0,0.1,
obr_2021-10,obr_2021-03,2021-22,-50.940560074613444,-50.940560074613444,0.0,0.1,
obr_2021-10,obr_2021-03,2022-23,-23.918624122574514,-23.918624122574514,0.0,0.1,
obr_2021-10,obr_2021-03,2023-24,-23.756955976840295,-23.756955976840295,0.0,0.1,
obr_2021-10,obr_2021-03,2024-25,-28.11720426961586,-28.11720426961586,0.0,0.1,
obr_2021-10,obr_2021-03,2025-26,-27.308537784491605,-27.308537784491605,0.0,0.1,
obr_2022-03,obr_2021-10,2021-22,-55.1639015088561,-55.1639015088561,0.0,0.1,
obr_2022-03,obr_2021-10,2022-23,16.138992086955,16.138992086955,0.0,0.1,
obr_2022-03,obr_2021-10,2023-24,-11.389302849175806,-11.389302849175806,0.0,0.1,
obr_2022-03,obr_2021-10,2024-25,-9.798771116833422,-9.798771116833422,0.0,0.1,
obr_2022-03,obr_2021-10,2025-26,-11.542835429314152,-11.542835429314152,0.0,0.1,
obr_2022-03,obr_2021-10,2026-27,-12.405196660927537,-12.405196660927537,0.0,0.1,
obr_2022-11,obr_2022-03,2022-23,77.89322861790069,77.89322861790069,0.0,0.1,
obr_2022-11,obr_2022-03,2023-24,89.83350614665221,89.83350614665221,0.0,0.1,
obr_2022-11,obr_2022-03,2024-25,47.803288859836606,47.803288859836606,0.0,0.1,
obr_2022-11,obr_2022-03,2025-26,42.08799512353481,42.08799512353481,0.0,0.1,
obr_2022-11,obr_2022-03,2026-27,48.7945290378954,48.7945290378954,0.0,0.1,
obr_2023-03,obr_2022-11,2022-23,-24.661514741743673,-24.661514741743673,0.0,0.1,
obr_2023-03,obr_2022-11,2023-24,-8.462394319282623,-8.462394319282623,0.0,0.1,
obr_2023-03,obr_2022-11,2024-25,1.0713335423436092,1.0713335423436092,0.0,0.1,
obr_2023-03,obr_2022-11,2025-26,-0.23070658198845706,-0.23070658198845706,0.0,0.1,
obr_2023-03,obr_2022-11,2026-27,-16.88588906501164,-16.88588906501164,0.0,0.1,
obr_2023-03,obr_2022-11,2027-28,-19.93948220453757,-19.93948220453757,0.0,0.1,
obr_2023-11,obr_2023-03,2023-24,-7.655797786625968,-7.655797786625968,0.0,0.1,
obr_2023-11,obr_2023-03,2024-25,-0.8275896656726616,-0.8275896656726616,0.0,0.1,
obr_2023-11,obr_2023-03,2025-26,0.15133623039022837,0.15133623039022837,0.0,0.1,
obr_2023-11,obr_2023-03,2026-27,4.9460783225705995,4.9460783225705995,0.0,0.1,
obr_2023-11,obr_2023-03,2027-28,-0.19964622713463598,-0.19964622713463598,0.0,0.1,
obr_2024-03,obr_2023-11,2023-24,-9.824957126067389,-9.824957126067389,0.0,0.1,
obr_2024-03,obr_2023-11,2024-25,2.656255761677471,2.656255761677471,0.0,0.1,
obr_2024-03,obr_2023-11,2025-26,0.6466753397366887,0.6466753397366887,0.0,0.1,
obr_2024-03,obr_2023-11,2026-27,0.2550542004623253,0.2550542004623253,0.0,0.1,
obr_2024-03,obr_2023-11,2027-28,1.5035415953330187,1.5035415953330187,0.0,0.1,
obr_2024-03,obr_2023-11,2028-29,4.430762293482779,4.430762293482779,0.0,0.1,
obr_2024-10,obr_2024-03,2023-24,7.789074735826944,7.789074735826944,0.0,0.1,
obr_2024-10,obr_2024-03,2024-25,40.26528221017591,40.26528221017591,0.0,0.1,
obr_2024-10,obr_2024-03,2025-26,28.094198952984215,28.094198952984215,0.0,0.1,
obr_2024-10,obr_2024-03,2026-27,19.799028225401287,19.799028225401287,0.0,0.1,
obr_2024-10,obr_2024-03,2027-28,21.6057467949946,21.6057467949946,0.0,0.1,
obr_2024-10,obr_2024-03,2028-29,32.471955202609855,32.471955202609855,0.0,0.1,
obr_2025-03,obr_2024-10,2023-24,9.469999999999999,9.469999999999999,0.0,0.1,
obr_2025-03,obr_2024-10,2024-25,9.837255141964263,9.837255141964263,0.0,0.1,
obr_2025-03,obr_2024-10,2025-26,12.110989110484681,12.110989110484681,0.0,0.1,
obr_2025-03,obr_2024-10,2026-27,8.701567168800736,8.701567168800736,0.0,0.1,
obr_2025-03,obr_2024-10,2027-28,7.996619354596305,7.996619354596305,0.0,0.1,
obr_2025-03,obr_2024-10,2028-29,5.5179661205065855,5.5179661205065855,0.0,0.1,
obr_2025-03,obr_2024-10,2029-30,3.458603391673691,3.458603391673691,0.0,0.1,
obr_2025-11,obr_2025-03,2024-25,12.126881021869423,12.126881021869423,0.0,0.1,
obr_2025-11,obr_2025-03,2025-26,20.58252896781933,20.58252896781933,0.0,0.1,
obr_2025-11,obr_2025-03,2026-27,14.934393756421755,14.934393756421755,0.0,0.1,
obr_2025-11,obr_2025-03,2027-28,18.30337040001679,18.30337040001679,0.0,0.1,
obr_2025-11,obr_2025-03,2028-29,9.514426751914698,9.514426751914698,0.0,0.1,
obr_2025-11,obr_2025-03,2029-30,-6.174769287398945,-6.174769287398945,0.0,0.1,
obr_2026-03,obr_2025-11,2024-25,3.2860000000000014,3.2860000000000014,0.0,0.1,
obr_2026-03,obr_2025-11,2025-26,-5.53495648514027,-5.53495648514027,0.0,0.1,
obr_2026-03,obr_2025-11,2026-27,3.3657935221759203,3.3657935221759203,0.0,0.1,
obr_2026-03,obr_2025-11,2027-28,-2.0005202694201785,-2.0005202694201785,0.0,0.1,
obr_2026-03,obr_2025-11,2028-29,-0.9234740091376352,-0.9234740091376352,0.0,0.1,
obr_2026-03,obr_2025-11,2029-30,-4.4641769556106325,-4.4641769556106325,0.0,0.1,
obr_2026-03,obr_2025-11,2030-31,-8.13500420437392,-8.13500420437392,0.0,0.1,
