vintage_id,target_period,total,parts,abs_diff
obr_2010-11,2010-11,-0.6,-0.6000000000000001,1.1102230246251565e-16
obr_2010-11,2011-12,1.8,1.7999999999999998,2.220446049250313e-16
obr_2010-11,2012-13,1.9,1.9,0.0
obr_2010-11,2013-14,0.1,0.10000000000000031,3.0531133177191805e-16
obr_2010-11,2014-15,-2.4,-2.4000000000000004,4.440892098500626e-16
obr_2010-11,2015-16,-2.2,-2.1999999999999993,8.881784197001252e-16
obr_2011-03,2010-11,-2.6,-2.7489999999999997,0.14899999999999958
obr_2011-03,2011-12,4.3,4.300000000000001,8.881784197001252e-16
obr_2011-03,2012-13,9.6,9.602000000000002,0.0020000000000024443
obr_2011-03,2013-14,9.6,9.602000000000002,0.0020000000000024443
obr_2011-03,2014-15,11.1,11.1,0.0
obr_2011-03,2015-16,11.0,11.0,0.0
obr_2011-11,2011-12,5.345187646731661,5.345187646731661,0.0
obr_2011-11,2012-13,19.617708454379784,19.617708454379784,0.0
obr_2011-11,2013-14,29.674642914964192,29.674642914964192,0.0
obr_2011-11,2014-15,32.74350032151606,32.74350032151606,0.0
obr_2011-11,2015-16,23.863980779999,23.863980779999004,3.552713678800501e-15
obr_2012-03,2011-12,-1.13000706646676,-1.1000000000000005,0.030007066466759547
obr_2012-03,2012-13,-28.292725534655602,-28.251000000000005,0.041725534655597585
obr_2012-03,2013-14,-2.0058837830626146,-2.0,0.0058837830626146115
obr_2012-03,2014-15,-3.8894900160823767,-3.9000000000000004,0.0105099839176237
obr_2012-03,2015-16,-1.170475804393753,-1.2000000000000002,0.029524195606247083
obr_2012-03,2016-17,-2.459418737255394,-2.500000000000001,0.04058126274460694
obr_2012-12,2012-13,-11.4,-11.399999999999999,1.7763568394002505e-15
obr_2012-12,2013-14,1.8,1.799999999999999,1.1102230246251565e-15
obr_2012-12,2014-15,12.9,12.899999999999999,1.7763568394002505e-15
obr_2012-12,2015-16,21.3,21.3,0.0
obr_2012-12,2016-17,27.9,27.9,0.0
obr_2013-03,2012-13,6.0,6.001999999999999,0.0019999999999988916
obr_2013-03,2013-14,8.4,8.4,0.0
obr_2013-03,2014-15,9.3,9.302000000000001,0.002000000000000668
obr_2013-03,2015-16,13.8,13.802000000000001,0.002000000000000668
obr_2013-03,2016-17,11.8,11.8,0.0
obr_2013-03,2017-18,10.8,10.8,0.0
obr_2013-12,2013-14,-8.629150074574,-8.6,0.029150074573999873
obr_2013-12,2014-15,-13.339595602462296,-13.4,0.06040439753770421
obr_2013-12,2015-16,-15.580363849106178,-15.6,0.01963615089382209
obr_2013-12,2016-17,-12.944539707384749,-13.0,0.055460292615251205
obr_2013-12,2017-18,-17.26500351494417,-17.200000000000003,0.06500351494416634
obr_2014-03,2013-14,-3.403118492869282,-3.4,0.003118492869282008
obr_2014-03,2014-15,-0.06699636397091671,-0.04899999999999993,0.01799636397091678
obr_2014-03,2015-16,-3.267592669515827,-3.298,0.03040733048417321
obr_2014-03,2016-17,-6.322897917819675,-6.3,0.022897917819674873
obr_2014-03,2017-18,-6.95479582209095,-7.000000000000001,0.04520417790905107
obr_2014-03,2018-19,-3.032225971584412,-3.0,0.03222597158441198
obr_2014-12,2014-15,7.3999999999999915,7.3999999999999915,0.0
obr_2014-12,2015-16,7.6000000000000085,7.6000000000000085,0.0
obr_2014-12,2016-17,-0.6000000000000014,-0.6000000000000014,0.0
obr_2014-12,2017-18,-3.3000000000000007,-3.3000000000000007,0.0
obr_2014-12,2018-19,-2.9,-2.9000000000000004,4.440892098500626e-16
obr_2015-03,2014-15,-1.1,-1.1,0.0
obr_2015-03,2015-16,-0.7,-0.6999999999999998,1.1102230246251565e-16
obr_2015-03,2016-17,-1.5,-1.4999999999999982,1.7763568394002505e-15
obr_2015-03,2017-18,-1.8,-1.799999999999999,1.1102230246251565e-15
obr_2015-03,2018-19,-1.2,-1.1999999999999993,6.661338147750939e-16
obr_2015-03,2019-20,16.1,16.1,0.0
obr_2015-07,2015-16,-5.8,-5.7,0.09999999999999964
obr_2015-07,2016-17,3.7,3.699999999999999,1.3322676295501878e-15
obr_2015-07,2017-18,11.5,11.4,0.09999999999999964
obr_2015-07,2018-19,11.6,11.600000000000001,1.7763568394002505e-15
obr_2015-07,2019-20,-3.0,-3.0,0.0
obr_2015-11,2015-16,4.0,4.0,0.0
obr_2015-11,2016-17,6.799999999999997,6.800000000000001,3.552713678800501e-15
obr_2015-11,2017-18,0.5,0.5999999999999996,0.09999999999999964
obr_2015-11,2018-19,-1.8000000000000007,-1.7999999999999998,8.881784197001252e-16
obr_2015-11,2019-20,-0.09999999999999964,-0.19999999999999973,0.10000000000000009
obr_2015-11,2020-21,-3.0999999999999996,-3.1000000000000005,8.881784197001252e-16
obr_2016-03,2015-16,-1.328441988416401,-1.3284419884163945,6.439293542825908e-15
obr_2016-03,2016-17,5.542312951013166,5.54231295101317,4.440892098500626e-15
obr_2016-03,2017-18,13.98545709988527,13.985457099885322,5.1514348342607263e-14
obr_2016-03,2018-19,16.817827706415088,16.817827706415038,4.973799150320701e-14
obr_2016-03,2019-20,-0.30521178027144913,-0.30521178027145623,7.105427357601002e-15
obr_2016-03,2020-21,3.668854637612254,3.6688546376123234,6.927791673660977e-14
obr_2016-11,2016-17,12.691695831960573,12.691695831960573,0.0
obr_2016-11,2017-18,20.188454190928546,20.188454190928542,3.552713678800501e-15
obr_2016-11,2018-19,25.07738687375978,25.077386873759785,3.552713678800501e-15
obr_2016-11,2019-20,32.38539732484098,32.38539732484098,0.0
obr_2016-11,2020-21,31.784928179265684,31.78492817926568,3.552713678800501e-15
obr_2017-03,2016-17,-16.431583797095215,-16.431583797095215,0.0
obr_2017-03,2017-18,-0.7168500928859558,-0.7168500928859567,8.881784197001252e-16
obr_2017-03,2018-19,-5.70377259791433,-5.703772597914333,2.6645352591003757e-15
obr_2017-03,2019-20,-0.5808527068953424,-0.5808527068953425,1.1102230246251565e-16
obr_2017-03,2020-21,-0.15191470110544358,-0.15191470110544414,5.551115123125783e-16
obr_2017-03,2021-22,-0.41632062689529903,-0.41632062689529814,8.881784197001252e-16
obr_2017-11,2017-18,-8.37262722898739,-8.372627228987394,3.552713678800501e-15
obr_2017-11,2018-19,-1.3138716202184284,-1.3138716202184266,1.7763568394002505e-15
obr_2017-11,2019-20,13.382469945965628,13.382469945965628,0.0
obr_2017-11,2020-21,12.177481837773929,12.177481837773929,0.0
obr_2017-11,2021-22,13.267815167765534,13.267815167765534,0.0
obr_2018-03,2017-18,-4.722793230517226,-4.722793230517226,0.0
obr_2018-03,2018-19,-2.4434292040791163,-2.4434292040791163,0.0
obr_2018-03,2019-20,-0.8388574128195074,-0.8388574128195074,0.0
obr_2018-03,2020-21,-4.032385927102993,-4.032385927102993,0.0
obr_2018-03,2021-22,-4.077227363968735,-4.077227363968735,0.0
obr_2018-03,2022-23,-4.174907373692989,-4.174907373692989,0.0
obr_2018-10,2018-19,-11.577333015968613,-11.577333015968614,1.7763568394002505e-15
obr_2018-10,2019-20,-2.147911026795274,-2.1479110267952777,3.552713678800501e-15
obr_2018-10,2020-21,-2.0784545305881643,-2.0784545305881643,0.0
obr_2018-10,2021-22,-2.176481786582933,-2.1764817865829347,1.7763568394002505e-15
obr_2018-10,2022-23,-0.5797572806027667,-0.5797572806027667,0.0
obr_2019-03,2018-19,-2.6555233974958874,-2.6555233974958874,0.0
obr_2019-03,2019-20,-2.4193625642593553,-2.4193625642593553,0.0
obr_2019-03,2020-21,-5.500629154005129,-5.500629154005129,0.0
obr_2019-03,2021-22,-6.184370505135739,-6.184370505135739,0.0
obr_2019-03,2022-23,-6.39300959361514,-6.39300959361514,0.0
obr_2019-03,2023-24,-6.299251159704088,-6.299251159704089,8.881784197001252e-16
obr_2020-03,2019-20,-0.1790965531395443,-0.17909655313947803,6.628031457012185e-14
obr_2020-03,2020-21,14.561332077311896,14.561332077311958,6.217248937900877e-14
obr_2020-03,2021-22,29.06338508000124,29.063385080001314,7.460698725481052e-14
obr_2020-03,2022-23,26.04384951514561,26.04384951514536,2.4868995751603507e-13
obr_2020-03,2023-24,26.91584970868073,26.91584970868059,1.4210854715202004e-13
obr_2020-07_fsr,2020-21,317.3766395613993,317.3766395613992,1.1368683772161603e-13
obr_2020-07_fsr,2021-22,89.12960949876275,89.12960949876262,1.2789769243681803e-13
obr_2020-07_fsr,2022-23,69.30653525009818,69.30653525009821,2.842170943040401e-14
obr_2020-07_fsr,2023-24,63.097135450086185,63.09713545008631,1.2789769243681803e-13
obr_2020-07_fsr,2024-25,58.035740809078575,58.03574080907856,1.4210854715202004e-14
obr_2020-11,2020-21,21.395325156644446,21.39532515664432,1.2789769243681803e-13
obr_2020-11,2021-22,8.456343986572165,8.456343986571923,2.4158453015843406e-13
obr_2020-11,2022-23,-26.184160762166712,-26.18416076216683,1.1723955140041653e-13
obr_2020-11,2023-24,-22.92761725388901,-22.92761725388913,1.2079226507921703e-13
obr_2020-11,2024-25,-16.37290996809584,-16.372909968095808,3.197442310920451e-14
obr_2021-03,2020-21,-38.91699338125039,-38.91699338125048,8.526512829121202e-14
obr_2021-03,2021-22,69.70631394044878,69.70631394044887,8.526512829121202e-14
obr_2021-03,2022-23,2.32237698964164,2.322376989641586,5.417888360170764e-14
obr_2021-03,2023-24,-15.053568319115186,-15.053568319114982,2.042810365310288e-13
obr_2021-03,2024-25,-25.134803930246875,-25.13480393024695,7.460698725481052e-14
obr_2021-03,2025-26,-28.15384193367808,-28.15384193367797,1.1013412404281553e-13
obr_2021-10,2021-22,-50.940560074613444,-50.94056007461369,2.4868995751603507e-13
obr_2021-10,2022-23,-23.918624122574514,-23.918624122574542,2.842170943040401e-14
obr_2021-10,2023-24,-23.756955976840295,-23.756955976840295,0.0
obr_2021-10,2024-25,-28.11720426961586,-28.117204269616188,3.268496584496461e-13
obr_2021-10,2025-26,-27.308537784491605,-27.308537784491644,3.907985046680551e-14
obr_2022-03,2021-22,-55.1639015088561,-55.16390150885604,5.684341886080802e-14
obr_2022-03,2022-23,16.138992086955,16.138992086955,0.0
obr_2022-03,2023-24,-11.389302849175806,-11.389302849176039,2.327027459614328e-13
obr_2022-03,2024-25,-9.798771116833422,-9.798771116833457,3.552713678800501e-14
obr_2022-03,2025-26,-11.542835429314152,-11.54283542931397,1.829647544582258e-13
obr_2022-03,2026-27,-12.405196660927537,-12.40519666092769,1.5276668818842154e-13
obr_2022-11,2022-23,77.89322861790069,77.89322861790049,1.9895196601282805e-13
obr_2022-11,2023-24,89.83350614665221,89.83350614665233,1.1368683772161603e-13
obr_2022-11,2024-25,47.803288859836606,47.80328885983659,1.4210854715202004e-14
obr_2022-11,2025-26,42.08799512353481,42.08799512353471,9.947598300641403e-14
obr_2022-11,2026-27,48.7945290378954,48.79452903789547,7.105427357601002e-14
obr_2023-03,2022-23,-24.661514741743673,-24.6615147417439,2.2737367544323206e-13
obr_2023-03,2023-24,-8.462394319282623,-8.46239431928258,4.263256414560601e-14
obr_2023-03,2024-25,1.0713335423436092,1.0713335423434316,1.7763568394002505e-13
obr_2023-03,2025-26,-0.23070658198845706,-0.23070658198826877,1.8829382497642655e-13
obr_2023-03,2026-27,-16.88588906501164,-16.885889065011487,1.5276668818842154e-13
obr_2023-03,2027-28,-19.93948220453757,-19.93948220453786,2.913225216616411e-13
obr_2023-11,2023-24,-7.655797786625968,-7.655797786625968,0.0
obr_2023-11,2024-25,-0.8275896656726616,-0.8275896656726616,0.0
obr_2023-11,2025-26,0.15133623039022837,0.15133623039022837,0.0
obr_2023-11,2026-27,4.9460783225705995,4.9460783225705995,0.0
obr_2023-11,2027-28,-0.19964622713463598,-0.19964622713463598,0.0
obr_2024-03,2023-24,-9.824957126067389,-9.824957126067389,0.0
obr_2024-03,2024-25,2.656255761677471,2.656255761677471,0.0
obr_2024-03,2025-26,0.6466753397366887,0.6466753397366887,0.0
obr_2024-03,2026-27,0.2550542004623253,0.2550542004623253,0.0
obr_2024-03,2027-28,1.5035415953330187,1.5035415953330182,4.440892098500626e-16
obr_2024-03,2028-29,4.430762293482779,4.430762293482779,0.0
obr_2024-10,2024-25,40.26528221017591,40.26528221017591,0.0
obr_2024-10,2025-26,28.094198952984215,28.094198952984215,0.0
obr_2024-10,2026-27,19.799028225401287,19.799028225401287,0.0
obr_2024-10,2027-28,21.6057467949946,21.6057467949946,0.0
obr_2024-10,2028-29,32.471955202609855,32.471955202609855,0.0
obr_2025-03,2024-25,9.837255141964263,9.837255141964548,2.8421709430404007e-13
obr_2025-03,2025-26,12.110989110484681,12.110989110484923,2.4158453015843406e-13
obr_2025-03,2026-27,8.701567168800736,8.701567168801091,3.552713678800501e-13
obr_2025-03,2027-28,7.996619354596305,7.996619354596532,2.2648549702353193e-13
obr_2025-03,2028-29,5.5179661205065855,5.517966120506854,2.682298827494378e-13
obr_2025-03,2029-30,3.458603391673691,3.4586033916738046,1.1368683772161603e-13
obr_2025-11,2025-26,20.58252896781933,20.58252896781933,0.0
obr_2025-11,2026-27,14.934393756421755,14.934393756421755,0.0
obr_2025-11,2027-28,18.30337040001679,18.30337040001679,0.0
obr_2025-11,2028-29,9.514426751914698,9.514426751914698,0.0
obr_2025-11,2029-30,-6.174769287398945,-6.174769287398945,0.0
obr_2026-03,2025-26,-5.53495648514027,-5.53495648514027,0.0
obr_2026-03,2026-27,3.3657935221759203,3.3657935221759203,0.0
obr_2026-03,2027-28,-2.0005202694201785,-2.0005202694201785,0.0
obr_2026-03,2028-29,-0.9234740091376352,-0.9234740091376352,0.0
obr_2026-03,2029-30,-4.4641769556106325,-4.4641769556106325,0.0
obr_2026-03,2030-31,-8.13500420437392,-8.13500420437392,0.0
